"Scenario_1","Scenario_2","Scenario_3","Scenario_4","Scenario_5","Scenario_6","Scenario_7","Scenario_8","Scenario_9","Scenario_10","Scenario_11","Scenario_12","Scenario_13","Scenario_14","Scenario_15","Scenario_16","Scenario_17","Scenario_18","Scenario_19","Scenario_20","Scenario_21","Scenario_22","Scenario_23","Scenario_24","Scenario_25","Scenario_26","Scenario_27","Scenario_28","Scenario_29","Scenario_30","Scenario_31","Scenario_32","Scenario_33","Scenario_34","Scenario_35","Scenario_36","Scenario_37","Scenario_38","Scenario_39","Scenario_40","Scenario_41","Scenario_42","Scenario_43","Scenario_44","Scenario_45","Scenario_46","Scenario_47","Scenario_48","Scenario_49","Scenario_50","Date"
116.741663314145,113.30689596598,120.626196958278,118.419873466543,113.082578681065,119.183479013411,128.118371299341,129.6374736945,118.319943385009,118.76590429843,127.036376136956,119.046303295975,133.757696320058,104.972460860102,111.59756721014,116.211165370083,125.458803281932,118.616712903319,124.647953553243,126.126234410456,117.832078991368,112.563398602276,122.692432913817,120.79491908488,113.394167295045,122.599814005783,124.934488196864,116.289774050505,109.777713546438,116.659610387844,132.722514822023,121.636545654681,125.856949168776,114.504421286975,118.864298218954,113.734333388705,119.625199261385,127.88394919389,129.470684516339,118.742878366745,124.154785964677,124.38707130739,117.103503437218,124.6899418235,107.250403048738,120.469361465042,123.488341757976,116.636066563238,126.302311133561,118.126063964716,2024-10-01 00:00:00
111.618292062791,96.4918792349525,126.923929896852,118.924328041218,107.662340578224,124.2493080166,123.900798854109,129.905210095375,120.325920656186,112.975895464408,126.734000992307,111.303365348635,135.501827477648,97.5573336721617,109.112235749085,108.988996712135,134.561389230718,124.784813075568,121.73768972133,132.638732062995,108.028799978683,103.046211275862,118.193514036913,120.924761733281,110.975363164575,108.044997737029,132.213715722023,102.92265531569,114.770003428536,116.382641637479,139.201984419526,119.895428457937,121.236518415731,106.363934519843,123.258582741793,107.240962405366,106.083308356313,132.655816432899,116.747285184738,116.747714587806,114.123420670761,118.905425753116,123.004062179442,121.629656739158,108.751226386359,114.447714249489,116.476712425069,112.390791201882,132.25396499567,119.490108094267,2024-10-01 01:00:00
122.750075580308,101.114581156415,123.15226751456,111.69330256082,112.476030376539,126.377853303592,133.517638196845,128.973274526156,107.3125524541,113.206434192978,127.931626046862,109.784201347686,144.824463719596,91.0557671380925,110.686460453773,115.843147528931,139.054120068664,130.028022917378,123.183750178215,135.366345233366,105.025553066389,102.554349789766,110.930864666561,117.970848186606,111.119836459809,104.981276750454,126.6475197017,109.352028843343,100.474480767476,115.201195645829,148.886593611251,121.24898311828,112.879346574375,99.6358490017084,123.628496693756,104.24413355428,94.0578353547533,136.438280656276,110.292108725144,116.717416751035,118.997110887122,117.528484479192,121.843343947599,121.981802800654,94.0688216871104,107.799015523421,117.576115586667,104.7136146119,126.061026893854,125.306746138853,2024-10-01 02:00:00
121.270445268869,86.5978743909845,123.888534172687,106.365967574975,115.969668493171,120.154711559593,129.185862144012,130.492042883541,90.0854288208159,113.034849144769,122.753968147344,106.055606047865,148.354461668848,87.6571997467021,104.987580937536,120.490488822191,142.696387148949,130.170652776051,118.783755718993,134.623389430906,107.720823041602,92.3103398311356,107.857151894036,116.041669224081,125.401787388074,93.078983158007,120.56545094294,109.91864740092,94.1341271292359,110.094422376825,148.050939098752,117.038859078281,105.829951759555,103.988592767299,130.571396260659,113.74572134712,87.4148368627114,136.517861846773,116.469246200718,108.682005213813,126.463777518048,104.945757764728,108.566927725069,112.908259610107,99.8334186344234,93.3578704884493,112.788143667698,102.328316767641,113.132270344705,114.249262268705,2024-10-01 03:00:00
119.969422577122,83.2419853065288,125.054448594492,106.373635934073,112.16377505865,122.702226291207,119.788883958249,123.518199347785,88.1680354449022,116.454011168715,112.393531645448,107.224740311275,148.636338246594,81.3833003268258,99.1403871847784,124.089577220947,124.816159405663,137.943979496969,113.240904860146,138.96462504282,107.573720172842,89.1209764769775,103.88808461724,109.095849713837,128.556194815441,83.6303066544187,121.984483296582,96.6126999051294,90.1897235838095,91.7122845539808,145.151883855553,118.021489195318,127.620035686974,106.941554808437,139.969665823852,110.264482902578,98.1833153468002,143.967905000098,118.571684093768,114.522826018956,129.044925622115,111.244784022596,106.37042102905,96.999665279529,94.2488992495369,91.8705521451853,108.42447310724,111.660365307536,110.344825177535,113.458967165089,2024-10-01 04:00:00
134.155672591985,88.9867644436455,118.909398294533,106.052292370942,113.210604119715,131.684645831504,123.879312353565,127.234892072457,91.8853857560756,126.275019012418,112.58705452132,107.797703782378,153.40652888178,79.8723788833235,106.264364820105,132.774558716769,116.256034958647,150.976840991749,109.379175227034,134.607730158395,96.3541020172495,96.2132702134451,93.0021268607597,97.5195504321691,138.661751145542,87.489401212517,116.273411653482,99.9176165394601,95.0313701241493,88.882734912283,146.42492464379,114.983023092359,117.754455657945,124.172699556925,147.695196934992,105.245607885502,96.5816663084925,153.571516421732,116.837449142197,123.559105501718,137.83207282713,110.354512462311,103.062117559664,91.3893427373463,100.429880348582,96.8950679696715,113.605423283956,103.606246878178,129.260764093795,113.291052979066,2024-10-01 05:00:00
142.890223297031,99.6538886651379,112.234301291012,112.962453284208,118.135528095682,136.841349388796,134.035527988712,134.256539793034,107.790943186514,127.208270828284,112.492353029872,121.345607873969,165.978896499461,89.6024025852659,97.4776926972454,152.20750655445,124.375560198468,158.360054513228,115.451666759518,133.491596124686,116.011142111372,112.35190942609,101.122833059022,111.907598823726,152.793641156581,90.4733144716362,122.618164524107,106.167343838748,95.6713029933746,85.2875590467203,148.497723752909,122.22990615332,124.32363238336,137.527867032564,158.024160547524,106.607073782,100.1283854587,153.088527575251,126.436876988866,141.133691361298,153.160856716076,124.388831803025,115.735527985589,90.7192364930645,109.785816303677,104.924915680143,130.528362064648,91.3704545830839,133.581489592592,111.038458391296,2024-10-01 06:00:00
148.850674535697,118.020562865447,113.452694883854,124.008964513486,133.549533999976,133.790167359541,139.115427215055,133.329522108069,123.678980996092,141.35098348654,128.637341503109,129.978116570137,185.378756521881,111.74089867924,122.313324226111,181.883847989335,124.246299687886,171.812726397955,124.913257697779,147.456787418994,129.498546615694,112.027661357523,126.944861211036,132.58841871334,166.615777488516,110.031633186503,124.771513646585,128.652868339102,108.754216524763,104.380600526704,169.456357511991,133.290716716669,140.950259587183,155.410509122275,169.324959629358,125.762701340578,118.768385694934,165.566447512043,147.359121946739,160.020775543616,163.103520097681,148.33110491379,137.837756989297,100.327125457606,136.093265171601,118.015082708384,137.548866975924,117.085136643184,148.04277255994,122.350929576175,2024-10-01 07:00:00
149.184067390718,118.177605785214,122.545007363462,131.606946513252,148.575649845949,148.492115679603,132.930642755352,149.813965887719,132.150534621144,151.538120567196,134.431976242458,134.116508452139,191.115982431759,114.820126603254,129.676278033308,184.246687747483,126.636307757734,175.038719062227,132.905800650477,162.312647448264,141.714592525803,107.48770365579,137.601669241575,135.623024025697,170.943723917964,132.419942116857,126.814489429977,124.749884316264,123.418576616259,110.709913303338,172.089233848064,140.383720514282,145.025448123959,161.594451751661,177.054449125698,130.779376979168,134.941309972516,170.974653944009,149.962873069106,171.245560991012,164.544382500224,155.29570543826,143.48614712285,99.888440499919,154.43293883002,122.958404227496,137.469917409724,119.743106407133,158.661532492948,129.256655802704,2024-10-01 08:00:00
125.107782813433,101.374139416869,98.9603362117764,108.593894062495,122.964091503529,123.479400178965,110.550731126889,120.925787598157,111.853559406854,126.744304438683,109.261378482852,96.3719817269084,184.524109340036,93.2521418246337,112.032795711548,154.934914440917,98.9251719514684,156.33659059698,110.299068741801,146.214307070149,122.93114350225,86.4792684981861,121.995303123753,105.372858863071,140.896389499054,119.872228549748,96.4352858226596,86.9954145755752,94.3956524053567,79.4450843993681,152.908826384095,116.055940228418,130.700241859627,151.289179769893,161.731268635512,104.898971647538,113.501635049826,147.277030550069,133.300872594465,162.012261431105,141.798938799486,137.117612387237,118.995229437012,71.0438949503315,127.880796524232,100.410918048239,103.05621190071,109.605650491502,135.534964191674,100.739434820157,2024-10-01 09:00:00
116.243606009853,96.1498239276657,93.6538805617192,88.6998112836503,103.016721413328,101.865790515809,95.5122689255873,80.1316853418017,98.6846639609557,112.372235742774,94.8632377699632,78.4577835525219,165.102612025726,54.6702910755224,93.6666771408399,142.762490205149,81.9090148489204,138.745324631933,72.0394266931637,135.628871200688,99.8516897339622,86.364412847893,108.496495420239,72.4005058449091,128.44305179037,93.6794409006961,66.264024228079,63.7957778006517,54.5170611120483,64.1101687131801,140.366585227007,113.903217643775,116.85594633009,145.306688075665,145.393746166724,74.2889190309712,93.2358695861478,139.469406809086,122.078204285351,135.333194147386,125.409063125331,123.88910634736,101.49236996994,47.7309010812963,109.221931322184,89.2654992241207,88.602189331382,88.1331323961238,112.878308015768,82.2475653451185,2024-10-01 10:00:00
110.996749479943,94.2235507056062,89.9096823934138,60.646945276268,94.9258961434977,105.993716382632,65.0379639711231,69.5205443595723,97.1418819546406,116.823589169319,97.289877936979,70.5260349986167,149.402924722566,28.997349568773,83.3712292841696,130.746624686145,72.4094026395434,121.325169104854,21.9576310754866,143.141505472162,88.3535913964649,66.7461557906718,101.273479785592,56.2947606646538,128.014236575058,92.2003311039743,57.6850391513105,60.5013706194393,57.1637617294616,14.1768390166672,135.248363127832,106.716142875106,106.615904292435,137.314946224568,133.718939234188,64.4744605154229,82.2168808277819,126.836359130883,102.8361402107,123.51792749755,123.999940906804,122.074965403037,90.1584994723489,41.3801528554844,100.907698330455,88.4969695781708,77.8817857654274,71.3877108447569,116.122337384368,70.4041653667473,2024-10-01 11:00:00
108.584016447644,71.8410703185817,90.6692846134447,44.3061873817798,77.7052775997914,85.6864427791167,36.6232485907373,63.9192056764085,80.5546485093828,102.346813008602,92.7352450622801,70.5650927945867,160.284242209564,23.4513006882294,75.4897473031359,128.084161671366,74.2527226032574,113.743671979817,-37.0182030436736,130.523663631383,96.6281553651898,47.3152388768293,94.7885483832847,54.0926244220549,117.239786251736,86.5559089975179,45.1279674901617,53.193599615205,55.895877741852,-23.333143555639,132.893109040476,96.9158692064497,100.958288253256,117.987558617502,117.474928791793,57.1093170714323,78.9449841729746,114.459419267597,91.2638921755811,110.907472907884,119.785866671089,112.086268960157,79.2237076785701,25.1152519975033,78.7992273128021,93.3014984345303,58.8449157004224,61.8325503609609,108.698863023095,57.0102517483694,2024-10-01 12:00:00
108.114759036578,81.2972864748246,100.185030152029,20.3857099798073,66.6864348496214,73.0389929019714,37.822188061762,61.657023074183,71.7286702394733,105.252361924817,94.9387611432989,55.6388408265731,154.861050991965,10.513103653964,67.5747382060102,119.226319583508,66.8320170656468,107.241526739255,-54.322688643459,127.601755380621,96.8404554906277,62.1626937338376,82.4807036894211,59.0646463499663,107.826663563249,83.4398435802188,40.1885381260315,34.2620682222046,46.3790418481026,-12.8467419694491,126.630083488695,101.460525628231,105.538377453471,105.451868421912,110.004936372851,55.6941184818932,84.0325001516069,125.673684202633,97.6133319644823,115.021296609689,120.805332099931,118.843239543742,86.4720951049671,38.6875609372319,76.100423752795,86.792086791779,73.1220528381312,54.3111869142228,115.93138381982,42.9522357421659,2024-10-01 13:00:00
101.322024652299,79.4264636198247,93.811231759021,-30.4063436907101,65.4107006906002,63.0869965462807,45.0946259820564,59.8180876697361,77.3385010578171,103.229899097626,84.4183535097164,44.1371215516604,161.737440593172,17.6810981562999,74.1782131185898,119.699062120554,63.6241061324634,104.179022642175,-63.8695487770155,112.476102427689,102.276478422617,43.1777609038261,70.4557461722001,55.4276520498169,112.05329881687,85.0500262787571,19.4541916114047,39.5922370853651,29.9798547796398,-21.6158266681555,124.500643612353,99.75794935464,91.3615235755108,94.6923344326557,99.7652178483143,52.4492932095887,68.5395901821105,130.492610929911,90.9045797068603,101.111031810806,118.375111556205,121.521505828126,79.4459799417432,5.01271275976388,73.7063679781837,86.9584322384621,74.0278763975728,48.4825982730647,112.21225646317,42.7786227585106,2024-10-01 14:00:00
112.444182199508,80.5265919220405,95.378795686867,-40.9634899433856,67.0182568059097,45.2627081254103,37.2902031840013,43.7028541223162,53.8854469894607,92.5122097814528,80.3096785695172,24.5952922048567,165.950497297404,-22.3908219203395,72.7601347179968,109.771005714805,48.131395194957,96.9577189236221,-62.8334887791493,104.836721930062,107.025453599126,53.4493085775844,68.5933587595211,46.3900621579864,116.380657406073,79.5077753903256,16.6217747478782,72.1173507824496,-33.5153449334404,-18.117473324449,115.721400504204,113.958049611676,90.8856746973675,90.3239526663531,83.1924726586322,47.3173252960047,68.960728892411,121.147350963205,88.166769569286,86.6506232100879,106.182344862848,125.073895988855,74.4510562872901,-31.2374172259715,64.0928191515949,74.7320775919331,78.2063883073871,35.9167845181894,111.902654240318,33.9300493397384,2024-10-01 15:00:00
118.569281201462,88.911642568839,104.460415990825,-40.039673377396,79.8658922897511,59.8705706677487,54.0131645767667,52.6686477359945,21.2928114650521,96.7488038157131,83.3590529737065,25.4874132138826,164.472541151642,6.95811720818187,63.3975415693489,124.298754921214,56.623983234143,90.3832362386966,-72.551163021054,100.853396123481,100.523625080747,43.8891066311785,53.2805883631953,64.7942601812447,114.114983635475,78.2746981296573,21.4687517605763,63.9583461458057,-14.5713924118134,18.1664217325934,114.650195342317,103.155131454285,79.2278876706064,99.9545445964423,75.2324220583228,62.2090617930728,74.847440654125,109.477570982036,84.5719662684695,87.7935739986277,101.8962747814,123.034567207679,82.0832883097499,-30.8696675486497,67.5403995643718,73.1244752420861,84.6480365416208,55.462618555015,119.780516699728,28.5146292601909,2024-10-01 16:00:00
112.139072634691,96.6837087024167,122.390350224665,-18.7497102430295,85.8623848544463,82.7001731474989,60.2804366815626,77.7978208106606,39.3186652470784,104.944929301432,95.845117516384,31.2404742216669,171.211552950211,41.3205901985914,77.193657655072,127.03679930626,56.8738918067368,95.8626684982647,-81.7497978173553,113.97508685255,104.458958956769,25.8899225500295,63.8450037507075,74.5322736281135,116.855541651994,82.5549129133937,29.8744540055368,78.0160269368914,11.0970403670071,45.2944557611419,134.703238727345,102.458098763839,93.2307865327334,109.713349260206,81.5971801281116,76.5468529691878,76.6935815612863,113.263819249491,94.0136614274266,96.9656345813404,97.4760353009114,131.860374446836,86.0854599523087,10.2255795679858,68.8271273878246,95.8761616727537,89.393219153888,70.6378447534662,131.797445349225,37.2715412066905,2024-10-01 17:00:00
132.895395200291,114.164971680863,143.558247384691,49.8529500241023,114.879516753996,105.740508952427,80.0336021639175,90.9729684586438,66.1805306484559,114.826911051899,116.88439224306,55.3774170924542,182.233809687066,68.4529387157719,90.3070317656636,148.413774934486,84.4492125160873,116.432858683466,-56.9701502387143,127.092357816787,119.973778292159,49.5896300037314,81.4388773349504,94.7393036811245,129.741937057533,102.784467803966,48.8111534063642,101.581187982721,14.5698825410476,75.5368180305305,148.869011327879,127.443693018388,108.281265572207,116.178752459785,96.5030850139901,98.7009403540806,89.1995976615759,123.860103488335,116.164532804739,120.381799736215,121.976643221326,146.663887996071,98.9337080005524,34.9119074435528,86.4844358633088,112.54308867575,109.978838052189,107.808468324202,147.16323681922,54.5724382110513,2024-10-01 18:00:00
153.164974086952,144.795283268486,167.733750292622,88.4571384831799,134.307861743035,128.118699714969,118.743668095898,119.692851126713,94.1576299763794,138.859262294494,141.892271672793,97.9337656723756,202.043618555896,98.6553123707888,100.8355170194,165.600674239281,131.790200063546,138.057926436429,12.1202061996554,146.753794177417,136.638628882993,95.5502384376744,121.292991839872,117.368259370106,161.33506100708,121.509468574119,88.2204195814088,116.93809281976,64.2173699910619,109.640914785414,164.748851892908,148.638788152678,136.489723409824,141.168294004771,128.677529045736,131.188151158472,131.539791543759,147.825810473281,136.214424198451,142.309325931865,138.995628682438,169.04156231053,129.313400382626,80.0645109569666,114.666608761499,135.160436372337,141.923292085621,129.001121329551,170.784541507386,82.7286152624184,2024-10-01 19:00:00
169.503053941766,172.900492599415,185.084319021287,125.026063557432,148.211094091563,150.313256860966,144.335225047302,144.195054516599,128.751830692479,166.582228564318,168.136811699471,138.588170171719,219.589197108503,132.678374966567,127.651432181134,188.778206709312,156.466646658217,153.387203987378,56.1873776843599,169.92612322077,155.810516553928,125.353234361538,155.572059354319,145.279760754115,184.369025287853,151.420793091042,119.423490716015,152.756516157904,102.467029889052,123.275974774921,186.00218316242,181.627602262146,160.880304183367,169.92200255455,160.252498532858,161.394255851214,157.708197016678,179.201888097063,156.958534710418,172.86850996932,157.297765358002,197.360711548298,148.294915957476,113.762188985399,137.718722570658,165.541587722378,168.338277276103,159.70148449229,196.06351290969,115.181644160736,2024-10-01 20:00:00
170.971941499395,181.032642229418,191.237195787935,125.058136576953,138.930464151931,149.711490228905,147.276326195828,146.391072037092,139.93992658402,168.171982644813,165.714159585483,129.545989005786,216.365858246272,134.725364593483,130.319181255465,189.745744872185,162.530307211107,160.382629818149,63.07263846436,178.038242513771,168.844568417764,127.626098136335,155.568752597546,152.800389340199,189.34137175565,159.182538091037,115.789827536453,153.696210002972,106.327968143664,126.219874159796,182.665242776744,195.609535692118,169.476765630591,171.274531068245,155.253118567296,163.676370395106,154.561796225353,183.408021457478,158.838271386358,161.239842422219,166.691432977486,194.068175987133,154.766482212548,124.306665885863,152.347697361647,167.327359673964,166.16772134095,162.016586807224,191.378970688974,119.331022848577,2024-10-01 21:00:00
142.150348223959,173.770767233037,173.784401355952,94.8974392668931,120.573414313271,121.695279850863,116.684644188255,128.759968503681,121.898669419095,156.629890230375,143.892749824353,91.0670095215633,200.474081462227,110.540568045165,107.094129487931,171.924181495094,147.44656612116,131.302145671203,3.6550758444493,166.733138467768,149.319690201713,103.759626566777,134.939301213368,132.501351699777,170.107744381833,135.749979871635,98.5076211303786,117.504987216161,79.2715769440464,102.117642715406,166.601656523154,182.657245814828,161.85450167953,151.302701240757,128.847279826938,133.541091998221,135.720690960521,160.203033052851,128.147963959938,143.080384281645,141.885137160438,177.94737759903,146.496376384827,99.7633368659024,121.142868148493,147.450422508532,151.718762939824,143.627473090935,186.053858182403,98.0058772178714,2024-10-01 22:00:00
132.244164625101,173.726781637475,172.887255062,97.7797077749854,118.412336716797,119.768389653957,111.300469495089,125.710865424681,115.583420153895,162.091146957324,128.694181595835,94.8049655641223,195.237302972961,96.7536898753757,111.925300547997,176.038549782453,145.987439018831,109.467771213616,23.221551477631,160.281657814892,145.944036130353,96.7235179328272,119.018753898739,130.665627577473,174.527504961106,134.350506108882,88.8518883753221,106.250710512578,72.2646328353493,95.3256366726528,164.432611750339,177.144512585693,148.660783945521,150.019951537739,127.24050996285,123.957920907792,136.942844974354,155.469905006382,127.152653391813,135.639102503013,136.318105397032,179.239342037193,134.313688133388,100.406145896565,129.527570832887,142.70489270107,144.429743071745,140.231191069875,176.645281630423,94.3851628396894,2024-10-01 23:00:00
121.898081893536,168.997164468645,171.246249918498,91.3481298603099,109.584832853537,120.608918245236,103.022674895506,135.437303162812,109.031564185776,152.62117675426,130.245727251256,89.0320383869183,192.172653783726,79.7414282124446,111.138714936114,180.506581000243,150.328950589803,101.872833857712,7.97558112711517,159.472145892708,150.043999958741,106.402256078117,103.788553717369,134.32119439589,159.609748864029,129.215170635035,92.1843700780185,91.0043147393161,72.1134255730419,72.1893167805645,155.578545680559,164.564807991612,143.25470597036,138.600735420681,129.94034635007,109.596410095905,135.76327235927,150.671674413364,123.418112297305,122.240403004318,129.208989783202,164.836129425589,116.179306764964,97.9446702029623,129.485232936324,141.210148095034,145.923077727754,137.213185068623,173.012780482745,85.5704654442457,2024-10-02 00:00:00
105.472077051443,150.493980162508,168.83474255478,73.389224006261,103.502001275825,115.916162995982,83.6562909684391,131.340223381827,108.924494907612,157.097242792782,132.921865116456,74.7228359383641,188.58899600686,77.93029527332,101.953485646171,178.881958306172,144.198961441778,98.6869609070392,-33.5753169176749,151.240162242181,153.455188055308,107.29874728739,105.321852698131,135.819070884725,158.110647730418,127.575170424361,92.5279994641267,93.4963955720729,73.9048126680659,57.4551229925578,155.731065803174,164.041156168762,157.73622779403,133.424375467275,123.930723088388,89.7507381610984,127.136375127824,140.822541290131,121.287839424656,108.197637956,115.752164543933,164.128906096494,118.972878694371,104.45898314963,127.954546719505,146.661104822933,133.040809812965,134.573181571232,177.549585233473,78.7872724244509,2024-10-02 01:00:00
112.31125382958,165.432312936948,166.523196263228,60.397527390128,114.419679924543,116.962703753423,75.9127386250415,138.899384286564,87.6008413002969,164.106195071485,131.148937599165,78.37026335814,190.975005581601,68.9291874785194,104.69188283163,172.349949426138,131.436011999932,98.2264055003892,-22.7046573946278,140.387939979983,149.769147221693,107.586192060151,103.370997033748,128.520726707034,158.951450461674,135.576062923507,81.0362158382853,78.1354604033595,75.0380956263817,46.1562351445807,155.457671394553,156.460108948421,152.687767431438,122.752294136352,124.252336854743,77.5491412102729,120.087946412552,134.53871597811,122.370701827671,116.888506318851,111.573214946114,171.183814137237,122.606870463451,96.2938618002781,121.942507053172,142.999634442103,132.38449602548,138.815985770882,179.173764766406,72.4292076191061,2024-10-02 02:00:00
112.284587943245,160.374068401379,169.426331191234,66.7613745278212,123.073571273525,96.5159443179813,70.3177842567575,135.925418745756,71.575852503973,158.970633331524,139.955860318578,65.2740636022336,185.496085917172,62.6226624046893,102.919146980613,167.69304104469,134.375634422712,70.4101904724462,-10.9844906358267,142.760053035602,146.843505453992,95.7949160152651,93.3322929323523,121.413840143546,165.510950273593,121.18106968925,62.5549440795534,80.5070112020683,67.9160449355901,52.2509469071788,156.899753267959,149.758046550465,146.496175768239,122.096760736729,122.287929767087,95.0452493952379,108.870053727502,133.528343141383,115.726841315898,110.750835749227,115.727802169424,170.169099026007,120.199379015631,94.9991172132211,115.403282897994,139.114796192497,135.366297669031,128.853613174266,174.664553672784,64.9113106084018,2024-10-02 03:00:00
101.522126579649,171.318810273385,169.696028882469,59.1387667511987,113.539376389723,94.8473635617244,66.9292620044881,130.619929873076,76.7143246088934,167.477568318479,133.270500286931,61.0483294761102,185.75366395885,69.4949607084064,103.458786664597,178.288492554195,128.298128522323,61.6410809694273,10.0448729135079,128.666234854129,134.805493321559,89.7140909988703,93.9165463522869,113.75948820277,167.700301106428,115.21881881535,46.7774396765804,87.0017490748539,58.1596863441257,42.3768809779055,156.819849092462,150.550543729623,148.047034637145,121.287422731006,116.318116538461,92.0428497587177,106.314831536292,140.552502841327,106.939148270319,111.429583306947,119.264053127174,171.257169228343,123.457469461167,94.1068248679344,115.679162624446,139.538188080109,131.572817465504,131.442161531429,172.629393001228,57.052278709316,2024-10-02 04:00:00
115.246199739384,176.727555620809,164.393573566005,63.1607156533067,104.339195896301,92.3930019188344,79.3384750868408,130.776538866234,81.2557681621087,180.22883905143,141.989320885689,66.9810024827128,185.11934514691,72.5729871667453,103.678307279127,182.192262735443,124.080202587934,37.7833713305158,26.5339652724726,132.505867489141,121.955716255876,81.8150338950946,95.5385312492034,108.574476416862,162.975006748031,120.642832091988,45.9784276508933,100.950105397963,70.7855970259843,51.3726974328303,146.02841022717,156.922037660983,155.27732370479,124.79727519431,121.036394187298,91.0941691809406,97.1839417866223,139.66515393307,106.646098568441,120.141928107419,121.937820507421,171.943369473305,122.306207006155,84.2250400871039,122.150222338289,142.442054425036,133.975974899151,148.900022825904,180.08126218574,43.2606845148879,2024-10-02 05:00:00
124.951130655395,189.141826851604,164.619424986322,71.5045711165756,117.22820238963,105.697503172718,87.9375242364675,137.516328863502,79.003262350018,187.111729113014,150.712259417589,82.9431726414613,189.185084047033,84.1306017451202,100.415271827996,186.361161996819,131.018469583582,33.4344239492152,15.6727333381536,140.957398929776,137.126461089455,83.4219052854231,101.533730890877,128.368650150274,162.964448860098,118.211070121188,55.9756699903213,98.7301328475957,78.2586759839081,59.5477381966122,137.813123925549,163.473200614048,154.11978841332,139.772995938143,134.383341719338,90.8151486082171,117.064466591946,146.964296862572,105.917195739826,127.740470434573,136.032023089602,175.925428600639,128.838616209542,91.5832088759156,128.116427032756,149.928623123992,133.146976050953,150.438953963741,179.370422546414,51.5320408780425,2024-10-02 06:00:00
133.219387579826,199.947510717894,165.036735197409,81.8700660295049,134.363893648289,124.138420278124,98.8422276312537,149.223532529491,103.934205502621,201.864700480964,174.442704011728,102.091842531135,198.241605131305,108.318295158233,123.331799997332,202.776533835127,132.852677090666,61.9027406283995,44.5997497779257,154.123121347495,150.525951603023,88.7869638273023,120.648313488492,138.609691703323,171.195513249036,127.576763387967,61.4554492372959,125.892027918555,91.162017039757,68.6727362998371,152.29668268997,177.517011320293,160.171849937101,165.377035136383,140.552309707253,94.4669056190599,121.367215839163,164.939536619686,115.355784040181,141.492471339342,142.82198336856,195.363034956554,141.427365064032,100.264988882576,150.210915386457,165.536107297665,143.108932250135,169.60768459078,178.623553594675,62.276992339543,2024-10-02 07:00:00
141.329090057075,203.591922733601,162.61755337746,84.0066800396735,136.498088352553,114.474859801285,108.232004458418,155.638087575905,113.022273552982,200.434515461241,185.387929058024,109.677035649756,201.26232145316,109.747292299581,128.384034147857,197.586186187989,127.631712650243,76.8124033228045,38.1446348871692,159.625960106567,156.375585009579,81.8767826289569,119.952765102128,140.83222285778,171.583843686339,133.109712109768,63.7642305648999,138.709929980033,100.706129519037,71.0329963424285,158.09392517833,186.693065814279,158.93311148369,168.812783705545,146.498798244224,97.1484007098141,123.262869013529,173.506007559742,125.531331984398,151.830517150252,140.596407736128,194.702547446719,145.563312135231,107.176156257555,161.919716197931,171.392384584171,145.485642093524,173.514128921578,178.204355054954,57.7974636136656,2024-10-02 08:00:00
129.430836278898,192.662072443113,145.741536414309,63.1996216923983,120.392340636213,100.130802196144,106.969115771602,141.490532713265,88.2298667519647,195.191672948695,174.177286007874,89.1209655621161,192.329004852161,87.2704471780373,115.760358860398,178.206984722027,115.926791398229,54.7937471877442,-23.3169215480773,145.216910729428,133.002985110017,49.9219602648991,97.7318962771024,126.119575469555,159.481108227939,124.994560736312,47.4661354246373,125.689940259411,72.7529956849077,44.835259765159,129.344906113411,181.979517450951,146.470692783911,156.441077490066,138.130753251095,76.3074968616733,113.355412290011,164.837522928684,116.157996500634,136.861626226204,123.224782086847,192.825188863928,142.347968777182,89.4282597678912,145.238138672214,148.701177885427,118.369805029496,158.847850696441,165.345813298036,-21.2922314608234,2024-10-02 09:00:00
121.87301249511,181.242651691466,121.954056444888,41.1752919113378,88.0080656967505,77.0600842925599,90.667888507473,117.102415074473,70.3658876203029,181.205101637437,165.898284851549,79.0675676222502,173.982930498361,73.503960800649,94.7925389327396,161.483899812596,109.247435764269,7.09173468887691,-57.0116815832173,127.025941075614,110.251849483501,25.2734649146963,74.7284312421678,105.34534962134,153.306023381212,108.424764453105,9.36531987953076,116.029648881736,60.0944327291276,-16.7337470199609,107.411153692958,174.032446977701,125.379006434011,152.76057249816,114.319204847397,53.8865052719217,99.9869879081679,157.81537991577,114.890550753982,125.966380570608,107.239200495174,183.575582598653,128.557985372735,67.1582151842113,131.428518450282,137.223318460957,100.392763042103,145.135997412657,152.7324798045,-35.7429734225152,2024-10-02 10:00:00
120.221865530533,176.120702382004,102.583562762951,37.5363773569322,72.1438407911618,68.4349248041171,86.6282972537502,107.320577866139,62.8937929154196,174.720907014326,164.691833939914,67.2886591050308,162.389119923602,43.3607685425391,59.9288912899528,137.920664386768,99.9786387421342,-23.7392028216783,-74.8220274625867,116.046285338204,101.140180635363,20.9747288998234,61.5433905715928,106.387256934743,146.232917596544,88.277286731952,-21.146584040289,97.0653005926829,37.8934743066173,-36.9711313466542,96.6831764066576,166.58364147932,124.211295677632,139.907994481887,108.553923071054,50.0586597178487,74.7630871694601,150.322556827691,107.107034448479,114.465809439792,92.6476092273431,178.754882110214,105.842698389392,47.7947999834872,121.757494520274,140.877319064973,104.431801336634,130.373844532349,158.310847192688,-22.6181483387449,2024-10-02 11:00:00
120.599743214025,175.713769048258,107.527992943696,24.3034156581473,68.1961379133911,67.8651583368921,83.1165655548196,108.096168797788,50.3544276335754,173.03951009059,166.657771021594,50.9522912360447,161.449190678633,39.9617905776112,46.7699978310537,136.98943171364,106.518465042267,-31.0915608057509,-89.7228571890586,115.032769839185,98.1419958606082,31.07224905384,59.1773667654946,93.0529523413471,135.174782824821,88.2599713635475,-24.4526562481462,88.878845258625,31.1252371547605,-31.2267060865493,101.065509562617,168.661931600247,116.799760065932,128.713285862994,96.5393393500652,42.1812105328848,57.5520716514615,141.738787585531,100.41632797829,101.217427723924,93.2900104181948,172.28522724233,103.824133218418,25.256141594777,124.989879433009,145.462690438364,82.078578999825,131.24267754033,154.7351424936,-39.0673125741224,2024-10-02 12:00:00
119.019884002689,175.484440810278,104.60751524489,-18.2718257023013,63.0300394838819,69.6297466879435,80.6850124017498,114.163147075049,43.3381055309777,172.977007127669,170.553465970905,49.6120870434116,149.471744494019,38.7486266292735,44.653124538737,130.988791081262,109.643730057327,-32.3177891715082,-99.6869738176506,113.215172238892,103.216514975206,29.1157803378182,56.6123981132334,101.055889632341,141.09419943467,87.0145901910426,8.94800099465082,86.7280672796597,31.211618083769,2.42051146988345,113.202789853591,168.863117908224,107.764059007707,120.689682153079,77.5393662059346,32.4688376278624,30.9909293403329,136.08406212317,99.1552725377504,82.8950041829386,80.6004463682956,175.490850861136,104.948148841797,32.2420580653961,102.644694450714,133.47675346403,66.2386198448809,134.362696127477,161.538481553829,-70.4559049598848,2024-10-02 13:00:00
113.915044676947,161.884686554764,86.2949009238722,-26.8825319422428,47.0394554412606,57.6857580667745,62.7411566350151,115.243748794701,40.9933444645884,181.211420800424,174.816746482444,49.4406811880725,148.669863524855,55.0007109473995,65.6162056966997,130.710341254715,109.405801766576,-52.0413363126881,-108.118289251963,84.9688781214782,111.576280882692,41.3169728452361,19.8300270531872,106.375063929863,151.607577956902,83.4366970675451,-39.4747113613585,98.1400550511469,35.5373705083109,37.2151729734437,93.7517465539342,162.199716727529,94.7797375099454,112.351250155324,79.498517440102,38.4043365216685,49.2133190144449,136.738054233864,95.1634496697693,77.4388529847295,73.0569891501989,168.4227656616,95.2746951828074,-15.3349543307316,97.8002178233168,133.298253518894,78.2794909688882,143.731552072035,154.363430623331,-70.5393532813485,2024-10-02 14:00:00
111.986812826326,159.203085993545,83.5010302939298,-21.674220318301,55.4098072175973,53.8966176875639,47.009903772218,116.212777994619,39.3190935843005,174.432823470853,172.350719239275,54.2582645059547,158.678628751832,48.535985271575,63.9834796695698,133.312385265713,91.7067305287708,-65.7688171355505,-100.986699885233,64.9761710314208,121.259168143475,55.7167639692177,10.3992378408099,119.42882807832,151.497551095101,81.1990400315365,-58.4504001210282,102.540359530685,37.3022003948976,23.2585295251714,85.9563893025852,165.485916218979,82.9220030691725,115.720036561296,77.6020875441607,38.1876191346189,58.9308321345111,146.207732128357,78.0020301840316,86.1723284633831,55.215217779472,173.48110645562,86.2035107622124,-29.5586186320539,96.1935157616096,121.053335457245,71.8858577147573,139.143602983485,149.49851787573,-55.9625248553183,2024-10-02 15:00:00
109.395032738898,164.871443884903,97.9091924089368,35.7267665187643,72.6823014126875,54.6202386733786,46.6349770413959,124.747294131894,47.1459348739355,172.459083287102,183.435531091655,45.5206164890682,157.427336095222,53.7861507475816,36.5081549263818,137.081492322992,102.35823040347,-68.1986799423292,-111.298469763826,74.0571559682009,119.396258743757,69.7621415827502,16.5824816018427,123.564907232985,147.981233635618,82.8335683463399,-73.2097622476516,103.648460769237,40.5393650704754,18.7653446310537,99.9902015226888,164.449319839242,60.9180596628002,116.020388876093,67.6554029571816,32.279089723905,58.2493722949874,146.255970724942,74.9068581116999,94.4198229103452,41.3461280973729,170.811150435372,93.7364502002759,-5.47747901074528,107.098294478188,116.379852008516,85.8648884968702,139.835140539623,156.108585997004,-62.1969301915826,2024-10-02 16:00:00
111.401705436024,173.881141417439,112.928014068274,44.3233227165714,71.9538352093159,78.3223547497906,42.822066941175,137.54417080441,63.8385536417018,179.575757994406,189.803502799914,57.2554485545734,162.699418579036,53.6538941071763,43.0741043126454,148.632023053592,120.619269383095,-55.5654341569645,-121.188609904566,84.1960055181353,127.711211635523,85.3019038650604,39.6970877984424,130.993331393516,148.717725772044,95.5991002793743,-76.626138205099,108.04565313352,37.1412884576772,27.7370919789986,112.716263034005,165.420941845402,74.0720605695619,113.049808933156,74.054735797595,41.3645125946206,67.2171320065741,154.759783853529,90.7037916269167,99.423546610208,16.4044827513404,181.762187906748,95.8656689731216,-6.05561948960703,109.451509715393,122.565699351558,116.077765192917,143.915049494802,155.355516668781,-39.0110173407125,2024-10-02 17:00:00
118.066465267305,188.794611710555,131.397880093288,64.519498537056,90.447206527166,84.487153411336,52.169018151042,148.064695390116,97.0838059953294,192.534241445513,193.859408359661,72.8016226039502,167.88940428763,69.7435709153908,53.219305557524,157.113003084107,136.505118825912,-12.2460013585935,-100.93305359101,111.287273637929,144.42893560327,102.061197222804,80.0067807992213,154.183423974388,162.52493540117,97.5331884331237,-51.0228509730043,128.567264037251,58.6727054301465,45.435121587188,127.116246972028,179.879726830313,91.0085491762091,121.029249356096,90.609513829703,57.360393759788,87.321654739745,159.945784753489,104.737537731627,131.941877083373,51.508681408576,187.315326022885,117.7504570544,42.3042455375487,128.655574407244,140.250213720505,133.009000145274,165.851931669167,167.018703168382,-36.2555692611627,2024-10-02 18:00:00
154.715113953754,200.428287888541,162.206234802901,104.160096305614,121.842305864371,116.607327471269,85.2521219477098,168.951560797133,127.791163309671,226.388726157922,219.387273091659,109.090642009603,186.075823029647,92.1892809486816,86.5700613292251,176.885435172876,162.452833113244,23.6171368226681,-73.7022224636756,131.967836264201,162.929859424094,113.508833853464,114.820309430735,166.341301746709,188.156400410848,119.352594632663,28.1163445105512,153.039313440332,99.278541004397,87.7490214487583,156.476731748789,202.908721322975,123.929711496125,156.365353975148,111.725492035241,92.1134305756822,116.126151187781,184.436701217059,121.273319749381,146.468691827171,92.6581874116252,201.862797728786,141.27250770562,84.3239959738651,147.871406228334,158.612367943809,149.421233538787,182.654306880167,183.384453047926,52.328110360117,2024-10-02 19:00:00
180.118186102533,219.448112359603,175.7248780666,137.392505528563,146.454342552304,147.78624259139,117.497172601758,190.438317380625,151.832918884929,237.238751311088,229.307445414197,142.567666296057,205.843952808722,121.466708510582,110.198297151015,189.935124947495,181.76091055977,62.6116267835862,-46.0443501663327,162.151823073664,185.390577112025,137.294238540404,126.299981277383,184.052425110596,219.31324013486,127.728376399202,68.9583694440858,171.985441310912,126.083416350886,95.7267775855085,176.341389997093,239.581600371231,143.709671644494,180.883778164312,141.111209244214,111.29697204347,144.610805872101,208.656304019299,136.309947301653,167.818413695119,117.811526849304,211.806041969526,142.503194969322,113.369045905446,158.975562493099,179.906151039565,171.186292743819,193.265932078154,198.962471054287,97.9120855786216,2024-10-02 20:00:00
176.386660468445,228.603625648245,183.393929356049,136.494054122157,144.06402471834,133.591507534204,115.269392720728,191.013277220112,162.218882664393,244.245176255026,230.623154835829,148.704529926794,211.466636986642,126.437875888122,118.248526843767,199.000626447067,186.233710026565,66.6812089580875,-12.5220722473086,167.445635286927,192.31941607106,134.504862251925,128.004422973697,188.256926826079,224.042172360132,130.880597051928,73.2289554199326,173.478193552209,124.823211151864,109.671433925559,180.127692751549,241.642486050916,143.312677166077,174.819992957801,138.068818288019,116.093155484924,138.627599589945,217.429631728788,136.572556888151,168.149796135663,122.328040615496,213.313489192817,139.214625799456,111.719703467872,163.61894393983,181.069760493756,179.142852930579,196.043011042548,196.748752855335,106.869205816207,2024-10-02 21:00:00
153.864601429911,221.887663622631,163.188026398308,118.354060726485,118.25388574458,114.597728553456,89.8039517063633,173.678583083313,143.492939362323,236.110641132089,211.130260177365,119.117644584524,196.715553136658,100.957329620794,102.921530597994,187.58263925737,161.751631417083,13.8321122554381,-81.5557001915337,141.130181021838,180.826204077659,111.931985246109,94.1148141690921,168.786996909407,210.448712256147,109.792349661768,34.4324584832923,168.394987043268,102.555396264148,74.2275791378876,155.089897933924,226.062810249222,130.509025090546,155.615661283334,121.535380963912,88.0234144710032,114.329115605876,206.350764048842,103.202023794988,156.621461812121,105.263236716823,205.454718345826,111.8703402225,88.7406262971018,147.571739392013,153.159539774578,163.744568093938,189.150071346744,178.899677574506,77.7343581148808,2024-10-02 22:00:00
144.441661534516,217.658643946688,158.24846449819,110.590702396821,115.166837718844,107.239637270927,81.3341830792092,168.686994914881,142.271001507314,238.677788526531,210.923205591505,107.947961834006,190.370501371764,94.5800097094124,91.2991228494506,177.528225059351,152.027204872696,-32.6147539612561,-95.1398309469726,132.570645198746,180.186318664612,113.702734732748,97.4871016777489,169.437884444399,201.993870249514,103.20840701969,16.4122393496131,163.208544818107,82.9107976011126,49.7121499925249,151.518185613516,213.581496562944,125.981453733714,149.403765490519,125.001037563251,86.0999588875635,115.681558804206,204.826127938423,98.6044466322547,144.051454812097,105.319711857204,202.998906302424,91.8164669042211,90.5942047843303,147.437716769494,139.783931362899,161.731684791499,187.430219148476,160.992654196962,64.4306919512463,2024-10-02 23:00:00
142.942323399611,211.244939634678,167.782604855792,96.4212614303437,93.653675012128,102.873263700258,81.0263401601583,158.256160196155,149.933908674663,228.332684187679,212.675085936882,97.4896501831895,180.74820977238,95.3991380176621,93.6040740407432,178.383733191198,157.110390162584,-45.210999583445,-100.454018052044,124.482121434033,181.358400713578,111.921369445562,105.825690691233,165.029210569155,196.852703799854,100.613904702083,12.3424271900219,151.283343884404,75.5969320640076,36.083358474682,156.055039619981,202.271840819573,117.433136833016,145.739565440743,108.665562787194,70.0226336893699,103.464401080662,202.691759135517,97.8464423202438,131.863619988746,92.6568126138571,202.586245931809,84.5199693403285,81.5344039089016,141.278370352591,139.793798940696,163.988305428938,194.00623073751,145.559683980323,57.481650358369,2024-10-03 00:00:00
136.701947008744,212.60346751415,171.530783883293,94.8501072104433,79.5938336111448,97.8538124758836,73.50526522608,156.803543034661,146.923633999597,228.08818878325,207.373119859682,94.017134087236,177.517504253087,86.7335583096957,82.7940122499207,178.172103707561,154.053301523609,-51.0190779197258,-102.138632466112,107.408891377943,169.448638327582,111.054924087693,108.607024781449,159.404483042161,194.423215133802,90.9144496263456,28.6248185607717,148.281307914603,73.3364168498832,9.53405179995662,163.403079472773,196.296514380201,105.329100358644,140.79342690728,105.593925164309,43.7120736103571,106.077711072089,201.981642994653,96.3076568511804,115.952571051324,101.158811751986,196.536222823272,91.5466808318531,82.383582336537,136.272395776668,125.382733928562,151.498045951162,195.753173404416,142.251896349692,48.4811429718953,2024-10-03 01:00:00
139.079492036839,206.594544466474,174.147275600781,91.3214279510166,88.2966687876396,101.726637186495,68.9145522716738,161.081896329076,147.076893868902,226.758155162669,211.775816003125,87.8920179077523,179.733253116551,86.4028545779902,79.6575199105423,179.686059418085,148.378290275083,-52.4950153015119,-93.4631912144573,101.912976293593,169.361207749274,117.766137268542,99.7231352076856,159.114719407702,200.467232994222,92.3551679193372,-3.68931599797408,141.776223770885,76.6921929435689,-25.2117899587136,161.419879230513,191.938089481396,89.2810480515834,129.436526553873,99.0902132165747,16.0799618349282,106.466409690875,207.841535346113,102.753894873224,121.674401073493,106.368922916264,189.284456791062,97.3252248596548,87.8129939168407,133.860328851859,111.756629301203,148.386822173297,195.189102028941,144.542750529498,49.1245437294227,2024-10-03 02:00:00
137.893934280444,200.89222733636,167.659676457835,93.6293896084634,74.9310177694805,102.72566422349,59.8147035333936,158.992269079999,142.962670667736,215.494598163504,213.459611151094,84.3922511849653,175.424579088461,84.4166390884439,74.3732743450853,190.087170532019,152.390988682065,-46.1155800517774,-82.938898942322,112.489766649684,166.52021752977,108.38277115557,89.6068838924814,155.542505313601,200.333725614187,84.9735648853303,11.4672447483154,139.001296338965,67.5136620513576,-18.8660955133548,156.212133480142,187.442466894996,82.6230451313378,130.499821485032,103.94257910599,30.7588847756607,100.346269849918,205.465813081514,103.808760300958,114.586244835822,108.997403429545,187.254206337471,93.8278442846952,70.9862071050811,137.169867073434,102.292454025801,149.310834229389,194.588112525344,144.025639574901,44.5808207739903,2024-10-03 03:00:00
133.922786087981,204.772772071893,161.584577947671,86.1635460595651,57.0895910244,105.555721783181,64.4309376302317,166.969829939741,137.247783629842,211.79575607892,214.167825917136,91.8957915987719,179.746508567276,73.8175990558745,50.4091178058483,187.712090970469,156.394857138428,-50.4180664282349,-81.2013538524458,111.295017791372,157.484865530538,118.514508841953,97.3227807864454,154.343146033084,191.049414535806,93.4780754986293,17.4792578647497,133.351289932861,33.8901021642788,-29.6065416768567,156.690054306996,187.375631031164,99.0190793092122,140.803966173776,107.857748503678,12.0140989418391,96.8596477529691,203.920152609426,98.7498594536192,111.79826021676,108.434293648475,191.363215276492,98.5659248402891,51.9486439662426,142.402513456142,99.6476989483192,145.346721278395,196.568171976426,131.739058827657,29.5392467598652,2024-10-03 04:00:00
147.426213550404,198.248490272704,174.089061719174,101.799445283572,53.0443967576981,106.291601634249,80.2138174046349,167.503909564287,146.331324075674,210.095731618658,221.23793771253,98.4482559867958,182.258949779099,60.1374338214942,47.9579191033861,190.74920608765,151.032649479213,-51.0439491770184,-74.1026006093811,110.505558225986,164.702158944631,116.57476333872,89.0615937463751,144.024328360274,189.537001228678,95.3870290276392,28.8523909355812,126.073312762076,43.031465452714,-5.28849375387991,157.640242020844,185.089656874672,103.364282794439,145.247049785306,113.125921521361,-8.82748950159185,102.870338610831,201.970004559034,101.644345150775,110.414871168912,110.603989695744,189.845700865454,79.6256023450819,60.1497046235753,142.709662139928,91.9561178462865,156.3191377168,206.444316181557,138.453149539368,21.4629758541742,2024-10-03 05:00:00
152.203840429925,205.307428424191,171.036313533044,113.561133685225,59.9358452369002,110.065009138794,87.7189255741827,175.182649761716,153.321124333303,222.335463478364,222.920586828761,115.8181840315,181.535796713028,79.6989562644818,24.8267973679947,200.523888348534,156.055451998486,-52.1158146689456,-63.9740168238129,112.992217898164,164.957254156278,118.214422915593,96.963565631929,152.304268822119,188.464872305153,90.718984017714,40.4255061392471,139.278596265815,40.5052574449149,22.9441711673735,160.000291434887,199.646727794485,92.4245253862166,158.757126403547,110.334794170579,25.5174420112498,120.520080235335,205.355416823611,100.584140514807,112.650609102174,128.484485118438,191.333931106468,79.918482934664,67.1240289959276,151.790297435611,100.391979116102,170.869295598783,207.690409045126,143.44201609668,49.003530394665,2024-10-03 06:00:00
170.173877247651,224.616666318642,178.497278645517,121.767534888174,62.0447611114426,121.624790638347,124.03532991708,187.632937120019,163.852125261165,229.29131306625,235.369218850922,129.562251383182,189.604516626326,109.959594238718,33.4656915269363,211.634972375489,160.447279730077,-6.95268637526064,-28.0366021684844,133.795410981552,182.370302794064,126.801701327932,114.329068046408,170.305213877197,200.522305047252,92.0988340822873,38.844285676031,161.264537895364,63.3020871977889,43.950683238481,174.114418169273,204.347954420565,99.3831438040446,174.486759792925,129.291048958528,40.7464888328313,126.970974223116,216.939083028553,104.475841408295,120.49048385481,142.635004128093,195.204762936016,98.9041721178086,57.7036589344479,160.792327305258,116.130124928256,170.787354746078,220.427699044054,148.224829373426,68.8443109415339,2024-10-03 07:00:00
165.32526440253,227.148798765417,185.773482637813,129.740438614437,71.4463780345165,121.132470106339,128.674561663179,195.716156048349,177.85918724179,234.873820295416,227.252376791295,134.946741627356,188.986160729614,121.339420811736,43.5098402667033,210.253782583633,162.501499613049,-4.66962282336775,-19.5054231966149,142.600471040676,187.398352776771,132.814572950288,126.176137407119,167.943360689346,203.284229520488,98.6375504839737,48.2495580254812,169.674686463068,63.7631575790222,59.4968433294854,178.774442567273,209.622754271466,91.0219715702402,173.279047018249,133.220161023417,40.8867648518927,125.681486260252,217.896059561943,107.712700572043,129.132691771063,141.314615435953,197.53515499681,93.9334989444236,62.8475819784944,172.457814369547,115.825611701644,167.675983191316,219.698192974694,149.659259548865,66.5286708279074,2024-10-03 08:00:00
153.416278157351,213.8059429993,176.866878096423,103.715881245679,32.8660697562537,104.955586685121,134.02100912235,184.408717662986,151.926498518775,227.618725966663,212.428367087284,109.608814129845,169.494625519967,95.5499160595544,12.3721599984052,196.734942813852,157.67078792377,-47.9682127590229,-49.0297149240148,120.784586382988,160.101118770847,122.298131048685,102.707747540116,139.428323032641,190.510964134205,82.3356858719608,-13.0762680647283,158.082651625924,9.56318197768626,55.4965704421752,161.679632600261,203.791018108543,74.4087378995533,153.151144575239,124.476408018506,5.10615775716109,108.175293960177,204.593364925839,86.2934330553385,101.159504249448,136.957175747556,190.680817486535,80.0518284166213,25.5101074415468,161.664047397667,97.5338814984253,151.028832011395,197.984416392947,136.058231987321,29.0955511965478,2024-10-03 09:00:00
143.703908230479,205.941933511301,169.996753853373,84.8625815020497,-32.5651216401369,79.3367629388813,120.439385587219,167.691942222615,137.247465145398,212.126367247233,207.188649720408,99.21939442399,147.362992339149,73.078347398257,-29.8578477776153,188.950857977617,154.039194467103,-78.2015208005215,-73.1081598497762,109.683937923504,146.788697989622,106.441603773636,79.2743406926834,126.409469570356,188.29855551314,66.1490177848909,-51.3201226050807,142.982476807054,-41.3981523951503,16.9898042402329,151.537041967649,192.363791727554,37.2519674122063,130.233998344223,105.49262494057,-40.9140259522479,97.4680753029055,201.382818418797,77.7998359279845,68.2509428842865,120.523269282343,176.918546083798,66.085743888554,-39.8028521346854,147.388615132458,73.4699189699202,138.511775675573,192.510523769162,117.817006020938,-12.1595939677366,2024-10-03 10:00:00
139.175384062917,199.654129613121,161.107852518769,88.4894709480075,-49.2811192316785,76.2071230690709,99.5405113944457,164.526297574489,130.738730800375,210.148222114841,208.529396942584,76.7212762977082,136.180393158372,77.190999457889,-58.315124479279,172.80730746918,149.285257131899,-81.4588362965436,-81.3244900964126,107.82687726364,125.172933246545,102.588216767337,77.6082619958055,107.935801825496,187.043490506913,54.0273339818841,-39.883947612056,130.939742977459,-71.0307587152066,-23.5198660803069,148.781287479195,197.786675424995,39.2606762767093,126.295023014264,95.939042082747,-54.1596593178969,94.5613372417421,192.239401547753,58.3420082018262,54.300615154614,114.682782582928,180.747173426115,30.1805024476616,-42.5609757648231,131.541389546785,82.982093245168,137.29024561566,183.795895003491,115.357390844389,-19.672169954254,2024-10-03 11:00:00
139.554299536636,200.550305933927,154.702547250417,81.1796339139689,-49.5560264464212,61.6793846722195,82.7895400221594,163.725201376919,123.61456243919,209.983160172677,210.106231576549,54.6344809157704,129.392007977262,80.1392155785387,-61.3598431457231,168.76603765095,147.320611703253,-83.2331343115377,-80.8778546185974,98.2080356797577,125.409704528706,107.169625343155,63.8977958373923,98.6018513825793,178.861385835,23.7759230766865,-64.2809151620832,116.315934080159,-82.3564718321796,-14.3637235335618,150.683801650354,196.132008652636,36.386767759313,133.557847191496,80.4333910589308,-47.0001522395729,96.2736399039331,183.60628439183,43.259987262356,53.1069490884263,107.427713731537,178.351902705612,11.9829035160719,-54.642397353083,130.775732087871,76.0065301523853,131.591452547268,176.575417075169,116.392852283668,-15.1474588658846,2024-10-03 12:00:00
134.673313268074,205.203748098466,151.708389515145,83.1957248975086,-53.4129741741667,41.5682672520855,72.2086865426045,165.251252897391,122.353231945584,203.423308070295,211.386935421304,55.7798061249818,125.537965758881,83.8329938469273,-51.3063739961992,164.79938090945,143.119718723551,-65.8848936149662,-85.5733136647894,94.7860051713713,134.587758020591,105.222300600768,58.3271562062025,110.959466431861,178.161782154757,15.3212099228411,-61.7166780159966,125.604609229582,-84.8579450282885,-10.5892711164299,151.573990063678,192.226634472122,77.0153107182989,132.990639753998,57.848071251872,-40.7552201583315,99.6273347161996,186.889084354126,69.8916043800942,55.0504256539784,107.811834961155,177.804246770431,31.2572997597188,-62.7434681120978,111.007339474078,57.065075524723,123.136382951849,169.408387130705,123.594642720543,-48.0578949093547,2024-10-03 13:00:00
129.799210918832,201.44537315677,141.345139198525,78.0908343582483,-60.9844869588737,38.03418249635,80.6296724099062,168.664919260279,133.521405336362,207.576162452308,214.832601764028,42.2890965931668,111.637329854733,100.349301439271,-52.4999155261772,163.79660172092,128.768499630931,-75.3626726284388,-94.4449832959147,91.4712368463865,134.842122636202,104.307557282736,50.985492536448,104.177660085735,178.237277401984,36.3791095296554,-34.6676899670924,138.739251540461,-92.7923334869686,15.4197734421559,149.743232175886,184.646100132704,68.0372346859142,135.177992414932,44.1824035898227,-36.8373670882057,94.2509813071367,192.03913380716,56.5206361359603,43.3622266946994,108.19875571111,180.295086191448,36.0389016869426,-54.6197515455289,108.140230904602,49.4989683543887,119.065793903191,174.838511913899,133.976120803023,-51.6238988915739,2024-10-03 14:00:00
121.74523678945,193.612891638306,143.299754644048,53.2205077396812,-42.4007774377421,38.2645001003593,90.4622191230944,171.621747826034,117.388030242483,204.96389797775,208.456424040609,43.703200924179,102.228267311879,88.3770005879033,-49.4255692382286,171.860270997345,115.184975308737,-71.7764430335018,-102.891963591926,71.0415562675498,138.755304048083,102.513569614243,35.1365460391029,95.023832341076,185.405591123964,32.1420796698752,-8.02057950008104,134.235173220158,-93.8159837156707,38.8394439390698,144.498842746519,177.606589921655,57.9488532174244,147.73133064232,47.6675172763754,-44.2376740463208,101.835476512971,188.912362359781,53.1129958948555,33.6372130535067,102.013164833418,175.791518006271,47.7860333941851,-70.5489575118194,102.801809694828,37.6716990122676,114.113392733096,173.946409256942,137.080682220501,-39.7802114987843,2024-10-03 15:00:00
114.832916359161,188.538196899623,154.67922325647,50.6089746044556,-27.419342273846,53.6169249935032,96.0414096301931,174.474796420471,123.848144835807,203.933116033023,207.858955648735,26.1613728248849,113.090322858122,86.1838026426174,-70.8909777536296,169.91691272437,120.211497093462,-75.6434567691026,-114.322406232785,74.5752757604646,149.479379592482,108.764260630994,16.538355393741,99.5413419393446,194.214725490425,34.1822516196377,-47.1581235571828,136.443039641003,-92.5349688415392,58.6613404301044,147.157972993666,173.306246088233,62.5706514401427,152.861198064236,35.1740901574255,-48.1536992891803,100.709416327724,181.845423868727,61.6658923160718,26.9135753219998,102.163602162964,173.856240932935,72.4844825634154,-66.3567027065109,107.010004844791,39.1642701407879,125.335411864701,178.053991988699,145.270673525829,-37.9334696380596,2024-10-03 16:00:00
121.225928709935,191.010909837718,174.807424619045,62.5845247110978,7.36284166217919,74.9769223237559,103.061556313019,179.440280600546,127.519028978453,204.779523067407,208.509335651454,38.1363348931939,117.637689280993,88.8428690640696,-67.481792471057,174.892326416269,118.710157502331,-75.7567332645225,-120.839614281361,73.7063596658755,150.885790938986,112.141944117648,50.2573729620366,109.801398609203,192.698311070709,58.9979836582531,-52.7668511367884,136.951204622783,-92.2691516973442,66.6941369058546,156.085479781795,181.7882838668,75.630830205924,155.037193882452,46.5517702217015,-31.3111647273954,100.403341342598,187.705011964525,82.1880425854379,42.7199145068848,97.7206584056724,173.687296654685,78.452669495016,-46.3626961329342,104.700913064679,54.2679138913441,142.127661266606,184.119056264107,140.370408798046,-23.2686485549413,2024-10-03 17:00:00
136.543882922778,206.513816090803,189.727118692947,93.5749930548865,49.3499150280359,91.7069226025,111.875178248372,196.721905630135,148.031494098638,213.776492040318,218.866669670497,41.3913898285638,130.649420653227,100.208257488055,-49.513523700612,177.393898053288,135.56407610252,-60.0261016239928,-105.456993692552,82.0599688977082,164.471065069512,135.414007145544,73.6776152183591,125.191256238596,195.68583796267,70.3063404582733,-52.8099056117093,141.121056437778,-67.1066994123288,89.1664086811663,170.444047270689,188.311147675156,86.4206336201354,177.245705438948,73.9583550038619,-10.3406779762129,111.041556708436,192.396620923966,106.213927256102,89.2472261522606,113.967787004393,184.54582871246,90.8492181207894,-22.2845142236345,119.788466683107,65.1026259905683,169.600263964258,199.78279808987,151.763678632239,51.3885554052974,2024-10-03 18:00:00
161.993622328955,214.054546536964,205.793275188205,118.870068072005,89.6305663673279,124.415210069337,132.489676846853,216.152875216584,168.886949706673,230.032193839049,238.768944190689,83.8453459389149,158.404743739656,117.342430207588,26.4464446587445,192.593388846575,163.750987062411,-35.8358370792527,-87.1228226369722,114.432246292253,191.823898997558,155.413479927225,104.728252069504,148.460695162036,223.377560103872,108.11042342555,20.8567531341664,162.676379651789,-26.0137401020801,122.918254327968,195.088925811725,209.773000446683,119.636663164206,191.54406279507,88.2957894233555,55.7592021943294,122.181590521827,206.636244936233,125.808115592416,120.210429013397,130.73224820752,210.857259486659,120.992484132517,43.3244496431749,151.838626662822,100.561794881274,185.553593128377,218.406446290643,172.179434099164,96.6844033094121,2024-10-03 19:00:00
186.255004202551,220.644791708802,225.602517632289,144.042536558722,123.359721036379,141.063545920802,149.533460064683,230.357205385857,191.535587047859,243.842963196512,254.160804703478,100.57851241355,176.80745040864,140.249339525066,54.9079798233452,207.778621733646,177.422326150914,21.7322805260865,-86.8436871633685,135.941289669232,212.229545300743,172.939218813298,137.728078178419,169.215808239459,241.768130093424,130.222532418814,61.3043920827588,177.760947414885,39.4163683011418,138.461098911353,216.169056555806,236.429227408984,139.661922153843,212.856713736686,104.936201445506,85.4549405816633,150.796440647079,229.564161055732,145.196959394154,144.214356744942,146.694333205189,224.587432734178,126.70238106678,83.6244526079517,165.481586964123,129.70933383314,201.348862979416,227.654168244517,186.067960379364,111.926295005121,2024-10-03 20:00:00
199.032374485051,222.114553496548,234.283343073489,140.803115537779,124.693101237286,132.471927004053,146.214566573282,228.076650595157,196.244546264561,247.136152928239,258.209438560589,105.149876645073,186.993623930464,143.168639274016,58.5233198369766,209.590521548533,182.440113513589,36.4369584686585,-64.2373724762886,143.136781242006,217.747683847532,180.436588807428,137.251773131103,181.180721842154,236.859228317578,129.861634706669,50.6606962663328,181.071869450544,50.1392478351809,136.572322958012,216.985055585652,241.675654029567,140.228475648022,211.985576321562,98.1768196513616,86.8957463127552,149.754951841263,240.296070289096,136.297260349864,148.137392021046,142.751327972392,218.125919477044,126.932567328097,100.88105601222,176.119158896852,137.84685410703,218.992457014719,234.611972743246,186.023540887785,118.646985892071,2024-10-03 21:00:00
178.570340165491,211.299288314397,217.61227673224,112.67895138151,103.24645629749,102.186341942159,121.365997925513,214.031222009241,175.71151815239,233.157970310579,248.387441520107,77.8149267387172,175.346251677835,115.280010631422,25.3227895901222,191.634009993649,167.528222732069,-47.002645671152,-86.6783666139159,128.730176809463,198.721683314986,174.521708072749,122.481447125718,169.622656704778,223.400952619026,104.310581520495,19.3851558718993,164.226044284925,24.3890537666306,110.212459906469,195.376044864898,230.214109250996,113.948873776879,191.322687460655,62.0659578978384,65.7704159212131,126.783026563075,234.741432483164,115.27090103772,136.701166418109,120.872339268595,211.482743438201,105.637405662157,65.8457560798527,143.037132313088,113.053552391484,204.538282413832,217.476364864771,165.962629843163,95.830676582105,2024-10-03 22:00:00
158.372457401283,202.572593094975,205.317427957478,100.763886436327,112.543953480343,95.2337556766727,110.312736758463,211.926994527379,164.702268474634,236.56798435252,253.025374625342,76.7391004794892,181.319424621465,121.494673139587,24.5891073299136,187.986224894223,154.753962200426,-56.4068088532807,-94.6958467876613,130.070267358981,188.091372826398,173.802159204785,107.50059834414,171.450898035253,214.481834789463,99.1584067312708,-44.4264666098417,162.340590845207,-38.2759032793122,103.739791300092,190.916596021779,228.91698429384,100.933199566038,184.149850697231,68.7905926317475,43.1163327781576,122.10309003262,218.615180791596,103.607474214551,133.666806231686,111.353239828298,206.54880996966,96.1987473489181,42.1615028420032,135.367863185675,101.185225469026,207.948692213003,208.702559501045,162.580453975931,95.6025880451969,2024-10-03 23:00:00
159.474864352077,201.703374189103,207.890002727655,102.709126710909,98.9439996679537,95.4547640635675,109.918301655795,202.103038224998,156.011912783144,228.071557653734,245.33905667797,90.1147579225162,182.229531927817,116.852797615123,29.2601834062364,185.238686295798,140.694366428112,-71.8932126733187,-97.4260875347307,115.18687462251,181.694604182649,181.929543552138,104.191199866414,164.219725611088,204.750936932863,91.4429232044354,-52.6338193828338,157.2603042579,-61.7446450828703,101.334589421226,191.021790690793,225.85995114794,109.304043995832,176.177241867453,54.7142355047166,-34.199154344583,127.733781441492,213.74334929683,96.7433485281021,131.691268249495,106.283790554397,207.991026876933,77.6859288058806,21.8215394421147,131.214718601975,102.711997812869,208.065389216564,210.694377526704,153.467692113922,83.9848708983438,2024-10-04 00:00:00
151.062022690605,200.50143094372,213.39727159971,106.634210435975,101.815239939501,98.8266383006887,110.349058429801,192.415572955801,151.384730057746,225.433351981727,244.380907794269,69.2058573370114,189.920473949677,93.3274936879478,12.2884440667478,178.757942047245,141.997410619973,-66.0893871254625,-101.082096831258,102.553495428016,181.823184120312,178.076137875816,96.1070959013017,151.078683443962,203.163873503308,81.5911935136728,-52.2896121218375,161.504385392616,-73.2498667747372,92.1028817437789,186.27985887086,225.451809698765,98.9386532861018,171.333009309839,62.4505195125992,-53.6408376743356,129.495910877166,219.107631018457,114.259011889932,138.556050896747,102.530552175109,211.788452971016,66.2867530999979,9.87394679172007,136.628903814016,110.941304415878,200.420878848718,200.528368330777,157.4549253779,87.7075625038386,2024-10-04 01:00:00
146.785866865285,198.286785650732,211.227558002295,107.547129652809,100.006172531182,110.262750376823,120.126856962025,193.650047375195,147.832506545655,229.249860098327,242.092642537518,61.4125981260267,191.166782611723,87.5962645114457,14.3987620732153,171.567503272163,147.047641521108,-69.0067522370659,-97.3788829149795,93.4309909818474,183.630826523567,180.392931892514,79.4633108757513,148.20539030131,195.903283402722,77.6387610957229,-56.66781862324,153.88896418336,-72.9960888334039,85.5146602260239,192.076859077775,224.806864225779,91.4387493501634,169.486223029573,46.3811321619017,-43.6643226536331,118.158836253497,217.562478877654,115.539649465752,143.733680743761,102.394914686509,212.10710872026,45.3955279689943,-11.8764157196475,123.532313715722,102.657872813353,202.398594251735,193.785822931311,152.862833180136,82.8558273639369,2024-10-04 02:00:00
152.016943264211,199.556870014696,211.979035614514,115.325344373681,108.98644222305,109.972959645294,99.3134990315691,187.995536788629,147.344624812716,232.110642281237,248.090518913528,50.8261033137538,182.249311941382,62.0399926809198,12.8217699363829,176.6542247035,159.843096358862,-74.8633151000645,-97.9174500753174,91.784760685017,188.329458762837,177.12454554249,76.7884376163303,138.27388517831,197.639444773648,79.291618047287,-55.0118157420245,146.645327199783,-77.9986482711195,80.7261540888618,185.208665001499,226.639833809348,77.2502111223786,168.27266680957,19.5807891424598,-47.0110334118996,103.74930297786,207.923808784612,124.560238644954,147.151134437352,103.488147526933,208.891241413756,56.7250435978359,-47.562669187593,121.154069003962,99.0542982301152,206.41465150521,190.235345208124,154.566337132035,82.0514633936885,2024-10-04 03:00:00
147.737326862205,202.35615553491,208.76955749709,109.253190788925,99.840732888194,108.397279338597,100.229134344895,194.926317857464,144.78863404167,230.985355778391,250.566660875522,42.0574192945861,188.260841536032,53.187368510689,-28.4236111114344,170.251506389977,161.488228341212,-60.301092314747,-93.5710960722193,100.504977576672,180.960865527611,189.305703034849,86.7203030158568,142.307264500985,190.867524684607,75.9429818680363,-52.4874555991606,143.706873379436,-76.9860369068095,58.6602936566696,186.743252153414,225.463410197121,74.2973378948972,166.416775773621,27.0942840494579,-44.9595398158508,101.370549474342,212.745592406565,118.360666898439,150.452730526947,112.479433115925,209.883342039316,48.0548569676957,-43.265513225898,117.705528831116,103.726687454109,202.53191755286,187.211070753093,144.102640022132,66.7810295708638,2024-10-04 04:00:00
145.495289582934,199.804850963023,214.469522547165,118.688560372154,91.6119427467985,105.059328676785,104.05923955805,190.598289378675,155.500804112436,232.609534927624,258.273085505331,29.7998700748506,188.346123470847,56.2514108743825,29.6476492729532,176.605894633825,150.649803184805,-46.7980812707097,-84.9810950294563,100.501876877121,175.901460114652,189.013190880513,87.9901167427325,136.69294863686,192.942409747614,75.6264711157385,-59.3239358816871,151.39801731338,-82.8440187517799,53.107168812317,178.87748767186,218.006191062142,90.303017206953,171.377552668914,43.5106956076111,-20.1429454053319,114.744738112805,215.163566250156,105.302934274671,158.250488365685,123.581460708254,212.736194241889,4.50378411620744,-25.2388531180854,119.82352873769,100.55884960838,203.928052526014,196.716026036172,159.398781384145,81.8763484870395,2024-10-04 05:00:00
151.603030999699,206.313220742005,215.617779450385,127.226337004659,106.444539134522,112.317475523378,107.431338843098,186.384139410627,153.577012878417,243.453068447974,256.102455471292,51.0017695742602,194.101735841141,61.5667485171046,34.3143265430821,183.255914600637,148.619674720334,-29.0371985986151,-59.7497792527455,90.9242380878689,184.823543067193,206.206189103514,87.9376618014561,141.893322931332,204.19868263478,64.4171911244823,-51.133577035672,151.777693391783,-80.7368633343116,62.383573701183,174.361224350775,228.337838621174,99.2587429349836,163.612210024449,32.5996261604545,-10.6391798239573,128.661832509084,222.946397450819,92.6738868395189,167.539927288377,135.866735014087,209.270319411379,23.0735601163043,19.8443931222325,140.592648766513,105.526914936348,206.003681698303,200.736170272114,168.587476704547,82.5359955908911,2024-10-04 06:00:00
162.703577851338,221.430177552505,220.665513681016,130.362848803834,123.976907274317,123.619283148291,113.285082732375,195.50887228359,167.387330599362,253.424573384165,265.589878642247,72.4353437616038,212.940190302737,83.4674958377267,58.770713653315,196.747936188698,153.434238184292,-13.9274292287975,-23.7244315406307,100.540867910161,199.534131482022,217.013629675204,96.0531012348569,167.191170582169,211.25060294002,72.3036041058286,-35.3591305292495,168.304094889344,-60.1287098110636,75.5389512544116,195.627591511075,239.072970960534,111.750829783959,169.124288686309,45.4196617310469,40.1836462332637,140.324433890402,236.507223220295,106.37590039173,183.64335666513,155.591380037364,220.862880232838,47.1692254624608,25.9308800839891,162.850494679001,126.14694523535,216.573128653985,209.412738531547,181.983568743768,100.864002864564,2024-10-04 07:00:00
163.589612114011,225.457570609298,224.453817265387,128.877249125902,132.648538154904,123.271740818478,115.267025011966,202.521877702581,179.075734547111,257.817009304614,273.771479817236,81.6856974421565,219.051409973686,91.8095822943503,51.8638773334109,189.653621010617,160.190426239503,30.1471953041985,37.4702830148925,110.502931409203,197.879493037287,218.308091689101,89.3516643564476,169.371373188615,218.684828302368,81.0006956011808,9.94190203356459,167.129069731578,-75.0622567243885,77.7040395236604,197.140725023298,242.021589215854,111.588393101567,173.684170521921,69.9486773999647,53.820964586987,146.445835369437,236.549362584428,117.746537984044,185.846255151901,153.830143468124,216.990713084454,21.9901160800655,9.26553873152571,178.605744019504,114.028870722679,223.608841370883,209.543989265437,178.532132996545,109.609339636516,2024-10-04 08:00:00
151.72142668656,209.81473131296,211.219308558018,109.601313888759,115.358518143098,100.556333929127,98.5227545609426,190.287295830779,164.610665993972,246.422801484892,258.093694112441,72.1052720566588,198.301120125125,64.2600767631604,12.8558816219651,173.306866356435,149.617440812466,-12.3349025285724,13.4368803690056,81.4809823197803,183.57567990863,204.620492659778,69.3853639824055,143.896251933998,201.065537547389,69.6713317321421,-49.1015189517528,157.252564627286,-105.192675260665,52.4264904992913,179.261530859793,229.547188303394,82.517063321407,155.407658176716,42.4627457156343,37.347202829894,133.336311081646,230.356647760995,94.0964903771721,169.098616113514,133.912545249238,204.345244035843,17.8113399806062,-37.8865670193148,173.920671014907,80.3585651369666,208.842381315012,191.905313780238,157.243142164876,86.5711332576178,2024-10-04 09:00:00
137.6081996749,204.185175450465,197.964807284989,94.4077655291901,98.3300032468297,70.7875277274408,83.3805798756019,174.668561598616,151.214356094385,235.35800199652,244.772951269988,32.935880721919,191.532470884603,53.6600568335058,-37.507650499227,163.259248969396,137.626277389656,-63.0672705270125,-13.9159307293798,53.5546181265569,161.853173612959,189.690160585155,41.6614889703821,135.368240925395,186.686489397855,56.631237206039,-78.6521802511923,140.858192584164,-108.511715864749,-13.677353461476,161.952895614116,220.265668938968,62.6372177241832,141.838425023996,-1.44860745207639,24.2558717214091,106.273683551213,222.96725381006,97.6024966251102,152.628719389965,127.074317304558,189.855331739066,-34.2502112882927,-51.0548262343159,154.649224510301,47.1610868543302,191.73681108877,166.87179637798,145.605925341636,71.4833879498343,2024-10-04 10:00:00
135.997473015907,205.373222258067,189.535222312787,85.3902335344408,105.157564188884,53.117577843163,59.3523150751779,171.445646554355,141.900073149723,231.780951499931,241.303758606131,9.93880736774695,188.822767679989,64.7004665179456,-47.855586485747,163.293146472275,124.877698549153,-83.709356296224,-26.6092426664322,61.9600777422523,149.669503738215,184.69324832307,34.2724617084261,113.84434436984,182.629629140478,54.6637448186266,-92.8085197655127,131.325289258428,-119.939083682007,-23.2375533850657,157.121919992937,220.929570206826,71.6975241518848,132.209403798559,-31.1816822453089,31.3766613242697,86.0299140419157,218.708097827745,89.9066479898416,144.534896396306,113.375826957621,178.408158612193,-52.1356655590748,-53.1656288967922,139.086620575913,53.8926602312699,186.89074902328,156.667171479553,149.874580078596,64.9088580563956,2024-10-04 11:00:00
132.529273733783,204.21598182299,186.554601180708,69.9820288890476,90.6679155891228,58.8455349992633,80.6620009146612,164.654482166914,127.248268024014,231.942522435711,236.70763333528,-24.0841896144904,185.311682700363,69.6784661084091,-47.7643135007926,166.865737049157,127.109806057024,-75.645840500584,-35.8506989621042,43.6586489535752,139.794042606534,179.9532071009,46.5706258306099,115.796855546012,175.147168123405,32.9107504101365,-74.3307813992577,138.839723166392,-128.11614528783,-22.1449977365077,153.202212920112,227.661544530011,68.0669475079402,131.135101941245,-69.7168513867745,45.6862304425972,78.5532542094904,222.630657305903,80.7621169347859,138.846261667761,108.694468412568,185.99791235024,-58.2717120075777,-54.628481298521,129.259176132557,57.5489924859993,185.31349111884,154.692282018011,138.280883850167,60.4542555218373,2024-10-04 12:00:00
132.211101337559,205.742173563337,186.616224084932,44.1911606255019,78.0790561350141,55.873798987828,72.4103590729757,165.516600504518,113.895504160024,229.498949452143,240.474986987624,-34.6559379042246,179.109083402425,77.8689089479073,-50.5095030702156,161.476073226296,131.441949444714,-59.1341326514117,-35.8781271632724,26.9516641266065,133.064634540237,182.344362705019,51.636941679467,131.289565499025,166.760299375183,22.9176456799291,-62.4319311215139,140.827288576516,-122.973168931534,-42.3422040131204,156.107311717367,216.849667548066,70.8127813889755,139.448647939674,-80.1840931834454,33.9968589725833,77.538033988522,215.536986121831,82.7555912547523,134.198380706719,102.256647562282,195.917569559974,-44.8588598527276,-59.3271228958039,119.306295257076,57.0411780982305,179.440437856216,147.270459377058,147.407635609063,46.2733618156996,2024-10-04 13:00:00
136.843714494587,202.65141140416,190.816235347236,42.6289834687539,62.5092440556994,46.0893942685097,66.9974835800589,160.786183299762,120.458781296121,228.421005458658,238.669614096311,-48.9196394138611,175.510606341741,101.004483432321,-44.3668183381287,172.996263625392,133.344046662866,-60.8738552828791,-21.8485270798634,22.1098700078418,128.120375991502,187.175124730179,1.94631277434989,110.876864431628,161.185106773801,56.3665922239616,-44.3066639046988,135.706535789604,-120.182706104424,-52.100505910734,148.863179564477,210.409578011773,55.7825485581622,131.406771388788,-98.306816530888,23.9690774249222,80.1377619028347,212.975083472962,96.1277336501906,127.023582588649,91.8432738970933,197.371062414465,-39.8481102960966,-64.8357418243945,121.505850880784,42.3268859684197,182.852357678741,140.872802984073,149.200846610434,40.4105224564816,2024-10-04 14:00:00
137.412370985247,210.980864598112,183.118562634286,28.8965528639481,73.2029904922058,19.0853842346211,55.4892472272622,154.526425333824,112.171346933426,225.701591536954,234.724509903803,-54.2931490340416,166.654891898984,95.5268611356912,-41.314718122196,166.43638399175,118.338398036626,-59.5878955979978,-16.1410915034183,21.7085156652833,128.571039385581,186.946790813811,-32.9774035248941,103.765776612648,172.000539135505,48.5136006220852,-50.2311366006004,139.10528064504,-117.363767393302,-48.5676065187667,140.92419053985,208.203318446629,52.8516809822401,126.509637055911,-105.869395085855,14.722591050435,81.1456182515887,215.206111553554,94.2630809922805,125.726484216563,100.419737096857,194.418031265541,-3.02935443663735,-82.186279592757,120.832683591333,24.5886463932072,182.022647782828,139.882972270808,158.412086756067,57.3288183268293,2024-10-04 15:00:00
134.926508589133,213.30861143768,185.577630222671,39.3254412203488,77.7342189411606,29.4556813543769,54.1828160821066,157.644467488522,102.1237615017,223.831245876376,229.754548971199,-45.7758103053822,155.305311225175,97.6278750181217,-35.5940478940354,169.29318077803,126.763493596377,-42.1275854350799,-6.06894742613056,22.9527184067091,140.876460515693,189.954550635835,-30.6350454282202,106.933143155591,172.550449770835,44.7976658191662,-65.9905067496665,139.680652539483,-114.039010256105,-49.9224799266947,132.542453025045,212.426193136294,54.3826346834705,120.087178797222,-103.524627032056,35.292643404548,90.3164285392734,210.961694965486,85.3433000678319,121.507513029956,89.4369919285845,201.888550789277,16.5298927103283,-84.4363287075482,120.372226357242,33.935014485996,193.088976811064,135.78349241925,159.939250043402,42.3190933304146,2024-10-04 16:00:00
146.855427785664,216.562594039241,198.565684712227,32.9589419922168,83.5777941535346,43.2637657209815,83.1166208919398,166.627793971997,112.38885249509,235.17427686555,234.87445249076,-44.8614431396081,155.582550476812,92.0942194257815,11.4658304106611,177.335915577752,123.957774892971,-50.5027730636305,-38.6993648612825,34.6211974437097,148.334647202306,196.370159769597,-2.42181923793061,114.399569706299,163.304814908514,63.8046108222181,-68.1846363879575,142.998692758522,-111.853376630997,-45.852888868674,128.248052043013,211.878500756882,55.173486104758,117.658191477556,-99.9120317831367,59.7582434293195,94.7864036620751,206.750282617319,89.9176857392426,132.778997222703,98.1724763988639,199.326561017551,10.0934366714802,-80.6837699510515,122.569950575339,45.388944267742,188.781262035599,135.681962492206,161.346894155657,52.0436424489183,2024-10-04 17:00:00
165.525039580837,215.517469115673,219.172432691882,45.9368752589301,115.375446693459,62.4064356021948,94.175433034609,174.30392013092,134.757568759817,239.628777375411,247.734690517686,-29.4176021712981,166.333360643707,104.895528385802,47.0911325049067,191.861497231062,140.075909874744,-25.784491120509,-11.1609461749153,69.7594023890584,155.894776620146,201.548895855749,39.4088851584097,132.961843155714,174.675916343503,84.2283815926938,-38.5019428528997,147.594934203997,-91.798782458997,-13.7062785490652,136.465222722058,216.415425209948,91.2815067307179,138.785750918205,-77.1298872058665,70.5765949217152,105.107630422073,208.107373232239,105.89957154926,157.540254087732,102.804209690299,207.841154239322,30.4620121737694,-41.702566671235,143.736182835007,82.2839402282908,199.640846329126,151.386033090701,180.534237315973,81.2046650912824,2024-10-04 18:00:00
190.359683132807,222.33719741236,239.53645473938,81.7176995473729,137.330942757491,94.8008490894135,124.553609877538,185.745787486856,144.203790488124,262.275323533406,259.443951429712,52.6771276063046,180.922434337115,124.914917852671,71.5807432054641,212.77376045813,172.677715352277,39.3759717258517,57.1059292603802,97.1562844385913,174.814756997332,220.481256671989,65.6614338499651,155.273799637444,193.296909588613,108.290365442756,49.5025256556702,156.380584786495,-53.8788414595377,62.3555461248873,164.095822997799,233.411300512002,116.023350009484,165.134079223502,-39.4411720699833,101.73688603091,129.596572782742,230.291072702096,135.509142846319,174.301815134215,128.223092328689,232.136870797391,63.3880195448933,44.7730732737628,167.713531498702,111.116395121958,226.095539571021,178.427782309145,210.184524706994,113.646739173998,2024-10-04 19:00:00
209.810042198526,235.956970496999,254.240844260285,98.4695189921892,169.922598578951,122.921595610942,139.420086744068,196.871071033891,175.136006676726,276.620380937138,279.672125093386,86.8551918172167,185.667672776122,145.167061863082,93.3795248554486,227.396006877573,185.545058077934,73.8532047295809,76.2304320436322,116.600489708495,200.230739719887,237.234965272838,105.138039853023,172.396875132543,203.12550477775,120.799398556222,92.8455910959005,165.856732333047,17.0781039968911,88.4216397655844,188.522689833575,254.311596116007,131.952968144683,184.879460527007,14.2662868541349,113.058574587679,146.71048785779,247.530096497058,153.183505642724,206.801118920103,159.088890973091,243.44671048094,86.1112828646972,78.7307113862999,190.76642361952,135.810763556872,239.543159339704,202.669840007912,229.803767500586,130.199473078963,2024-10-04 20:00:00
211.043717444915,240.080706402781,257.450247776367,83.8997755080614,164.25430664373,122.189180723947,150.08099633646,187.523575197055,187.62763765998,270.093241283921,278.556489917778,104.667327519364,192.976418831557,149.769463438722,95.2049164906154,228.313839674987,194.210319548223,76.9096898607986,88.9688136197904,124.565253997746,197.84159578521,244.739131908131,105.82518584568,177.670380311379,204.208112262122,119.327751222844,101.160260179454,172.875823948046,45.6624377684942,100.559929713312,191.17147452573,259.663740953499,127.819855350146,191.250717492299,35.1703744405296,118.422552266546,135.869078346049,252.43741131981,156.893038702376,205.105923992718,146.114100474214,239.969047125968,96.1906554808319,93.7667276578691,199.617269884454,147.978114693838,243.828587067656,209.153625569105,234.571699947749,129.935963061521,2024-10-04 21:00:00
200.428127193169,229.184239063769,244.491229518589,59.693775130954,152.685921747941,95.5449943345942,132.80570985596,171.191657339718,162.096938650956,254.676573642737,266.997136466244,75.2577845841123,173.659842857882,127.013400041381,83.7694844383042,206.005186110874,175.804415363531,45.9672691319326,70.1732102954246,114.329246020497,179.1795989547,235.197060938706,80.3805332240425,164.718559150577,176.315041437997,95.7439813457245,79.8684455356525,158.669759208888,-21.2439553408498,69.7605770118843,171.487066119427,250.722917691724,99.7425039612823,169.590709754982,-38.2898565801874,96.1810821266266,116.826835879798,241.517204442422,117.361959176297,197.120817000543,133.351041238018,228.482881077278,67.8860024621794,57.248901726638,177.546463005181,135.346735439798,230.954603781875,199.260528838173,213.607640178524,106.386498759264,2024-10-04 22:00:00
189.213452097418,228.191681351179,243.801709114216,59.7315010336283,153.906608158641,107.323843653059,120.250068915477,170.602200195869,150.600308638986,258.602811785795,266.054071245373,66.6126122681964,170.585203909255,121.4129195498,77.3469580819927,207.746995169363,170.395664582737,32.3999382402301,69.8515231727279,103.359448017338,160.457720382585,229.247157129068,81.4365117247551,158.842584997172,155.304361917937,78.2630314482166,74.3618480735318,150.759313408705,-61.8661672300222,46.1378544637627,175.797184237118,236.259923528629,92.7774499250046,160.687099148439,-53.2046982038348,92.3731213987515,122.342590275672,242.786797597429,113.412927402171,198.35597391042,133.104371157582,218.675199124848,48.024546903235,51.2105021797205,168.738737850365,124.704939197588,229.436169871761,206.692994318423,209.794015034917,87.9007255671411,2024-10-04 23:00:00
197.177065539444,223.799216030047,241.743406330231,40.5911497662817,142.714397307786,112.173278246612,118.449772017923,175.792598617395,146.700478423393,247.447539776026,258.281001128802,44.9533252192298,153.817496439009,96.2072965325807,65.9854942485153,205.14533255895,178.773284861401,-3.41183028510571,64.239111115343,104.604907040335,154.309078264915,233.332343057043,61.3987415477633,148.957124176666,139.314512924838,70.5919479633183,64.1000053325795,136.352599336621,-91.9117160139891,39.4868246261733,171.403244019764,228.830177717724,90.0273911784949,149.478022367979,-70.7169157939235,77.5271889494858,121.515467342832,237.461536834008,120.740294556901,188.738149381549,132.833270949899,209.006629669422,31.561107295226,35.5991165254484,173.402087581735,126.494341095114,228.274113597961,206.202057410845,204.511420898585,86.1604558106437,2024-10-05 00:00:00
201.53716197321,226.170791855298,242.576465046678,31.8450546462061,139.222211821143,111.201388450686,111.678152321774,166.857482230102,146.111294057921,245.527266321145,253.94422808036,46.3668331942688,157.221285933603,95.6523835968999,77.8875235806359,198.19231324366,177.260454545992,33.8084746212233,66.3874288464628,97.0918059050184,156.639724166664,229.31960703362,47.8331798706324,148.018712227081,143.623965538116,71.849306979058,89.9932333744666,132.434449140419,-84.8059065527563,24.8995899516234,174.329791305826,231.484968415882,69.4548982372801,140.738473603164,-61.4186702455932,82.3938354070583,122.246469387609,236.246568940729,124.49667354715,190.336905351771,130.964328042531,212.017671885459,36.9526340350021,24.9845181146576,170.445276149033,130.297988838131,220.950738914031,199.856210673546,208.054557247858,81.1049890172715,2024-10-05 01:00:00
199.455034747445,221.514971379432,242.445302628643,-0.363807414421757,147.496294686592,107.99638294598,116.345866000234,163.568354591204,134.752057832628,240.621935122115,257.261234339102,52.3068164802288,153.128714525102,98.3879132933843,90.9351578818831,200.856609506995,171.821617847993,-8.23134318341188,68.5412522661348,89.298377200062,153.260756668929,227.017637482285,36.6503934086787,148.940679658959,135.550261590669,76.5372785999153,94.3838842275194,120.968892317325,-88.1105666908263,-4.06100125848816,176.521816430407,237.146541790548,74.7644886420622,143.507376652246,-55.1716440012898,84.7972762975478,119.89293588226,241.380814707944,111.123239393675,190.916486195898,136.75965232416,209.524933947907,31.9001622719329,14.0726023095829,167.056769613127,116.415228775369,213.963833098852,191.567029366659,205.044700206263,74.3834386126222,2024-10-05 02:00:00
194.225141209883,213.02548540855,245.108564743266,13.1158626969754,159.337099696946,113.298899476351,103.721475428295,160.754969117585,126.847067246009,239.157664349093,258.305479590837,56.3157599659711,155.619214000428,75.4000941156774,87.9396323939409,206.257925243919,172.068232904414,-22.3796220069432,80.6478627332907,97.8902124816869,152.762813422022,218.264553268864,5.85000033932066,138.841684669861,133.644869924764,73.0304959379393,80.6510574791158,115.028776359618,-99.7543018320712,-15.6602324029077,175.860401581513,240.708257620173,70.1287926363829,147.785591950943,-59.9614016091817,88.0881085684497,116.662243061541,240.73860353974,100.785751118668,187.577745528624,137.692139552488,209.807371635878,38.3176123503882,-21.6355059579203,162.532359253505,108.129631688995,213.952234310861,190.560583126039,200.575275237315,71.9906965473837,2024-10-05 03:00:00
187.437769875974,207.544744855574,248.838373156854,-4.39924923150238,144.803688747388,106.038343654688,105.163934875862,162.611537972817,145.1252618791,243.896783366182,256.452008571052,43.2088984875885,158.186109784962,71.2926906760235,85.8667868297656,206.350535226192,168.03231301179,-32.8049600664283,71.3737173831781,108.081058608933,146.867836531125,226.725497097272,-27.5998570836677,145.903475228852,131.60134258038,50.3084448474048,86.7320046873086,91.5558098610408,-111.205328383235,30.3639961801258,177.62097357462,235.483339247118,65.2434009361854,145.064356435323,-55.0303166618658,83.4468468405106,111.361999463871,237.645550705554,100.772829279944,192.671176489323,141.397994553573,198.288789987217,38.9141747012817,-33.8780125585598,161.697778717393,104.897982929713,202.436623206981,187.603454035523,194.47992362693,54.4146537025685,2024-10-05 04:00:00
191.371572441897,210.966870592141,252.179615845353,-14.0652459040349,163.526683393027,105.285919623964,120.660931578493,157.944740869202,156.073450124451,244.752828561973,264.008873042059,58.8233579200367,159.754522552051,84.8761376766217,82.6463619808041,200.483991987719,169.54508581129,-36.6673944861407,92.3871541502867,102.184579300207,147.841948831087,230.656195764676,-36.5816833228293,138.636289107977,127.648390842268,64.3433275632447,83.2961925083273,105.759623605235,-117.526593654714,-15.409541110288,184.928683290667,230.086296787619,69.5356132502141,148.67624519998,-45.0630515376947,100.143267981247,110.448937689158,230.995550362533,95.4100059221219,196.125418864855,152.200164186071,203.546850520731,17.4580921158611,-16.3359975908685,168.671367580357,101.782575563307,206.469256986491,187.099203921624,195.644211032379,53.9454389266045,2024-10-05 05:00:00
194.828747469546,216.390980896695,253.505883940317,-10.0780927996633,185.723100407798,118.279831507168,134.482197474582,165.828352895927,167.157537893939,254.92371472167,267.790162956806,65.9348195055148,167.061006452295,106.19939308678,88.864808165258,208.115464541572,166.106618287348,9.14938668979418,90.7687742787461,97.3140203908671,155.596017789136,241.469687635717,-36.2481367704793,142.547513709261,135.331481684375,74.7665985767372,95.8118723893529,113.127600449976,-114.753933679505,5.35728823072604,189.694636714837,226.857547450318,82.1422526666633,164.66803911909,-55.0203003863999,108.240121842576,110.10940844046,238.53328756653,88.8157892557018,208.172054083042,153.753518708649,222.593435494587,19.9584973528732,32.8162463654993,182.744490289889,103.665166549304,211.595863874955,194.396708328085,200.328005350867,68.0457967130501,2024-10-05 06:00:00
202.34189558531,231.1219288413,265.922491010872,1.8685046120149,192.826662685054,126.531287998902,147.49654068933,173.8281190494,174.811808369672,267.159255489073,276.025536841866,93.9541663439901,178.970114801281,138.928195137016,100.546081029888,232.745546234271,169.021347431298,56.6938038708522,100.361603167422,108.898700452035,170.724395612862,249.868190887585,-2.58198896275586,159.950280568357,134.16371500523,82.4593326434044,101.322827281275,139.885165227353,-104.967162708036,33.3672873656314,205.385729279271,227.894114739592,92.4633350590007,172.657145262537,-16.1913373236126,116.185430238813,114.884262019523,248.321002531354,91.3076640454585,220.348335299523,165.924154107655,232.241991440368,60.7725913407205,26.5953248973975,191.555296434549,121.782052559743,214.987035952933,204.943308252658,199.445683215938,68.464312908705,2024-10-05 07:00:00
198.89034608129,232.819736030707,269.57845758556,21.8312108021492,196.711132902356,125.822637712296,151.846390335924,183.862792458722,178.389446225334,275.40160604651,279.991421431873,100.362799348349,186.212113032303,140.065676522014,100.776985032235,225.226231483392,176.671391311597,52.7343076206784,111.869913216961,107.848506650265,173.546323363177,248.366988055367,-4.67234951828311,162.834702940617,138.398802274587,99.4015918210475,114.765368357993,147.05320271409,-111.875611111426,28.7581665853318,211.017795585731,221.739976912121,95.8499838870211,177.6024855395,46.0524747338926,115.809738735033,121.774212587678,253.081745423926,98.4398260650012,222.971465825708,164.22925382076,230.715125846079,65.7051735367254,17.3178992467326,199.700859349265,127.60683182252,218.971552883829,195.032795412505,193.22848560116,61.2983052869447,2024-10-05 08:00:00
185.777371939134,216.702638307938,265.230398140374,-29.2124592102076,178.64549599479,110.22258129463,141.939472040871,160.945517889675,155.178292190816,271.106963094559,261.76210105201,84.2844982539016,181.573048753006,127.660311228706,74.1935216352232,207.347811917388,164.90142268943,29.3254869551358,109.556777330253,76.2674456933778,164.604653867508,252.20917960815,-45.0136224667582,137.164689194952,116.153796869715,86.9586795281883,90.3720428128589,126.261979973276,-134.366728,-28.5322940784109,194.920730478072,206.121572752381,77.6585875419787,168.456840692783,5.66766033220514,88.5375057539147,107.095227387229,237.979236332513,60.7955467755337,213.809476739899,148.572011420308,217.538012055102,19.5241164762984,-7.88768781070987,185.227736855398,101.346503460381,209.869152231497,178.804059103385,176.537951705588,20.843647261479,2024-10-05 09:00:00
170.322488340978,205.960478390376,255.555061259602,-51.7259061935114,163.931600976566,91.1831824810634,134.446112384046,142.464251532173,143.312214120482,265.444490034268,252.647217096972,65.6882392930502,171.267814411793,124.334239623057,23.3020489162439,202.985755721576,168.322650335919,-56.919982433694,93.0436030616264,59.267447946029,146.908040833333,238.059426948715,-54.6318288919656,118.732079013422,105.210154647717,70.7066416766424,78.5168738383571,105.743432394624,-142.193156574022,-67.037681994633,177.059063077191,194.678645351635,61.20443813259,150.699097308188,-60.2718956623482,83.9429657971649,83.0851229789237,235.968780209344,45.328621793661,206.048271436163,140.62045168245,206.8198186399,-24.1450495391631,-24.2293157716142,171.87715954501,89.3766111672428,194.053997328529,178.391248620224,158.113018197257,-42.7528091455232,2024-10-05 10:00:00
155.691009449348,192.28621150687,252.10489034123,-70.223674100691,164.465301946076,80.2698287181487,126.354316228976,139.587566306744,136.917528276168,263.686920499824,259.791195351891,42.3542284931887,163.625632092053,114.514908656007,-38.031708382432,197.686365995887,163.393455699323,-95.9551633010216,86.6930613946305,57.9827516903924,144.023159584822,226.62019634987,-43.9162463206512,117.820965887619,94.3596155905029,61.5456629794305,64.6209377658712,99.4052166032382,-159.646753883365,-91.071919732701,167.783602436584,200.582083473253,60.5241467707532,142.926125156591,-71.1125838213424,68.4062615440343,77.6225294994826,232.535900374173,44.4267946449289,204.210612103141,140.240674121641,203.98100434318,-46.8096090162676,-37.9433676195053,175.005398887023,90.8250094214067,202.70677789412,160.597486387936,151.600888852698,-47.0699024373662,2024-10-05 11:00:00
150.34761923664,182.631489638751,243.084712986451,-94.1930428388384,159.880280270842,74.1089437870801,129.339763372311,131.865051466559,143.975240002195,261.870314050448,256.64895522415,28.4918379859107,159.933849457531,116.901807803107,-33.704397115054,198.627011538042,157.700427178665,-105.132080812024,76.1472992492912,48.049060117826,142.35536416538,230.535378313082,-56.3513144160926,107.741742680803,83.9598757346112,62.8364656065185,75.1693332841656,101.452865768727,-149.61266218981,-105.57725063155,161.615845727003,198.534029920189,57.5615783230958,142.70438535711,-78.4800175469238,74.2377807092277,64.4684306706271,234.275706362857,42.2895985337317,199.394330390486,145.962709150714,198.96549787015,-57.6879561057201,-44.5470509255198,169.648006292248,75.4753007041265,204.503046746426,162.367223964475,148.667338953949,-57.9919432774325,2024-10-05 12:00:00
154.731198950408,174.924222487171,241.300938516054,-97.3805986769286,157.324900464018,72.5713174197995,130.922798627318,128.652827140716,138.776163208632,261.096880858255,254.466328470119,10.8546499946436,148.69938404919,119.936220192058,-51.5073798661906,197.699733667074,151.651593004086,-101.441980861727,82.5566894460349,43.186568018698,138.353697121815,229.664999330839,-66.4741967453694,108.743875440123,87.8107553289974,58.1277909792412,80.937374185054,108.610134270726,-148.980102917712,-107.642298999199,159.849278031558,191.349313159694,71.0776468754479,132.721505940456,-79.7300313984519,82.5246291964181,66.4859807231441,230.244629702462,60.3630176942428,195.822541731767,147.062553962833,200.857207546384,-57.3789509349027,-38.0847658143689,159.52781448207,62.0300237180475,199.101221865645,159.590894832671,146.262931075017,-79.5162297556271,2024-10-05 13:00:00
150.608928255141,177.60784586414,240.235054338127,-101.155240667881,162.150999688411,72.3455017063014,130.502775331187,122.156225894078,139.376818040985,262.589484193324,259.917931657216,-30.3465194221729,147.202167035426,133.78335008174,-57.5839421131726,197.362626988559,157.259076529034,-112.402745815011,69.964534926278,50.7848997882016,149.699911765905,233.562351847635,-77.4651218892525,104.186471617339,75.7003399966777,67.4769502778567,80.0052223743134,93.1848020328401,-145.620279878029,-96.8638467277281,158.808241852695,191.682539033828,68.2755819708744,131.682337764041,-78.5460478509066,81.4310860041563,66.6304936022109,220.876249827918,60.2503611457538,195.992045232053,136.282954907791,200.219034815617,-52.4544588519581,-39.1138453037892,158.881315783674,62.5409315193626,200.760294874404,143.561992512818,144.861090412002,-85.3834543048516,2024-10-05 14:00:00
152.973983949446,175.209420358251,233.957731988933,-106.603767010205,151.007522792981,77.5880527754546,132.184701515288,119.746416806814,128.785034033598,256.255702096681,261.693743582917,-37.4937517372469,135.559854293998,132.261426061714,-67.5877165905278,198.394509435826,146.577029766595,-116.327582584702,72.328457345425,45.7060088348055,155.468831804625,226.663099634473,-69.4710983121103,100.583629667399,73.6717928769349,59.0160038625402,72.333885837992,100.524094228443,-146.091450200398,-98.9971415719099,156.609621240856,189.493687131242,65.3216404030789,140.372195011162,-74.6194089925197,88.2838916980321,61.8586062547948,221.695459829803,46.9813730991154,198.11930169039,140.599054724718,203.490064077014,-76.005431086482,-56.3806493071276,165.014822531004,53.8493703408456,199.350229905237,140.94916177439,149.426590690224,-80.1314474821147,2024-10-05 15:00:00
143.27397150337,180.588650126557,231.727167116939,-94.9302549620784,150.220361331756,78.4052831307995,134.291691251538,131.190547730067,127.905650627275,253.332098477113,268.243004772339,-46.4846889408822,126.011518170409,131.968216644577,-71.5693004007675,201.874406593955,150.432695252478,-125.85920755684,85.6279197320126,55.4388145198454,166.642523360345,229.689138392958,-62.6338086257492,99.4231004453176,70.4857900519358,65.5411245744673,55.9277731133649,95.1071068201672,-138.393965629937,-91.4574995886657,159.594340692953,186.215851461476,72.7148116791822,135.386877646907,-69.3823270932149,89.7947381858895,50.3146356263633,211.783180983493,42.6781889772787,201.579705654078,148.25622053309,209.700698032368,-60.7135672163812,-70.1951882039319,164.591498873577,75.2214847395988,210.375909783149,147.094842676255,146.057350673256,-81.4156205422909,2024-10-05 16:00:00
148.167278600567,194.299210477214,243.823905467591,-96.7464524146971,156.614098048694,99.0147573743748,148.909797193388,132.993001032318,130.491024871454,256.71375378132,275.456905371749,-38.9436217138757,140.141968831456,138.602434420695,-53.7883319777287,201.782065820185,150.723855480923,-113.09703628531,92.5506292488742,66.6995842705985,167.625474703378,226.126742703716,-50.8210827119483,100.835652677863,54.3813759813465,77.6837035098784,56.7131873220029,87.7008775382422,-126.286999698155,-80.3964291262432,166.301413831276,187.047951175235,81.9481003632868,139.498396321947,-53.0903191410926,94.1677680389531,61.5706818409484,211.619862453017,58.1583837871978,200.168727959134,161.551202493541,210.435258499792,-30.2936159591344,-64.6924067947784,177.859185978925,87.1803926636786,213.108802840607,145.595866110499,145.239330194842,-82.4370324094554,2024-10-05 17:00:00
165.347063981489,201.776693391745,260.636922222051,-71.0723039133306,167.191057894416,103.083254428274,156.968488584597,143.695912165403,139.339423020695,261.879472605479,286.328965275026,-5.93336244671493,142.494591773429,143.679159970152,-34.9171647547671,203.14891788701,170.191629012619,-110.411051550697,115.469601315606,82.3294819613924,179.386604714382,232.286999380336,-34.5994410862991,109.867557770858,78.8497606730932,89.8649487120024,53.9616269437137,108.179464907748,-97.3338385922422,-64.7007512041409,167.116556433709,198.40199168528,95.1977743027883,156.363072963916,-34.1632411526716,109.650998289655,85.9063871233304,228.425387916912,88.7063061509339,205.106505513621,175.424483826069,216.865946812085,-7.49587695267682,-16.5215863962895,187.458029436961,92.5155952951098,226.387285513665,158.913947151863,164.926298078668,-59.4813968987453,2024-10-05 18:00:00
189.147762290194,218.086752314154,271.924395360768,-33.2879952300713,193.128705943576,123.980450861091,179.55552958406,161.238630898949,158.358858905773,278.897218826544,304.394502367695,67.5922369304474,174.966995339221,167.055124904908,18.2611156236575,220.970690555579,198.621030408754,-93.3663503141499,140.91210875561,112.574762771495,202.274909500196,245.866800595742,56.7143866417415,131.772264048915,98.6969376957545,103.789923873774,95.0512511467825,131.255385129778,-70.9898024327394,31.2850235193773,187.090322052198,211.860294749285,124.830360215825,187.488291891543,40.9329550267068,135.196862343055,119.435719321069,246.33666948123,119.225276820417,215.978809437424,190.652659398519,241.039925737696,88.4002975287717,73.3718084112502,211.047371705961,135.910796167523,255.792137714653,180.306101012448,185.074100271365,14.5539202247063,2024-10-05 19:00:00
207.821820854862,224.466288687282,287.123238353622,21.6556787521731,210.476976031729,137.724308390164,196.308404559619,185.48227002831,174.990075996531,292.109822558131,315.062538906104,90.618515589563,194.488978287942,183.979534350468,62.7354691997971,225.311889250511,213.880541817831,-69.992220924372,151.113630324126,142.483835953014,220.896473344798,261.853141941498,83.3394255185937,157.820291750658,127.676410216812,111.499291943656,120.078184858144,149.427552624891,14.2880716352689,74.5763971145117,205.386927230932,231.386260832859,149.038245494208,209.61663322747,74.1431114353429,146.676260347709,140.542999998604,262.637929588886,133.103417785765,233.148962129933,203.664510665932,257.726310898971,106.53605512764,106.44477162155,233.337784415238,156.785250535749,265.305445418737,203.121695478224,197.705894498723,45.3220937849377,2024-10-05 20:00:00
207.165523886513,223.698521468398,286.038637217076,15.8134489023535,207.942606748599,139.105412929484,193.995001918695,196.206942829134,176.418167495068,289.454519949793,317.319427113491,102.141306165522,207.489649195569,189.359258277018,69.440523915546,224.528534566272,225.96544961575,-74.4912215137935,165.344148009222,144.106938151214,225.818384673974,265.540506690109,81.3867824315434,172.688341161592,122.841752372214,112.161839684843,125.975190825792,154.673603394276,32.8946162113685,78.6691538656134,211.023897230469,227.828723154591,147.545269070129,218.064509170922,82.2484948165306,151.4752263891,139.037099614343,273.231089491371,138.541290238999,234.607505303718,209.571664077209,254.110093848772,111.65454755597,115.795513758364,240.24222248412,161.957827318246,267.41753296043,205.714268824546,205.064602275908,61.0936653340308,2024-10-05 21:00:00
186.484752849897,211.32748942256,267.529507327722,-42.4687600178855,199.603472123464,120.484307965615,183.319109601802,182.871515677661,159.511047611528,266.481113908554,307.167534799965,74.7096823940645,194.791262204751,172.758753010234,57.8100063096783,207.657848894842,202.439149871785,-105.036196550481,142.87716000369,130.857341796517,204.80606147541,252.323251021804,37.3458618513966,162.868886334195,110.887932237698,78.6855617209802,105.463923793535,122.175633933493,-39.9668879490589,55.3302781479866,196.868603289212,213.746472875384,129.762932285918,205.462929187175,53.8816335826402,136.85283873365,119.038499469779,260.774442210796,107.815163879277,215.521705370592,197.830733175969,247.026726607354,82.1034827087318,107.32318520125,223.0301602453,146.233806870022,244.490073836458,191.34227935237,188.959840408395,15.5486820947092,2024-10-05 22:00:00
172.35691597972,208.932580208366,266.393668609844,-52.2656957575842,202.084262343768,108.052741541932,170.641792128653,179.724464238074,159.339445719652,274.403796347007,312.258303742007,62.9974568006028,189.509082183104,169.537455351008,49.9991100724029,217.160527710681,195.742143978051,-118.156565948069,143.420433701061,118.242803544674,197.891552547732,246.356465686396,25.3726072622693,154.371186692415,108.330576853501,75.8436177916491,92.6475310252571,111.936435240726,-85.6540682276465,43.4001670005482,189.698103521479,211.303418418799,109.252459519556,207.874642866877,53.9964217935774,134.199284153363,105.982049108789,260.44632195681,88.8536333671069,204.921270775239,185.63988429704,243.124090361269,67.4477751195212,113.333028192126,221.165085672515,139.058070068828,245.314213273535,187.541163488571,191.891617014752,-45.252291690558,2024-10-05 23:00:00
171.559777631736,200.702687714883,261.545159790687,-71.8367852665926,194.281988457125,105.735973777304,174.477654149409,185.389706911346,160.593304225878,265.293271408614,312.683270649687,65.0991042474369,192.9113621319,156.590528737316,51.9330788718682,202.057557353731,188.358801015647,-127.471837277518,135.338716674807,108.027414430635,197.586422881813,246.509732646451,41.7882866300745,155.303871923048,100.606965178894,72.4590049208857,115.916817199132,103.828579067738,-114.429010508156,11.051715655346,179.966591263621,209.874854063479,110.452546021347,199.076271298736,63.6534453402861,130.301749114922,96.62330224228,256.484261137264,76.993724821058,195.374635951235,180.192852372365,235.662231140241,58.4953255256914,110.450311438681,219.461394999702,140.55011182295,245.291440574932,191.603561876481,190.871235042876,-52.9986040362633,2024-10-06 00:00:00
163.667615235031,211.806666069323,265.521407438625,-79.1536463542887,189.330233713769,96.5748041311358,165.04786709114,178.729133786091,158.553760505907,267.32339593523,317.026724943492,61.7480243772466,192.7727161614,151.392404985664,46.2311072128292,201.956116315835,187.139552626203,-137.54175374301,130.997432345553,103.919527319517,193.600569072918,248.813095560476,49.096020655606,154.267413709603,105.665747519493,60.7756072760141,123.184071500905,108.837795293891,-116.98176482999,-33.8690671216954,177.560317020846,210.708421875278,108.768415333629,207.455162207041,51.1303927493139,120.108846453783,90.2563623045473,257.76757522765,85.8119888176476,195.407213528941,170.30232428162,243.560851562068,60.7762372942512,115.132782334295,211.976655402303,145.327081911332,243.609996130045,192.606437508011,185.806198344176,-67.4985423094025,2024-10-06 01:00:00
159.754488887041,209.068150706868,265.224946579133,-104.726864228105,183.31893824889,99.5297980379732,158.9202186426,177.249140049636,153.808776480136,264.215987347801,317.942441348882,52.159320794605,189.641410684884,147.656108121068,58.0777047706745,198.903655949382,190.085015457288,-137.904069915418,127.675098524014,103.125976624257,193.399816387019,252.038901021082,44.3972259069532,151.300922674606,110.733745395028,56.5916380645804,120.447936734937,96.5835453918667,-115.723248059028,-24.1539855873413,185.45379227994,205.235990555349,107.310761417724,213.050085277774,-16.4469614638809,111.23716714902,79.9375223191742,258.938864537479,83.6303979819293,196.727553456167,176.265573513098,242.030056554785,46.7107533000605,114.74300659673,211.934981452346,129.755501439577,240.58805603959,186.668922746723,180.295806257824,-65.4772531641864,2024-10-06 02:00:00
156.46359169749,204.750588304729,267.209829554454,-109.108821664823,181.27504207444,86.1590156052334,159.141445722948,181.398200119859,144.907517525863,264.064701982953,314.523138221233,32.6918079539787,185.091173212366,144.340530788945,57.0857897523455,188.814041445979,192.691804687968,-149.51041337496,116.815668919292,118.706855584099,188.422493628762,248.262818761906,36.3673962402362,139.092528226581,107.578185552906,53.5274363388539,106.768558693975,92.6305974597248,-123.967638683086,-40.8238510940233,184.579206493666,207.856426387735,100.034417663272,211.01162059694,-35.0650572531205,101.105579944109,77.5116550140013,261.830124929832,73.8248468660469,183.978764619917,181.306308520004,238.801616341371,49.1020870607754,109.950710569769,217.232838899995,133.871892012566,238.09816496609,184.020529692829,181.808810269006,-80.1427186781838,2024-10-06 03:00:00
163.552809557658,207.765317419713,264.901693676563,-108.26777291254,190.023443898555,89.3206740418397,157.736326635639,182.214427601499,149.131873164785,264.73901340728,309.864676690614,31.009582379046,182.510949907292,154.867586613117,44.3346267352905,181.618229851478,185.852578079897,-155.053362516944,116.24972772511,117.449341325684,174.567957256532,256.061484486566,4.69562723749225,138.070958313995,94.9855681892148,40.6572785943684,102.819884477832,75.540157180445,-131.929224382867,-48.8275898792269,182.023111759038,219.53757076669,87.3305545265008,214.447675508179,29.0384749196508,99.3844595154668,50.6118988536803,255.346352797434,73.2987045475456,180.828090369396,187.275422890842,231.633851146395,31.0497435923076,110.264237287391,214.925537668282,133.516088997217,227.805061270969,182.065361855554,183.586067485464,-84.654331894689,2024-10-06 04:00:00
164.078013622085,208.499315341077,261.078547903509,-107.625599572793,193.862800981446,90.9545989080022,151.790853288475,178.912184247751,160.368895281018,268.578977010503,307.582074540731,27.0186025276251,186.180058218807,160.862581855753,48.3556022383268,184.711389130741,182.71265627415,-147.71261091822,129.233126499476,106.810696551997,168.585514644876,255.309157131575,1.58242899542269,133.433551952241,88.5004694495576,51.8300310563647,104.367362469041,78.3294792371524,-138.264617968337,-57.6184835923636,195.911075959536,211.297018007947,96.5785011093859,220.270026920959,32.1109781394917,119.013431078149,42.3954165972616,256.929523788254,71.4140237099221,182.212402222373,204.709004472303,230.498018221415,-1.93085009916432,124.551321053362,216.904557817557,134.732739894787,231.5857980986,182.745703051574,187.127588008894,-78.9971466944855,2024-10-06 05:00:00
169.493781535722,210.663246937215,266.863194703138,-96.7605329018384,206.695207702879,90.2051794658475,166.698367656918,184.472429844695,160.371688034036,266.653936077219,302.60620466209,60.8942983705216,193.360668984684,161.470010187764,54.7400985311451,190.4780124504,182.060421703942,-144.025335873886,136.371563068698,112.936092061499,171.156705541843,264.914981377682,38.7151665652994,145.97707677094,65.8645981388735,58.0694796475059,115.582075069883,93.1849120407427,-123.441801741096,-54.3649083999132,194.05870356139,224.229964609855,96.7334061578918,224.739853898185,33.6026077471732,122.566559774572,53.0513844346596,259.746449542858,82.680802792817,196.870833128161,217.004436652458,234.913158418686,-30.5084781731362,127.053480024005,221.396832655133,142.400516522441,237.387147082126,194.674362437024,185.745982711852,-81.3523332141506,2024-10-06 06:00:00
180.11442093402,227.293787932064,275.671483846389,-82.578892792345,214.917419206186,101.756562859518,164.029115849826,190.864719343697,176.283349928959,276.078678220297,309.199098486352,86.7940379341275,204.507889707671,170.520858940423,87.5576227863953,205.334725666051,185.483228739534,-130.568478759964,149.911816041337,115.858708551359,184.660770806973,275.209387376612,64.8050161121648,164.8811624159,68.4726817331434,75.2664262274535,125.922924191754,123.980965722117,-118.047012592975,-36.8696584595308,207.086180709187,228.572924025197,119.289924549148,237.176597719562,65.1991958850353,145.870889200195,63.2260625789224,264.243539975967,99.4311022181191,214.597526458383,236.379301160028,244.413818105695,28.4845162194346,144.005758080428,235.012992146234,147.468256653261,232.625092166174,200.788761276055,185.971927916196,-51.6305241582347,2024-10-06 07:00:00
174.893114272022,237.772534750194,277.175386482612,-72.0022508590561,221.077680841495,101.322385614042,161.294532198522,206.112078827439,177.956748218562,279.891976189197,309.931238306353,67.4786305182296,198.623625470371,173.33863032136,99.0432608508212,202.039240287983,187.768068019983,-129.14809702693,151.075181211227,116.948640146377,183.226369022269,273.850811872717,65.9055518184511,173.628492095031,69.2314802421768,84.4346179199308,117.023058716413,114.307677420815,-115.369587249629,-37.1409530304689,210.597914965612,231.807736612104,121.366957454934,235.977587860909,85.1256951358335,150.193209889326,80.1861376169891,268.124260925443,123.788702641595,217.695791299697,235.231807287166,242.04647212345,39.4080930826453,156.770418734488,239.721843696037,147.461567781872,235.302908185704,200.220203524399,186.989185643886,-51.4029220925798,2024-10-06 08:00:00
160.461850742703,224.700153958921,268.023828681905,-87.854322434972,207.057923791484,77.9950662778088,141.072680020169,189.54421548586,162.38705529312,276.574616484064,303.192356592068,24.4171032398551,180.273832794181,164.768317883505,74.0646392969092,185.012647693589,179.419377589141,-145.346411265512,149.25062570727,100.096762644361,178.829495763635,266.245776917952,47.0462429785982,151.166022042748,34.1465523155664,77.1362494307276,92.3604452991892,88.4814415811115,-133.528059898408,-63.4137556046952,190.585431566394,217.460821658297,99.869792321065,226.859302183156,60.6411575758817,124.062773888892,55.3776217333138,252.027539418776,89.6855381516812,204.280005604935,224.355449573108,232.40068730112,-24.2076880463927,128.989308048187,218.99422906331,127.199549592593,225.239344391546,195.041594233192,171.320166690195,-79.1260145552869,2024-10-06 09:00:00
156.294727837594,217.84466278673,264.456720917558,-116.848073347783,200.811238829953,35.5439119917358,123.699090016407,179.027364584457,141.704116031289,266.654285191105,288.118475863117,-44.7787079465686,154.006888305947,162.76849878343,45.9497812624361,166.609810580198,166.407401874004,-155.274209709846,130.639903412343,76.810320873755,164.460766089591,258.792537871869,18.0325192204554,125.722458172829,1.78388398084289,72.5883389927758,93.5866155545937,85.2053521213239,-145.795139657817,-93.9915755186553,173.832931636304,203.711698637882,82.988467581993,214.03226454229,38.3393638534314,121.608124669559,43.8938111267411,241.69547025615,71.9841872201814,185.827539361382,207.941788345868,224.63274491375,-34.2482875202407,110.72358908192,204.091243601083,113.675148777337,218.797621194286,179.410440069767,161.965360421109,-68.5708116890271,2024-10-06 10:00:00
152.171652583905,211.231308184932,256.525489400076,-125.746487158099,195.15537392224,2.77918186861722,115.017847483107,174.9824516874,135.47190714502,261.024111689218,287.24282514169,-71.068805495537,137.665640252134,150.213613308657,34.2712592718806,163.538165594943,156.911427987229,-154.805424489621,130.067720206205,81.4821235457514,163.312241635512,258.194203523755,2.39184310952206,111.905357283183,-30.2753031180793,64.19164372794,83.1018499598772,67.2485073131499,-152.823592781777,-104.060094552322,174.036010897747,205.602853884999,59.4471250980886,211.59237115263,6.82071952052608,114.937194792084,31.4061412458612,239.894264390277,64.6030118959967,175.220884411503,202.045337598678,224.192143799013,-44.4451357885668,97.8290946798218,196.334120048253,109.549121381013,223.39116397382,171.344640929394,152.990892191856,-69.0317201907395,2024-10-06 11:00:00
148.908464768852,211.909704903307,248.93812327162,-122.741830213732,181.071520131424,-21.6520264405235,109.803714855839,178.08242162528,141.610780017717,250.543595648431,283.749154337328,-92.7569442011084,146.67882729375,149.165856365656,-9.89662658787777,169.632072761515,163.042382350692,-164.465898654092,136.214127232488,58.8876117904062,162.825073727226,256.309030312354,-2.46553067903121,103.173187640607,-52.7242581158875,53.1694793662652,76.1062839667721,65.9951122353273,-156.418973012086,-108.965217322453,173.954273463188,194.881972372887,41.5938471578804,212.475367136638,7.52318035344624,111.166284018371,29.364104751163,231.782205074405,56.156783820077,163.229118981442,201.20278265476,216.671063106088,-50.9500280347672,80.5534428796876,189.67205041327,100.858258101307,226.021283143993,180.430061206973,159.724736997342,-81.9000310151971,2024-10-06 12:00:00
146.308343657866,204.910389827652,245.264585548123,-129.647428958238,183.508386077489,-47.6356693078675,104.045158662182,183.217633353446,137.467332047431,249.405788940477,285.747986221798,-93.0110469244526,151.399256039642,150.716577161601,-17.7312793391493,171.137390407839,166.003746934837,-161.718836572913,141.453841731118,14.6483331946445,163.835531776724,256.811121579055,-34.1171104544936,101.013858860225,-50.7062339291442,52.0444641709579,79.4097163229198,60.62693601013,-155.352177195274,-109.801731800487,179.785266980305,191.457367690187,55.7710052612354,205.44172071534,-22.1901570045795,111.929106395516,7.22312124917354,234.493714355913,56.7600119702476,159.831609785415,199.827185133672,215.448256563907,-55.5195723376133,79.3444756849805,186.599308045116,101.20965475443,223.172296748311,177.316362691672,157.605729137745,-87.4363154488561,2024-10-06 13:00:00
130.399018484961,214.807822662764,235.447951476604,-129.86676320143,181.25875692993,-48.9753279358575,100.831168090089,177.281057283511,127.784227646983,253.151855020682,290.210393596689,-95.0257532580169,145.117534727095,154.777551076662,-11.6129506611337,164.299217026805,170.499922963477,-168.507158439741,127.740076825713,36.7670029029571,165.383910539625,259.664623271076,-44.291691669264,96.252700183675,-41.6113787402082,38.3892442700229,75.5452108684862,41.973560222785,-146.954121502034,-110.197546109619,178.05079287305,187.510334178985,59.8927574597173,196.563280035471,-33.5929137423418,94.294094830258,18.4517448914969,233.736615198919,55.576530317357,154.760254972461,200.780304049225,204.574119940342,-58.5477639370361,58.8287444538937,184.594113067852,103.768491675318,224.554876672959,164.431981380656,152.233960553121,-75.8265278106679,2024-10-06 14:00:00
136.858402704434,211.577071756367,236.52639296413,-132.478225764691,187.351030647821,-34.5443873606813,101.393945543753,176.923299299323,131.924137944957,248.570078561523,285.249393362835,-94.7646156949166,148.604425365479,144.315323047954,15.5965244234344,160.896044151804,172.030840216126,-173.887304009668,125.986322771261,39.7349089988034,171.270614966684,259.832960008972,-62.1726137121841,110.449480184048,-23.2466392206921,38.4283462634539,78.4652583252944,44.7848437113132,-149.961450846786,-106.801717606167,184.70368811891,176.485018502506,58.3629521647521,190.962519691808,-60.4528874987005,94.805910263936,30.8959211774674,236.179266144282,58.179466887746,151.963329866277,204.849668767367,198.587950230111,-73.3555023517469,40.9251233786651,188.625044731402,94.8179404890829,225.878270338699,160.115553957089,145.18905674026,-69.1219020491442,2024-10-06 15:00:00
125.785752146588,205.219361682588,239.476826577565,-124.566070331758,190.742466111726,-15.3351973703583,97.0066525780698,180.045193171318,126.999569067508,245.58075013439,286.586348672963,-86.3018740898415,146.561836899119,148.813534024137,23.4091997778221,167.243801957632,176.834652476342,-176.990749872557,127.882045799995,63.0607061537952,166.924861571248,265.247636431965,-31.8000271628652,95.700955531519,-11.2462105243246,37.9308920687286,75.3427820183076,42.4929047266666,-139.208371763623,-113.750611931609,184.980183034499,179.099144235719,66.8085483752625,195.104384446655,-68.7208602798077,97.1543126057249,24.6188733468654,233.680392696856,51.1829851460956,152.987367373753,210.701769641872,200.297744108066,-70.716712437788,42.0958858857577,189.723074903343,113.233635182743,235.112705869533,160.146133951616,143.749442510224,-66.756634517651,2024-10-06 16:00:00
135.080775962296,210.277163579821,248.483426451085,-122.080342435602,202.764278429508,12.4283054623515,90.5572841134719,188.112787726384,125.19545039204,251.566891496519,290.353821187333,-79.9544189178451,151.891434074309,142.295012410578,49.1989715552479,174.579391475362,185.222783111515,-179.084280510873,138.092735097426,77.0208849223349,168.641179866972,265.45809131325,5.0028908785145,101.116147172006,25.4179070447166,49.8474212690144,74.5019804985602,61.1140384790411,-135.417581719259,-107.422547446908,191.322497448238,181.806208295114,78.4137625143093,198.069777841103,-74.418950565221,95.3202599873868,34.3692253063115,231.931406730023,51.7596479684289,155.506071296584,217.607286024224,199.604033289613,-73.9518980914321,60.3172918319947,202.472488972827,115.193688861815,240.037996714342,156.797112268103,150.093220069964,-67.3943844399147,2024-10-06 17:00:00
161.976207459779,219.811963573549,260.794559306654,-110.6604931924,216.794506679511,28.4925463328397,95.6122213402687,198.176711346801,135.789733143693,253.959674063869,294.829865649513,-49.0956497615825,167.453653034109,155.614515362497,72.1038542322836,170.812085341977,195.724768486482,-169.873888297668,149.179184987248,93.3334993744276,182.977990963506,271.074517628278,15.9739989649482,118.452799868443,46.515288539853,74.4263145263968,74.4334536894861,72.996601788965,-120.684958767359,-84.8704766410681,203.511081018227,191.972835563913,93.5732794987709,214.489247386825,-28.5905905099678,115.895896278191,70.7355005949322,237.095970038584,71.6118447511117,165.833731522803,228.545346828925,212.018760031014,-56.1617562358086,69.108332556323,213.916176881057,129.434907172561,248.143865761994,178.594791436637,161.718853145474,-33.3933778904831,2024-10-06 18:00:00
176.505218228401,243.322015090294,273.985612607064,-81.1847377282329,233.813886341272,64.7487531972244,109.764901650602,217.704607818137,150.17098245143,272.729659523804,311.105705985006,10.8363928265512,189.257597583167,167.703173834439,104.777579532492,181.262029945903,212.256068799703,-149.042099613985,171.719879587259,123.068769213653,203.740949323559,290.285569315521,55.4887717948735,140.398530433542,90.0264814503969,105.839312992597,102.399518184233,105.089504907739,-93.0363899050436,-30.845330641342,218.416882794138,206.603319422949,120.734876683702,233.406912475624,23.9796110008537,136.97954730299,89.4695193675751,253.657850378746,101.903990756952,184.194063653285,236.768786236586,234.043571682597,22.5431802644944,98.5266209266608,230.614272615165,149.346475258862,265.548498335464,199.125795402145,173.781049061429,35.6898117034152,2024-10-06 19:00:00
198.357656185568,260.078816490475,284.299198795054,-49.0745118540086,253.484026235406,95.737421610322,134.739731584339,233.782913854689,171.495969393989,291.039433671382,322.418271690825,47.7303212118479,211.66651073363,182.928371564064,143.664095788616,191.235864430232,222.504879490913,-126.673855382022,185.728635470007,141.624144746307,219.799140882944,304.577607156191,91.5535727533831,158.636924786746,114.737658964056,124.546862135511,136.547543830347,119.907231161298,-63.7784053227098,42.1453665166315,231.097118415105,226.435259447128,138.271810782328,254.641339871119,39.4742916642166,148.626053543805,119.893925193734,264.271964754746,113.694002567452,212.456239981923,246.850418455326,258.629132997449,53.5602273114501,129.020586961618,242.481913242089,171.619348919412,279.033408348368,220.536916820771,196.131257697165,77.5411478881758,2024-10-06 20:00:00
199.698537137093,263.278800148426,290.265950580464,-50.5825512619343,251.473966741334,96.6197767777437,149.262489525033,241.091144066992,177.994893193304,291.134874407964,321.441864595901,49.0163339580041,219.291847845645,186.538612816175,148.731397988757,183.014425447786,224.091343479528,-130.091711466343,192.402331349104,154.143014426524,219.623118952458,301.313354711405,78.2677601888069,161.818511374851,114.424201521364,126.596286446751,148.384225015205,120.687633377981,-58.9030616218452,51.0740806928147,242.12351482788,235.517534836943,141.623456754357,258.123056756214,4.45423099273422,161.339348532017,112.32583973156,268.449019107345,116.698887405285,214.761520768609,245.724090048472,258.476444831462,56.4198383064085,128.075388283017,256.620150202359,165.325743897875,275.130235593069,226.617174685628,201.034385645999,83.6412827695771,2024-10-06 21:00:00
172.280234144934,244.999181774756,269.723729444569,-80.0787160229199,246.826878970529,59.9993197280513,122.933836144841,229.209809760142,157.685671713871,274.602772131627,305.367382295061,-26.3096832873592,199.398509986358,164.068995591592,139.177325228906,169.463955392098,198.403787193231,-147.875496551262,175.746590806251,135.012343239378,191.489187312158,288.922800084514,29.3745615092972,152.686326708225,89.2923018406729,87.908613143562,127.199281583139,95.6044176137579,-84.972895470249,-25.8794077321555,233.221834913829,221.4686113709,124.124503902198,244.761758411956,-42.0114603784573,139.08937793213,77.7598229723288,255.019781852816,100.34958871686,197.526289044555,234.141383538207,253.615581326095,33.7775927708789,112.759096311518,235.574575124232,135.52953947168,254.125120472248,210.72957558832,188.76647441797,54.1917895528121,2024-10-06 22:00:00
153.568319251295,236.95265395954,267.720791267053,-83.365341526074,246.721142393238,31.3885655527533,106.532895019092,219.016342058765,157.606512157035,273.661579285412,304.31947908673,-49.4595647268156,197.31750791553,156.486745415249,142.427784688395,167.017982687455,197.743128082014,-164.867709895005,173.081798311227,124.674291763654,185.846802830756,293.409358159217,-7.93886849475635,149.034703802581,70.487859842282,91.5888089434669,113.085233373481,74.9609389986967,-115.799486448678,-56.9106571358849,238.089330290089,215.22029191255,101.369759312432,237.897312784583,-51.5048695988946,143.704245362134,69.9666405493619,262.198686636607,106.844483968686,187.296717668335,226.328028226613,244.956170269414,41.5821380400054,114.52727041952,232.193698947067,130.767826276022,252.090615089162,203.979179068542,182.193941677206,19.1265764739228,2024-10-06 23:00:00
140.548405646046,231.281942678599,262.194596104649,-98.7878931156352,230.39452771702,32.0173301099678,97.851957195623,217.792836914261,157.744841537165,269.517724196489,302.581724880196,-49.0531595308714,194.646510422748,150.279078576221,131.132108137842,165.515362776239,191.339606470611,-180.316463411757,173.465188838279,112.904851740242,178.807434643275,286.058318039582,-32.8950736718692,149.329854827807,59.0372394576482,92.1700202679333,116.062435102227,66.3621068624778,-116.458919032361,-65.77633333909,238.860515538555,212.206886698399,86.8046083028117,225.301191927942,-62.8965634963409,129.811471725569,59.1857722416127,259.855407191138,91.7659103954238,193.129426515196,224.862371813354,237.58857341222,-25.3490993517279,103.440795444088,234.501719882116,130.5127600052,248.796521027574,206.23348690695,187.290989597679,23.3759333337144,2024-10-07 00:00:00
131.529304406974,243.471591893504,263.428243397367,-94.6903603509552,224.574800728629,-4.21281151981229,96.5138289695661,212.112033059949,147.381379076605,262.981865215421,299.213720886566,-56.623197923324,190.847385622081,153.811111983576,126.920749743239,162.277532784301,179.24470515889,-177.094091037416,167.584331383133,109.769871924667,168.856845441871,273.708925142414,-20.0606670000551,139.014074043443,67.0877385229726,103.787259218551,117.348637062794,78.4814214017484,-118.52969639285,-63.150356337359,237.818083796893,209.536524015452,84.8259279127759,233.707285128904,-59.242321024438,127.246796899296,63.8378019012543,250.877124982118,96.3578541235258,194.05920104616,223.632388442838,246.259517693031,-30.7032993305871,100.729616927482,233.590440022253,135.599808448065,244.565767184705,209.040097793587,188.745748243628,-3.97717199615686,2024-10-07 01:00:00
120.324010861884,234.12043271569,259.707553917173,-84.9054579017741,216.001888075509,14.528410918863,95.7156120995248,217.07152146069,146.645202426333,257.593175339981,305.896580970624,-49.3712069336131,188.819072147335,151.879347549187,126.468819779489,167.693931951158,172.227723964988,-174.413597094719,178.213749205111,97.7378381924821,178.167453937305,272.402343703014,-36.6215421456106,136.876547132107,59.194942461154,101.99845914944,99.7967219332112,68.5703142313488,-118.209463143754,-52.4895132352774,240.443345303751,207.510414389989,81.5309969005965,239.573136391941,-73.5819909817243,127.233145959838,63.5346935825124,251.375360454335,106.188781810021,187.57488136575,218.698081679118,254.525561025033,-33.1689791747873,88.4263359464278,239.32078144492,132.514198024601,238.719390077525,211.89885462074,187.446232928519,-15.5661007111303,2024-10-07 02:00:00
122.549302084755,235.497494868321,256.76545522344,-72.6613695445203,204.476026997843,-3.04209675906259,94.5888972410054,211.178044624945,133.622192978178,249.362735528197,300.836207407713,-70.5180403152512,186.267078331357,143.529548366884,118.703920785508,150.071374627316,166.587500325255,-182.913714499386,184.168985672768,99.6226424408916,172.171049473996,268.920003157177,-55.8722836415633,119.874773925744,66.680896460471,103.943674906041,81.957319690763,74.7161021014265,-119.478798454881,-69.6428359125322,237.290553087545,210.832471259869,90.3353595312438,245.15769406845,-76.3698637782113,107.838198361994,73.1737293915498,252.17746664923,99.1443985236391,173.062919290504,217.648260172602,253.155719481001,-36.6564429459906,82.5848130017519,245.146643720345,137.292747738514,240.968453821502,207.356130570662,177.473707913525,-36.4712057635317,2024-10-07 03:00:00
136.395307915747,234.452901593552,263.843716474007,-78.9250697315928,203.238760226961,16.505838568465,99.4963226287207,199.988794703639,133.511720993317,247.842488182393,297.363937568812,-87.5689503942844,189.378388172311,139.797517167953,107.941767135396,141.445155819744,151.439823055596,-187.376944127641,183.048626318461,80.560882180912,163.763676082035,274.942569330847,-53.6460233445507,118.57517714732,54.7920519526267,98.2823957225914,87.5114697486917,68.9563878510772,-119.582087515887,-76.3900598264279,234.46668156222,222.365033295051,87.373584539628,240.857554919798,-61.6961612260304,96.4397122019896,62.418739375372,247.384048930854,94.0494651623496,175.89486562307,223.106453652069,248.54443002768,-21.1280425238738,89.2542610190894,238.638503870295,138.431795771032,236.721233958789,209.978695926709,181.890013254262,-46.6275655741829,2024-10-07 04:00:00
131.418388917662,242.262843921535,267.406250907479,-92.068812761698,208.494324531071,37.6601631219212,103.487454056171,201.626038780321,138.241670808291,250.236362087714,296.226338286972,-91.540603176287,191.660556274205,146.566624387123,105.53561671134,150.179181308927,151.671855983471,-185.919103936403,182.463341780954,78.3073218445987,157.578810128841,268.127675554063,-39.329131852482,112.746059342619,38.5405120251615,95.1874703364146,89.877271863195,63.8451298449427,-129.261250846468,-90.0369839027154,239.710846839366,218.594330054276,82.6897898181745,240.054975030726,-32.5472061879445,105.081680582511,72.5377928826794,246.251664957538,95.1699174308366,181.619780269321,225.621267022936,244.867559065799,-49.3332319809715,83.6938993821048,235.241662948739,127.250544980255,235.468268440597,204.907042213894,173.6146074282,-54.2853418551267,2024-10-07 05:00:00
141.501458088315,242.099519509613,260.331452527994,-84.1605109450431,212.399656722488,27.1473388169022,116.350560883695,210.92440016759,136.610392763938,254.163098573018,300.247788433708,-86.9525338496206,197.781356786037,149.447571478455,103.359467025249,158.395056193678,156.076451246578,-188.340437641739,186.534234266836,88.2289727272943,171.352149415152,267.698992676491,17.1274457508268,128.386565628848,38.1946477688463,96.4417383090933,99.5491412285882,86.9700081931473,-123.349919773066,-88.3945420188305,237.789303586529,224.170536118863,94.6143363500354,237.105473698789,-7.21441869433471,95.7331514736662,89.1376141271955,244.578785707113,102.693725375219,192.449149527494,230.166965338904,250.83472681886,-54.8743323026766,87.8445748504145,245.605507468032,130.758830137533,246.479330966255,211.156073612644,169.426564819546,-24.6019101196492,2024-10-07 06:00:00
157.896020748832,253.346270538921,267.71857539951,-62.3778715912614,214.061768527982,58.1213506310074,117.570912162567,221.021195526595,156.746403781369,262.659208290151,313.52122322435,-81.504994509528,202.013407382437,153.352488729698,125.805049990055,172.176891955147,151.572765905165,-180.684305110642,197.488540399369,107.681183853136,186.347737966286,275.430180262506,50.9244505057422,146.96427612574,40.5511095163608,112.985704830611,111.282852521318,108.003114473358,-107.356199297084,-72.5667304560512,248.958144865634,239.644309646899,121.202900072995,252.616833704824,40.0267676080328,115.811579867851,118.063038301727,256.455608813974,103.443230211957,205.818656307426,245.33618449098,259.201189109735,-26.1170428093934,97.7222068220331,264.213948125363,147.116626533842,256.325241418594,217.611600312145,175.489990955382,13.9714475188122,2024-10-07 07:00:00
159.410421792747,252.95105980056,268.411130060268,-46.7380802554328,215.005619997583,68.0520342528872,118.251389211356,234.471609637324,161.688166221876,257.572874247042,305.224479315621,-78.9889789872293,201.656182067819,156.587623042465,134.99653519361,179.133354136121,163.697928503091,-180.720050307711,203.160860163855,107.414967090846,184.445531498112,278.281542653029,64.0933405596374,157.004260389394,40.7125182539709,115.735852257233,105.490501906825,105.90669011475,-101.851356907261,-63.298366747886,262.46444411151,241.664747558689,135.843733450442,255.256558538017,63.5957025494877,119.808700974481,116.970291453817,263.91092918001,124.216568888247,211.432033534646,243.218794589159,253.604002306642,18.2680141355279,87.4975180510607,268.757366350133,149.947201243072,255.062190755418,217.42076659285,176.654496331133,-16.6662909399907,2024-10-07 08:00:00
138.430345878083,244.178841213733,252.506656319701,-82.205824615996,192.621863690991,35.2698864616238,97.2783149074839,225.599616384224,147.425411284816,242.525350145899,291.567769734282,-96.1661070637205,187.40519626553,147.987175852278,116.777508205579,160.650041332509,147.805011633224,-198.800819141212,193.818544243771,71.2395167104025,177.600098223358,273.452278833539,50.7581800201008,147.142444392075,-43.5715485188922,107.608053075037,87.9114346295637,90.622103265041,-121.547520324384,-86.6538145743368,243.07888912906,234.90942211967,124.758561259265,240.560660630437,39.1359116197889,107.467335335033,91.972089836599,249.233370404869,106.851694492152,195.296055806992,233.52534262002,245.21537336571,-34.8131675469412,47.6798154500257,251.179263656402,125.814770068771,243.66622607523,209.588522584094,159.760286200455,-69.025192579462,2024-10-07 09:00:00
125.598872540768,243.637147163164,245.014296030742,-111.404531305089,184.133974763723,-28.2797456975216,67.0705650190698,208.268496858152,132.058461148776,230.501849271147,273.093020395243,-104.766557760376,169.226620370293,140.789400832265,98.5195337388786,162.148879827963,132.408689903659,-214.720825448077,173.354506418455,65.235906220233,163.858409734983,257.314558683734,-6.60387704561573,134.603934541989,-72.4684320722689,99.1550588567688,72.4789462813301,75.9367209371021,-142.211864623691,-110.731797377655,232.735007790978,224.120736267221,101.008248049173,234.105161582162,-22.0136210218686,91.3259109661948,84.0798436982586,243.422320764152,92.6622448463034,189.623149608809,216.096340040136,238.943177431709,-59.9192560853417,4.35177463707953,235.955449488848,109.255215750321,232.429735403549,193.850526612544,145.985509052497,-95.7818653969297,2024-10-07 10:00:00
117.644463203968,247.477551493408,239.496284317879,-118.458581440253,182.991368420066,-37.342748913625,38.4911913234072,208.301720396658,119.05907372076,227.481037327668,278.746666367256,-112.085216568123,157.749115226296,143.958742362042,102.200168436738,156.365804189622,121.522512061259,-225.327147187059,176.90382214779,43.7978553796238,150.906087369729,252.300143133397,-33.2106606847483,128.112545036484,-74.9243085979726,101.100480115081,79.5970425412607,62.9025444846676,-152.491454206011,-115.858395884283,229.030594152387,228.441811559861,84.4228090398102,225.808568141359,-42.8420806657996,84.9250723489262,63.1044017906987,241.341278017999,83.216293260116,180.038349172201,216.323876543153,233.447746346383,-60.9269907004324,-17.3854454695219,226.334406759916,97.5595314787047,228.915666240694,183.810803159471,156.496647375767,-91.7561723819763,2024-10-07 11:00:00
117.73513649951,249.486000632333,233.845502771953,-118.807043840009,167.085149459511,-37.3203825206991,43.2716885628698,203.946705372705,120.569924561164,223.92893880114,277.808335304454,-118.032730228786,157.585969107309,158.187474464068,86.1526601001078,150.174658001483,102.082197984248,-231.365992717206,171.500637341973,46.4982002976476,146.298554140882,252.698643596845,-41.988633960907,121.349404176137,-85.5071191609678,82.1614758043857,80.3089668763402,68.4296592409433,-169.491208567552,-130.90254519625,232.508946594719,217.356864818081,66.511091854251,225.854015036805,-55.4566967113672,90.8755208881947,43.5312891884608,237.575447472925,68.2649922193189,171.596632484798,214.100189858427,229.663968282232,-64.1920325038597,-38.0741824930428,219.361967667334,95.3874260884025,228.923696477486,185.566035797159,160.624224328408,-103.063670765844,2024-10-07 12:00:00
114.132731344183,255.964074382356,241.784362254195,-117.347497721126,161.599787239524,-64.6396497234769,19.4677162791627,209.885685699836,111.362427860193,217.350400453013,279.548272759767,-110.540273206684,155.658383484214,162.595673980627,83.9078462675003,147.884726704973,103.250952633155,-233.690916377886,165.125180168055,19.3751325469049,149.854493409503,248.310865977271,-48.7174075900469,111.918459320058,-88.7974367455214,91.2098857956383,86.4389346348963,72.9464554199304,-170.633172589445,-136.142425432222,231.312724736891,212.640534565457,76.387184638814,217.853058246202,-39.3748925269744,95.2520585655322,54.9981084279202,243.92576172428,74.4013877430271,171.29295596708,210.324040774776,234.865931377299,-66.6791188694472,-43.006185417492,218.287604436874,81.728019388177,220.435694681115,196.185162993217,161.305224847833,-116.008232020052,2024-10-07 13:00:00
114.794508036112,262.928729034782,227.5201017289,-113.741239930704,165.489645103932,-54.2216823101131,-7.25629326954748,213.315021460621,115.155183819383,223.210050027099,281.089019015373,-116.689316694856,155.530144392473,165.144164393881,90.9922772965081,150.31341347272,102.334361930829,-232.550641445584,148.528874836871,22.6449080725423,155.282526952288,243.031692518209,-62.9927278012419,107.66265779904,-84.9361729970309,72.5759068712673,87.636623641072,81.8956695939458,-166.158137129146,-143.712926932093,223.197403845158,203.743592503327,71.6517752321356,214.386778803144,-24.5058782138462,91.0590394502501,47.9854042495175,241.612370416168,74.2294298234135,172.423720809259,215.238144558618,231.340789274056,-68.4218746826151,-51.2704992235538,217.742919018653,74.3806322855237,222.246711459421,186.586497596176,160.098930943573,-118.482487998745,2024-10-07 14:00:00
113.689658057498,260.767551642171,229.273197905531,-124.095337993001,166.048408051722,-67.5107356358241,19.9961087929473,211.431211398061,129.217555205679,220.535974216277,271.397584793655,-117.810047930716,163.109479027298,167.959724450192,92.5730842450998,156.85883634996,93.7748127781746,-226.091145855294,137.530343272634,19.0673292818353,159.549591507669,247.02186272403,-59.4755478216317,111.628654870901,-75.2340824804307,71.4271896065916,77.3024796089036,82.8940465432787,-171.572171659645,-128.321222211867,218.871664927067,199.644523479498,82.7524128593798,221.344638986278,-34.9712200102065,81.9800326965138,38.6333575343753,239.407861767322,88.1772842816075,174.378639151847,215.461433836062,241.051353287676,-58.9210331465559,-63.9710110210156,219.105686682367,60.6658430822615,227.549265844775,178.710481171326,168.362471689326,-123.647925161146,2024-10-07 15:00:00
117.104865089878,262.847857183872,231.290804380061,-128.953075927742,168.763371936877,-82.8616432394424,27.2262392332188,219.646397419877,130.491413483246,217.781524969778,265.664278082357,-114.001175495872,161.158519646124,174.543544883934,88.2244616617636,165.936325857171,103.996160264988,-229.956994244534,130.524163889086,27.1874126663848,163.812835051051,246.52292825726,-63.3721763097673,109.990427924719,-67.8299288670232,76.3591397740332,84.257569874098,87.5404777143575,-159.05447581613,-126.10011966764,222.964083958298,199.344948526548,76.2416292241847,215.196062458166,3.07379833188054,78.0617970335204,23.950652236301,228.229307751351,87.3498528876581,170.396202713355,215.242023562623,245.840293238525,-65.130069134679,-72.1689282263302,213.958837220428,101.643767736782,229.055100576999,176.695463961391,163.512161439486,-133.216716476337,2024-10-07 16:00:00
117.34398881531,263.274948325516,241.792190234135,-138.173785226649,178.045757216371,-62.1963034139408,45.6085762289,224.382487401157,139.131969839816,224.59353214956,273.644332858849,-90.1121462112561,164.828558443308,188.133511804698,101.424481448336,166.772874318047,112.833543420495,-219.696364020977,132.558480423597,31.0951362707576,173.706966920325,255.959296698415,-65.5941551548822,101.67074302459,-80.2347535886751,87.2459652415128,91.0808324721462,96.1569018282607,-158.280844343031,-127.136385867085,236.902838261906,196.470449924848,88.2562836409461,221.490426381085,25.700135677537,80.4250451589842,6.97826171955828,228.150847128874,92.8529584681311,179.833181687783,213.685707191896,242.496729473225,-45.2511963724381,-65.0189150195622,217.406699248764,125.481523237361,238.401698546332,187.330288975874,157.924212191289,-124.965208412981,2024-10-07 17:00:00
126.048530866146,270.537753965732,252.291404138173,-121.665705098608,194.720303503801,-61.4033921060377,64.8695897380113,238.364363284776,155.421925978371,235.868406157668,283.661101574404,-67.2401094450474,187.621950141355,200.591044730483,114.690172180075,162.028198056255,123.752943830385,-210.634704182884,155.068090288488,47.4910567779826,188.489229614191,271.001599700322,-33.6877425240521,113.974920725791,-59.4508343895256,96.2701104161324,103.509612926528,111.139730469933,-145.654077095517,-99.5368746164851,243.786424517723,210.023228690946,111.250816351272,243.248940853228,51.2119373176282,106.552249460928,58.1282961519932,237.451613227686,113.41255945847,195.58663729362,227.860593567201,251.48144429323,-19.2620392377495,-52.706930322571,232.135814900605,132.386842733175,258.10573241126,205.833675753314,174.870213509413,-113.663377801587,2024-10-07 18:00:00
168.946176803962,291.525420649711,264.899927454076,-86.7328303045289,220.13327348059,-21.2495709705316,92.6496364642787,244.481552053193,180.735761338999,257.693629766777,296.504433554087,-34.5206011577536,206.111470101696,215.297446609245,133.435336656218,182.865245698411,147.563666397903,-202.930372103997,175.371564377601,77.7327375347652,210.124587880038,286.411869889538,50.7346987618706,137.378734232775,-2.52112330849308,128.455854805585,140.901677143107,132.919304450031,-112.229848844053,-50.4629911311633,258.136160126085,229.705265968082,141.937063040938,266.723015240789,97.7135216672646,137.845190393994,84.3964176779211,251.61228685591,128.256344967469,209.438778879036,235.652323835393,270.06327373269,49.5042266457989,14.5314650929012,243.665623714331,155.653674195907,269.69303235715,223.697662098152,190.489342627446,-87.8988526702868,2024-10-07 19:00:00
187.077772744911,306.821578366031,270.737767164748,-53.576351060282,241.550258943715,28.3124114870632,100.543921872921,253.625897919804,193.506472552567,271.026733245361,303.443125216008,39.1443633250138,219.522725844953,235.128251175802,156.324278516509,197.910528509256,154.916191994316,-190.054882531736,190.980222468026,108.048814394432,228.319717556217,296.11564374449,76.7777219109642,155.673408617598,62.4882063293811,148.027635611147,167.561501036033,161.953081427079,-84.3790468210865,18.5557388017767,271.965963247533,250.689278140071,161.406681814888,287.100555379182,127.228142178412,156.653865333261,112.235117278338,259.670607782328,161.84568406521,231.612109236033,250.435745145185,282.37448049952,80.43824680013,51.2095446578118,258.709141903384,166.042915989502,276.251881248114,237.850451172353,206.299521028277,-50.3861994976317,2024-10-07 20:00:00
190.482404740884,311.51923881155,273.032309855412,-63.6927379033971,234.892712677292,-19.0019966913403,101.510418886294,257.626858473697,192.79934256817,266.817761595292,307.220511031618,31.816749873754,227.442974919767,239.311011620238,161.133431957769,207.018149633716,175.674582243244,-185.448052797527,197.124058220822,119.395354030987,225.205122639974,288.21537347277,77.2847436497922,161.726854889382,65.2244959516747,146.697410184055,164.366525542522,159.841907671323,-96.8392279907937,41.21025783828,275.185108158884,251.401016291704,153.483802685665,286.113938439847,124.726632876828,162.084543511768,125.048436229966,261.808059277602,162.850407134292,232.12557221027,250.993374878026,286.584426417222,70.3970518814563,66.095291892519,266.067399822111,180.843815891605,277.511792826027,232.865361470042,211.976881601168,-34.8664146992065,2024-10-07 21:00:00
174.343567518349,295.115460777476,268.695728167309,-78.4899531671565,220.928499297438,-67.1799353865496,61.512965480951,241.870048141823,175.437208394772,255.666728093811,290.36452487628,-54.3364885624594,211.047891369766,224.77250599541,147.076705317462,193.793367222556,149.142975673998,-204.448218166341,189.70773961553,95.6551977653047,203.718243523397,279.164584337481,37.8078713043337,158.752981648054,19.6492133828643,115.271133961759,136.205014412922,137.802225482904,-119.562880253285,-21.568520511384,256.159452744992,236.854337620163,128.489006967874,269.111673884413,100.505585131614,136.298513223459,97.2709544022661,250.141086215555,137.723460281978,220.394123623308,237.669271007548,283.991473082217,48.5264864783405,31.0266556447456,255.783923435505,165.695492733132,265.127365873968,221.048542071284,191.853726800517,-68.6225684764588,2024-10-07 22:00:00
160.418437132285,287.911278808148,270.103838231395,-86.4642581878525,221.036446801083,-71.7371315959374,39.9731782301605,223.970379666544,170.82913623837,250.593877740915,286.678919218425,-52.6229039357302,210.074882582719,227.152880027199,151.531988776215,198.608862835342,137.941867280724,-208.384381432365,187.837310784437,88.598329997323,198.39457596208,277.087451856973,34.4875447060278,141.400524334661,-23.8654695343325,111.723164171136,127.976637879994,122.134515331781,-133.360172348933,-12.6314312311117,255.908246899366,228.67451258302,123.459451436041,269.700268859798,97.7307051522706,125.292548682703,87.8727244139498,245.548886261001,119.997047054064,205.46880176861,230.053577553569,280.111653394435,42.9289352772137,38.8430969811381,260.447689969271,158.380357872658,258.557675666233,214.423376707613,180.480580313622,-80.3028691323161,2024-10-07 23:00:00
158.51159166968,280.412887007194,274.72983566816,-82.6854644910964,211.493675760643,-71.6551210467641,57.3972275744409,217.312246082496,161.515579604291,241.065279143373,287.825632388589,-68.8230227122586,210.889258963029,214.903608653483,152.414983639695,194.394801529577,144.938595701161,-215.930048392318,187.365655472001,83.9312269914677,191.267180493739,282.943959859911,11.2964881068623,129.433845351817,8.63096398064436,107.587581414796,138.723993955444,105.741728595382,-143.908974631628,-26.8325492153619,252.90933635884,225.646415458676,112.689006164184,268.650487102781,76.0593581948552,110.313435566115,85.1902609840827,237.018594437287,110.121010626661,199.468024281374,213.239124011103,274.16058555336,30.979078860296,28.2070270030193,254.550576375578,157.685751518663,258.532297061725,209.06886533563,177.628421226,-90.5252624246985,2024-10-08 00:00:00
155.623444212061,283.252804341242,279.409853650541,-78.7746376434741,196.260268935615,-83.4428761265217,52.7251801280994,221.525639169134,146.146668675521,243.985736552725,282.088538034871,-89.7041918345272,223.546214058683,208.89987439468,154.382521807274,190.562913828795,142.305838264573,-226.57893528919,185.164722728328,75.1836213763228,191.82763407846,288.018515215814,-24.9865215480948,130.757072611123,21.9086005123736,114.895864984426,138.405145731088,98.0440086507243,-144.359496265895,28.7067432721457,244.950634935553,216.095985761079,116.091740832517,265.892758647918,82.6395290260101,109.055200178391,87.8258655319188,240.458680090302,106.229828438498,190.383019912882,206.159968355451,269.475463910145,60.6067768208007,26.4203815508426,253.53074052791,158.776457739579,250.249563475788,203.320082851949,189.686745647695,-95.1307884850203,2024-10-08 01:00:00
151.494878963325,276.554732942845,282.841916150584,-71.8002261905319,189.702943591358,-82.461805167022,42.9668770468349,216.525608363571,139.219371786824,239.689817136021,277.588132204353,-94.0775780895056,229.511975920337,203.689386102941,151.156100429761,190.038020244677,130.600926667907,-235.627080491812,181.611269978836,64.3003104498409,197.345632055809,283.492271137725,-2.06902076669782,130.53829796747,42.3856666180883,107.926730181006,134.04676116742,86.0542057939887,-138.661490226223,41.402257954428,251.038796201759,213.405968722614,104.024190394,264.03676759612,73.9174962361915,97.5441837447885,86.6011384006417,244.147029670156,104.454443447615,184.419994459465,203.045560125261,269.174608055727,72.5132687329797,-0.374504148970086,257.658347056124,142.576901751269,257.288608937663,207.89741231471,175.121343369105,-105.156434931808,2024-10-08 02:00:00
151.117444079616,276.830604989296,286.19273977221,-64.7213305779574,193.04353674492,-87.126663150234,46.8709180960129,214.61343286086,143.312583193789,234.979008224115,284.55658456408,-105.791860395767,231.884112974128,193.722656594251,153.256180084888,194.225817493647,132.852220599425,-230.812245333436,183.136541534439,79.4157523054928,201.324128526271,280.469725119336,-12.3998567906352,119.774777668691,38.9483734346047,111.167454482648,129.672841031903,81.6039841554207,-140.914454139409,32.968058113055,249.934524710901,220.725583475217,98.4733904720153,268.064489945205,67.292934598896,90.3684154477707,83.2803554378958,247.922640598099,113.126694617254,187.990497785403,202.431630402001,265.078347896914,68.7918338334102,-20.2620475007753,257.278981973838,146.267155812801,262.123367989471,210.224390625134,180.022999259694,-108.890178869276,2024-10-08 03:00:00
152.279748269023,272.182130969826,288.989860564656,-70.2678395951047,191.427235826887,-87.5200579870847,52.8411921046968,209.951504420113,158.153786792652,237.069516856983,280.712663093123,-108.459980678724,234.381272291671,192.643198698297,149.117261786537,196.167945725356,122.717075245608,-226.726415356291,179.704176241196,53.2517865487804,202.312581035701,283.045000438917,-14.1329240757272,109.643373860603,-11.8790528277563,110.634739293144,134.174763732421,65.9626634013178,-150.546341793742,24.1780313673851,247.087730693201,222.27019118111,104.387274908696,263.774964368062,73.6341185280258,84.1974168442397,89.1180206376767,244.037897209227,94.6731482951941,195.097108081235,209.483926882605,267.590912006851,58.6072202593087,17.9922030808143,261.012437144388,149.118375324423,251.14781188715,213.375145348982,181.715992162587,-114.065646705634,2024-10-08 04:00:00
166.406655194502,281.801646083811,288.094214073336,-79.6954806924437,185.744884195465,-87.7135254686942,57.1547622860277,209.745741011218,167.874070481252,245.629453940622,289.445292378022,-109.519120971473,233.726963219813,192.535414217066,155.049026159875,195.349580255403,118.986279657186,-224.258175887887,189.740185457107,52.0294616203804,195.820178428142,292.179142443414,31.0306630270032,106.265474161285,-30.8335166939799,103.640176072508,141.06133232672,60.6938096032043,-143.826353891376,24.2183235007769,256.271389519535,224.134984996597,109.56811994884,275.294544322048,70.3288432081079,92.4327893902572,100.263486190939,244.545070513958,96.3762069088479,207.485945073768,207.932825244169,268.656281426417,68.7379615668416,25.0625409988961,261.190879453469,140.28814616296,253.592526896413,210.414044179864,175.173692159536,-109.13135159772,2024-10-08 05:00:00
168.716260087424,287.832955131196,285.589761806919,-77.5129006778929,193.16354772626,-80.9768300777769,67.3746248556319,214.322636727575,161.318789290959,245.855493062186,290.581205609407,-79.8908558838016,238.564515590935,200.699180497872,158.837538662254,202.00177799886,129.328459093174,-225.761601126093,190.436658430609,75.7702416399709,197.213782408373,304.300101182518,41.6106457701218,115.224134461471,-25.0672664578257,106.57918522854,153.113366911814,69.7342920318526,-125.297607177733,-24.142611691514,259.0171242512,226.247676745623,117.148951731247,276.631596544499,91.0137655162163,84.0591708760861,114.289670463183,252.954892471989,104.200750021841,218.072774145381,216.862551976504,276.110395283519,72.2512681038917,46.2403919549911,263.959660890012,142.476865079027,260.483905709101,217.567612462816,182.821299713758,-95.8463755963246,2024-10-08 06:00:00
172.926649164475,294.418581472011,285.521173314628,-62.2782668009734,200.112998608067,-74.389455033069,77.7120661351135,221.798983069145,178.174623827369,257.865704787197,301.413728022364,-47.9517802086056,242.031751595811,217.726295360523,169.389156259675,210.478564914765,127.475575638365,-213.757612771534,200.757098196929,86.9368534041201,201.211448773319,310.436349100341,69.8890082665207,120.917114764739,3.92980714021361,118.405374169724,165.445628741278,84.6382711794569,-105.857320952586,26.685440021428,263.576948018903,236.339772349731,128.752473438937,283.894100372846,108.330475502249,88.3718835052791,127.199902552934,260.02032105212,106.383627039767,233.611259812027,230.049725610817,286.038178375087,90.5773729054951,47.2263006894709,280.440718610834,154.872735738062,272.759338008178,231.109515177711,185.355514988288,-92.1124770944254,2024-10-08 07:00:00
174.142007967641,297.62250430718,287.071757816449,-51.479778074222,206.616340920716,-67.798905706675,79.6393235278172,228.753144595467,180.347564451273,259.648839657837,304.003949675747,-66.027361737746,247.07912908323,217.128034301577,174.572860800937,197.379926760791,126.691469413361,-219.568263471845,208.830594597507,84.3774808662372,204.417503835116,308.310272140616,68.4279733987705,119.562704373637,29.5294653574051,134.833761146657,164.868047873662,98.2944876662116,-98.7671917261376,7.82120429217768,272.029294924034,230.864098649408,129.518905903117,283.584664662043,121.380182706497,98.4462004958092,133.19823287971,255.464449807666,112.797386290152,236.814800933793,231.326516523367,286.553317372803,101.153631611971,45.2925507535084,278.428158279518,153.771507037917,274.900520637005,233.905207772717,173.542731155924,-92.8128875106685,2024-10-08 08:00:00
160.48729828182,285.645431308998,280.09044713809,-78.420747887526,201.901093334652,-93.0520481306198,64.3839441865256,204.912763269001,164.842553929104,255.116303276575,286.750042306964,-86.6164421232038,238.514798061107,207.514747316659,156.397335777465,176.712325260721,111.101174643293,-228.137127136746,200.243706778847,62.0778790706883,186.341066296558,305.0514206283,38.3598852573035,102.056388796846,-48.5094111242731,125.704371852998,148.826296824654,82.1338977609165,-121.314138257632,-56.3319648025862,260.049383538159,217.677066052854,115.406400681571,270.188698590706,127.559310745117,83.869367258233,114.479447916722,238.766155268418,100.088214166188,227.807340057137,226.834014765603,275.620536304641,80.0280117744588,29.393478081271,262.505268268932,133.308822767197,264.732506681666,219.910461612404,158.814210725564,-117.509224462052,2024-10-08 09:00:00
151.792975106934,280.941722149553,276.301654554836,-101.574319745058,182.398627137108,-116.478692889277,39.7580470409213,189.537281877877,155.801855786771,249.737218422096,271.781060703033,-105.083743978178,231.496804248536,200.718762370869,138.968993671935,165.380487157614,86.7243951706008,-238.731533530974,183.382059340473,54.678067763871,161.262369022026,290.198130394266,25.5881483726702,74.1552379473577,-75.4727285631361,109.319994048917,139.898124685781,56.6036146443613,-144.559714235397,-87.7092205169642,253.675329159596,207.401601455545,90.8914457446026,266.567229550118,107.318942671763,65.8772548855216,99.6305590318885,233.723984795158,82.6978256837593,207.405471008927,208.293789122404,268.840777202266,42.5600706504878,-16.3185355997309,249.062628965449,116.879178950178,254.050318095748,220.79189630926,151.00402115847,-124.227039097508,2024-10-08 10:00:00
142.648486758729,279.376833728368,271.575786738676,-108.177921438736,174.943205208797,-117.848503276253,-12.7637816403951,186.85275837312,158.441451155671,245.64666112316,279.6553454268,-109.768395071147,219.51991874438,191.801284128668,143.358071249091,154.574960622783,75.0430580034755,-249.258049918743,176.966585249967,36.4717435502437,164.429318587215,288.473162968369,-18.5794675379867,66.6344980854808,-89.4349293517749,111.394765247779,142.856568650693,37.5465302764839,-152.875977177255,-84.1155266870428,239.872539707038,211.146286223447,84.7470684241956,270.448723937913,88.6145189409873,56.2105010934997,85.2069383725438,231.441424696149,56.4367934415076,209.390479046354,205.440239728861,271.210120825556,41.1895500376745,-33.8740282677688,247.438361505818,109.806314767587,253.395161828981,217.044943787576,144.894727104325,-129.6623092902,2024-10-08 11:00:00
133.204946271591,273.228037335309,265.278054527731,-116.848285651137,166.647320558686,-124.330804376092,8.64933129569493,185.771894184569,157.588640545212,238.848518362284,278.145392202068,-123.220494067437,216.641881071525,194.809248635047,146.911022685142,157.346175933855,52.5404667078041,-254.41530183427,179.64564657351,40.4883771107658,162.116541471382,294.592506250478,-19.2668141055236,66.088405145413,-87.2448854924876,102.392369222337,146.091769942725,15.75368081178,-165.903511635509,-102.707347480327,234.367354250137,208.433186851916,65.8984586374919,269.475047042005,71.6445872293577,58.2812930007257,86.4227726096721,228.143733174141,37.0528325725193,205.537927826714,198.490437584669,262.562055580251,30.0283418773787,-60.9048358948972,243.187315767461,105.13377725075,248.798464887273,223.86200527448,154.657944985922,-133.734764853843,2024-10-08 12:00:00
139.549462399902,270.108196348551,280.816932207706,-123.909118816458,150.582626894263,-137.649035772571,-26.8190349588181,194.926285085362,148.585867928112,229.810911001043,282.905817817588,-127.804436841808,209.602459996802,191.746462991878,142.545717218691,145.885641326143,40.9692318755934,-258.720044400721,175.102162311016,8.43263974095323,175.404879767484,295.080085067457,-39.7576435343938,63.5615830254758,-89.578215808283,89.3539017755906,151.30727942055,45.8482118484957,-163.524344385819,-90.1135905771979,230.160747782269,207.574849625696,77.5821988431834,257.743279073602,49.105975970221,59.2680933212985,84.2508422739885,229.706091136708,52.2092495621563,200.097537227718,185.180902571628,264.487745551978,23.6545838866508,-74.1753330935938,243.989102534557,93.2031240627292,256.807337982905,223.012114985582,151.629271328201,-135.932441646726,2024-10-08 13:00:00
135.354554117546,272.432548630082,279.778671151998,-134.909826121325,148.967916235169,-145.878341181998,-10.1266940007054,194.701876172988,153.876966607129,226.451564099926,276.869436090556,-131.051328399668,206.393290766537,188.754141874009,140.755410285816,143.231421643274,61.8494444722221,-258.639994182057,171.127125064504,-21.4204190220881,178.954806866848,292.515785538209,-41.3922205083674,58.6265487658231,-96.3054221212596,91.1401102249677,163.342588611775,47.1061705679739,-156.30967120082,-93.7661061871853,226.649070834389,205.402447850803,79.1944404818299,258.698795325095,36.5294880445825,56.604239028628,79.8561657595658,235.200672289565,30.7536535358965,197.842192306067,178.525526259481,268.463932275386,29.8646665591637,-72.7894654215147,246.584189747844,72.1712942595432,257.348440651648,218.549983099946,147.686994403587,-130.389622748999,2024-10-08 14:00:00
128.668210396574,278.415655840935,284.748370435067,-134.889596223636,146.067907992491,-145.085160101275,-27.0149294318451,194.259927760932,158.762293646989,221.075076039234,276.446942983041,-130.28306705005,207.992345768542,176.43643509835,147.926436593213,145.975709171704,59.116955172144,-262.633396848364,174.238818924346,-16.2287675531521,181.226975106594,293.074546317124,-36.7002250677802,61.3707145788697,-82.4110346521929,92.6042578531505,163.036478180568,55.7525548753952,-154.258987786086,-79.4630549111397,225.890045989236,207.209074732218,81.7230516517641,267.203807790023,28.2609551047874,36.123106383096,88.3950769206084,228.945720825614,16.4897983980168,191.601054646747,157.140849485253,275.528357824994,44.2799564333651,-74.1309678500976,250.280505833023,65.1286624048889,250.571282420637,219.466049712583,157.744888058679,-133.833985074787,2024-10-08 15:00:00
126.462216645109,284.48372733529,285.950189673898,-132.058347006566,162.144755263151,-159.156342700712,-10.3099043445513,190.938989019817,163.929147914938,214.173163072036,275.728438684868,-139.629322096202,211.164037651918,188.036376854029,146.415643344249,150.92920672522,64.5841945985545,-270.064336968766,175.02064241594,19.1624366572509,177.745523509134,294.783975098579,-56.3606535138843,67.0355914520651,-80.8241482104214,104.629588357965,163.159289095466,55.3323073795817,-144.177301898612,-71.5749603686329,223.283719205848,215.343229019965,76.293274469909,272.006241772064,36.9029917380787,24.3532472818763,78.8745681174532,232.573226861662,26.8262599776796,188.099190609129,163.911278437157,274.465902455039,55.2828513647206,-63.0979879235454,245.871834630213,78.9338973684387,257.63201748962,218.272756955494,154.767818545259,-135.639083164189,2024-10-08 16:00:00
129.613263338565,285.450102695343,292.886561809407,-131.749926357165,152.517247886968,-153.332774550293,42.1136388553943,196.782501274149,176.122576245264,218.714281349667,279.47484939297,-134.443132113661,217.473454552633,193.570843156895,156.000438458789,151.976235092321,61.7128860824518,-262.847669429542,167.731157977747,39.548185404817,188.378771686846,299.362898495502,-64.764878617996,56.7295553848807,-68.740862704155,112.237977194471,169.18560095479,78.0763557164724,-139.292965918689,-73.4436488302722,229.417446334499,217.235981726609,95.7048694538455,270.678209497375,57.8671575620558,21.1515658249653,84.6104272173167,237.96267383802,45.6587759866465,185.048612301757,181.38395833983,275.049938309716,65.2838534049246,-52.898935816156,248.388773544624,95.8712030970852,261.662366109966,215.644738705254,161.966249360596,-131.272281983296,2024-10-08 17:00:00
150.42693382311,296.568294454878,305.525412251318,-121.475754778854,174.459709112234,-143.484030284101,71.7861240667572,200.24164595158,190.6514270665,225.100630156479,286.357636586009,-134.119404402819,225.686440934169,201.394407853672,166.904909890424,164.821047593641,87.1688173555567,-254.523412377269,185.601414741531,50.2855245676483,202.403745996526,309.777039453257,-32.2185053271204,65.5930164901092,-60.7486779052408,124.434718778016,183.672320750842,94.8808838954488,-120.841253959352,-34.8662987964168,239.605374226562,230.136092831594,122.116779114132,278.412800728091,63.5727084672572,54.2721830648207,106.126169858974,240.440112674407,81.9559152266673,191.634283356973,196.281710164785,280.971371804236,86.0512790671047,-28.9311876221711,254.492893338848,103.230859072742,268.956236895042,224.596368658172,168.335440909659,-131.709375425418,2024-10-08 18:00:00
177.660512407239,312.017573517522,326.130905763163,-94.92166023779,203.200489065873,-130.176181695448,100.547248363411,224.823183380383,204.278248286495,253.966066887561,300.903733856418,-105.817505251357,243.101439523342,225.125983810143,191.106441224674,199.183862288773,110.876566527642,-240.146141657903,213.510205045398,91.3111067085684,225.808729151499,327.767933706666,34.1270109137656,88.0932352419238,29.7042759626666,142.557680452885,212.165033736156,114.512737049039,-77.1122625332169,68.1220882290087,256.501051408941,248.921985132052,151.909807977919,295.123360655388,96.5157146554446,85.6490990187439,131.113031075782,251.147202532535,110.135902963589,214.088611492631,208.141494456674,296.046599901589,109.45587284297,42.3846403913898,264.952582949575,134.80847103387,287.810794616979,242.347172230584,184.204610014182,-107.40384163672,2024-10-08 19:00:00
199.901556725627,325.669042044268,335.938523930926,-76.128210429233,224.945613838918,-110.142394608483,124.239678197242,238.224979858579,221.183776380462,273.873849584724,313.586333087633,-83.7706709734162,252.701909227476,251.711633094677,210.901177507689,213.875307884606,124.107746003743,-232.764139142651,228.375295590855,120.189733760372,245.339393534263,339.951469931719,77.8882033280042,118.837392520634,72.0041819256702,160.922829652929,229.377159534657,135.65347302378,-39.395006975768,95.9927433363201,273.455543773901,265.309040309069,170.53172335613,308.224951280859,111.989704223171,105.661365347395,159.972041047624,265.34744104601,129.394788782937,227.117405950547,225.437302598016,314.376039424083,132.090307742308,83.4399583105686,277.617257003633,149.762812459936,299.098952489554,253.066744013206,193.972992466722,-84.1833061371091,2024-10-08 20:00:00
200.369634731108,330.055955223953,341.737551795917,-87.3501075048606,224.979654138268,-107.6832174855,113.381949927208,241.878503658353,215.924837626963,275.986034181072,308.311202641153,-69.1858892258291,259.464162318139,251.980847686329,212.723164970809,217.575431651993,127.40366744597,-228.679966188329,235.236998503342,137.964036771437,252.512387733826,341.562404885335,59.9948133172225,144.004314946785,66.2942236910729,161.254616099122,238.812555100972,138.57759064492,-4.08498652219832,101.391602883342,280.282592841582,267.697973477276,182.506095973231,304.951545199088,101.954921746419,124.076587595526,167.529706514995,267.50675918693,128.946653349724,227.624792927479,224.866313106394,309.209963571799,121.928745017097,97.0472124489498,280.790174097943,150.27255770555,300.002271248662,250.115728036711,203.721115093559,-81.9988885781822,2024-10-08 21:00:00
183.241459068602,328.271982389362,322.663555412616,-122.358999193646,207.358778749361,-143.430932180394,88.4903201484011,230.28247996938,204.772729706972,260.25404890441,290.847926786528,-89.8742517463832,248.174916999237,230.309720824577,204.678456358708,209.705903723975,95.3117560962026,-241.1000992224,224.242947152303,115.432681627878,237.228282770646,327.880442113071,48.145224552833,135.544409933041,-4.19251676720424,130.983129769792,219.823600127313,115.458874323138,-53.7540696637958,84.1905800927609,265.320530971781,249.04375127154,162.01439858898,288.172677371549,76.2863761467012,104.52244735106,142.617655996983,257.102630535579,95.5121984004577,211.793938657405,204.778452292203,310.92128850544,99.7198043313003,75.7181902482087,262.6828993909,133.835417322742,288.322885891765,243.083335504043,191.007760871931,-109.221424510536,2024-10-08 22:00:00
171.513799419086,319.789185364527,317.577977940787,-121.837013584778,211.757631601561,-154.628932135152,76.5469487634191,215.914808696463,203.844611552673,267.493929307367,290.406067338433,-101.882990887737,239.411332282441,227.429169844158,208.137736463738,213.055644738146,92.9869656836382,-246.14968919216,215.46153424808,120.799629726601,225.851819234339,331.717498476239,40.0750021075216,132.659758160142,26.5671857480598,126.061016384014,213.338377044023,109.427225580447,-57.7954066614857,73.7462364013949,262.769430416181,253.765892176998,151.066280599552,282.012515581684,66.12205715446,103.621744845464,128.188880551691,260.072174994586,68.3995347888522,207.890199389054,202.107584933616,308.689830148416,91.8981375787758,68.8286687654489,262.188294223525,124.463466752792,283.017406166784,241.025954045846,188.958508908961,-113.32210284534,2024-10-08 23:00:00
168.439979088438,314.862750006444,312.005779711793,-125.156062338365,199.109954212219,-145.527929238447,80.4877002351072,215.224696395454,203.015855198499,260.439886988765,288.181367009315,-105.379228913604,240.487965415275,212.349841132996,208.245383904591,212.001126687059,86.4604713739989,-257.519611124038,211.488594300727,117.215463434939,222.300134069404,333.168384856526,35.862755600652,112.395819211727,-13.5599214302234,116.96247070272,208.096920699381,108.781732391055,-68.433318898628,54.7908898818826,258.423055845658,250.475323527789,133.895548916966,267.168532293525,67.3385690058456,89.7437484560303,126.531158789672,258.411100478134,57.171943278562,213.491293549353,198.151966673875,302.135183106779,74.7625924969253,60.3832876193574,264.56351127606,116.026454405028,284.756638884575,239.123809807807,184.630538648038,-128.44152876645,2024-10-09 00:00:00
159.25556597623,308.492330133594,317.025214514834,-134.659010379646,196.096101930967,-153.566647166264,76.6770524048366,207.811294483601,199.158077535304,258.793527013666,285.986564579494,-104.638023279318,247.169519499517,204.857899041456,214.44205595569,202.535820426405,94.1877568370864,-255.52658132969,206.559806767072,125.4618517831,215.381938974008,338.904614440731,10.0877634628868,99.216208697376,-29.173417646709,105.931340871707,205.670915831376,96.8100624405499,-64.8078941023251,58.8807098970831,253.393467691801,242.173959159117,136.037714247476,262.445537363434,77.8308549185047,89.1404946925815,124.476597177659,249.076470848334,50.9432529324931,207.415703418518,201.61031397749,306.573708586487,78.3522113217416,46.8157816855095,267.421535526177,122.085618959791,289.23819372003,236.570267175893,186.006382076306,-130.32028698164,2024-10-09 01:00:00
148.549139050388,307.484789487574,316.943415346853,-128.623915279926,196.768623600665,-159.297021746547,85.0090721103285,208.698570898795,181.806286325711,248.335598236659,284.215957715602,-102.802515380947,251.037774093919,201.849345291819,212.595957342349,199.223880644791,91.4437039235873,-259.428526032049,215.806223315869,115.708859050377,215.762663895667,340.485365744314,28.3039432709532,93.4338644732055,-36.4947527001076,97.3293628431499,200.554707319934,89.9237411119765,-67.4327697166291,58.8540132564842,259.033575692224,243.988865812942,134.715810797762,265.632895966119,79.896118254342,97.4249976640825,107.337863799143,238.399142330297,39.3291903110111,211.554711134599,204.869105955003,309.905260000083,61.1565489391701,61.9425084024083,262.331140378582,120.652558011391,291.022720390167,236.879934870197,178.978866022291,-137.934591837684,2024-10-09 02:00:00
159.681858255409,311.155715426164,315.112024387684,-122.309047255441,202.381717342183,-167.181266730434,81.1800202989413,204.167473798845,175.091460407295,249.81627591205,290.424558149003,-117.296717490259,254.334571726396,193.311311759828,210.107940756494,192.065126794734,91.9406281294619,-256.320742149295,224.009867638649,113.718426348736,212.227160417178,339.815786833611,30.2440765298753,84.2654234087989,-23.3704347660771,89.4027320008823,192.622723369972,85.7521935990014,-82.0758313182761,50.4743463499766,257.618102191825,240.574268602727,128.413251402931,266.880873788625,76.8644529188456,95.0904947764088,104.477015768557,245.462888746781,38.8875358092832,207.025737319077,208.227113125837,309.526551873709,69.3914339275795,53.2987651009983,260.952504726272,118.792686998438,293.415243121039,232.467833734743,175.698373141114,-154.454157612198,2024-10-09 03:00:00
163.741810188516,315.852866846716,321.447972293346,-120.243164671921,197.230582437778,-170.510259935729,86.7849341600657,198.081445225227,184.048970007487,250.815648448349,288.491595266135,-133.964877737875,250.813323429658,201.08355096105,204.428749743859,185.20548333862,73.5894215048942,-248.298353406743,226.636779089012,109.40876498676,195.377780856346,347.384739379957,17.5456007635348,76.5936415171492,-31.4294312804028,96.3350515366364,190.743250699382,71.1472576979324,-92.3407111633495,53.0164671002907,255.133204202567,243.697023813778,132.085177877309,258.386396413119,91.0306521572508,81.4036679899024,98.4899391844476,238.87828884215,25.8267684656834,208.172633378094,220.711863806837,307.490970549421,75.9736770208859,51.7336357107371,252.674138211466,122.292789475722,283.463884154224,229.245088069362,174.589608429534,-159.029953126538,2024-10-09 04:00:00
161.147911369303,311.435578021378,326.71461926475,-122.300116710123,193.737292206148,-168.224298398507,90.7070364882228,200.294745300615,187.987962076564,248.980084423839,291.335772371556,-132.229107224486,247.20204517315,204.242053958188,211.08086679562,181.132657756566,72.9070191709194,-245.777963394929,228.888470766656,104.707044034445,186.682989040337,348.956672086989,-40.290467111621,79.7474970888184,-47.0815402146911,100.195932183914,196.862975589822,71.1814535160446,-88.5249279153128,60.8497443409989,256.759083032624,246.388250298542,138.953082102999,267.741615213696,88.7133846175948,89.696151992621,105.99699930007,237.610489113762,47.7675988905005,215.925623129649,223.31582616639,310.897811566921,70.8471454942813,41.6767991450265,257.546574680017,124.404748209015,283.099607851871,233.19904803663,168.369120515167,-159.225001782046,2024-10-09 05:00:00
162.109598034333,316.3803942899,323.555102415215,-120.395630539313,202.512906906078,-168.275730676842,104.002530897907,206.83966007437,193.536188584962,252.72648476194,296.285875976284,-124.637559725565,257.692447202736,210.147679160034,213.110029020785,191.98866777287,79.5942999960543,-243.108925111898,234.302374718137,107.834228764677,201.101691054291,351.977526772672,-41.1679961011494,92.1484142074629,-42.5422278452087,105.45282941892,197.36600646039,82.9666416667148,-82.3609546369239,33.9162321605761,267.085413032181,251.975095567806,146.437686891104,262.920048898945,85.9594375421631,89.0954474055355,121.845908843669,242.629689261669,69.2276491981206,222.556775759837,231.370760740394,314.74018015913,71.5314459504746,37.078495047067,261.420278903145,126.661890011189,291.072393366609,240.481608734328,177.376596685601,-143.241929763924,2024-10-09 06:00:00
164.421956262591,332.201455498663,329.804869282444,-110.06617291973,211.867996019339,-158.75048492432,105.924355648122,213.828375419519,201.108165455959,267.103048339984,315.210175758232,-99.2389869358843,268.785472448071,230.964450532056,221.9778738243,196.419651826781,90.1698217087944,-225.800461262348,236.213751675916,129.544393951915,213.388303178041,359.683881227626,-6.08178248393235,92.0778633937042,9.15533230945008,118.10848803954,201.620105743052,103.6401471462,-50.9103761553359,60.7722053087786,269.125197465237,258.070744079868,154.223775345978,268.076291594561,98.206459019271,98.973810566613,126.466837264351,249.757286461629,76.5550071457848,240.836880009215,239.565047939534,319.16915256725,86.0001168506989,50.7534757431849,271.442973684632,137.485749926577,297.651079426707,248.446195102161,182.921421528834,-129.918121713205,2024-10-09 07:00:00
177.555804956028,332.844095875597,327.095546418211,-101.555947914166,223.06907455916,-151.764718300542,111.563577592692,216.649540446293,205.698251060544,270.094918331289,319.384730327273,-105.539855438241,269.748588195079,240.355868446737,210.415215648578,193.913254903718,86.7334669927353,-229.028137203178,244.499857587413,126.773739033725,213.714992982563,362.302397140571,-22.1288930137068,92.9304911231864,18.2452284990377,122.433202274833,206.907275110618,107.149011291207,-30.2950501393462,75.3896610825942,271.759918268747,250.466235260316,152.671377809268,274.055968339422,109.914908405314,82.1479080832822,136.853645924729,254.099172666429,85.997408459378,249.308109886126,233.394490751598,317.798194313022,86.0589646053015,60.5345475113194,274.557606634547,146.150557398417,295.3592034003,248.964005129679,176.749688403712,-122.008398197365,2024-10-09 08:00:00
171.858295023694,321.609396458252,315.583830440366,-114.972018821231,213.565073844819,-165.668247715242,94.0077871739811,201.509587423864,188.476313797503,262.642355681972,311.440199094615,-120.274576783518,261.860891606049,228.087277389276,196.166306625148,175.16417390633,81.1841040695526,-236.915726767829,238.942496600358,118.631060503468,197.435110897201,357.11110396656,-48.7049979397806,57.768608153506,-37.1052749195988,97.356296148906,183.411783322116,75.147723866475,-58.719057491427,43.523527277049,255.271823789063,237.430069433374,139.660219232862,249.452315493539,90.6216203970229,40.4041478720309,120.286131003604,235.406193574811,66.0822190356992,242.795958611035,217.305860099013,312.471156727036,53.4474866626148,23.6447213613999,264.015703817412,128.468000745439,284.420325708675,239.909888281861,167.334266776483,-132.460231398055,2024-10-09 09:00:00
159.547126722249,315.164664759376,315.525560088101,-121.482069121426,200.932588711545,-177.23722173894,77.7929565249752,186.708844607129,172.690091240494,258.725380590304,297.397050905565,-127.916339252726,259.541328484241,219.657302908351,182.356752923672,165.27048379873,67.1124520578367,-246.759902672617,228.309672919469,107.912265479722,182.252299613492,347.71358453925,-89.2812393756895,20.7613641539357,-68.4585040343459,94.8548474402426,176.619876568938,58.4104157289274,-84.7293219497077,4.80239184496413,247.500900915685,233.403862268438,112.14224162087,243.28648909186,72.8866914789952,-21.1886215100227,98.7432868741759,223.1394447969,47.5175521986529,223.687511792111,201.387963591779,301.592804454057,19.3578685445062,-4.50450269947364,259.725557525398,117.839610665051,279.726948001909,237.984360929191,164.641420966105,-137.579757794228,2024-10-09 10:00:00
156.333198162014,313.617218805644,316.773781447318,-131.494137228491,200.693381690439,-185.980823630531,53.3337451471402,187.827821528621,167.576913557607,250.780974928299,298.039605385281,-131.050430374143,253.061084814567,209.446533338823,192.378857491161,150.245565449396,42.7609652594814,-256.009696514105,223.09705151744,100.110594471036,171.65707577353,341.770846655565,-97.1738351535205,24.4343688700915,-72.4897485996694,104.855667545851,171.557389776256,51.0182962893692,-93.8004680286346,-13.3648526592279,241.145082557723,239.459672550736,95.4393073088865,244.5311478103,58.1993580915239,-55.7828496970133,86.4220955157701,223.323625841868,43.317141194692,223.868713932399,204.053196030128,299.461608740484,-5.10034891565809,-42.7266095863559,254.391342193707,114.215138361421,279.009465086605,234.620255523082,161.202846945965,-132.410967808797,2024-10-09 11:00:00
149.811572730845,313.498667238651,317.786241862087,-144.241480671731,191.567663122565,-190.713819867017,55.9465360596043,182.261184373917,174.915961955127,245.229540179233,294.411891482467,-149.096611637349,249.590935588527,206.193666561061,185.03472804256,153.299463036497,32.2904534190037,-266.792688783454,225.560057264295,86.4281447222967,168.612509738384,339.057483900979,-105.253258952208,-15.4918570725135,-75.2211480689144,99.6740937539229,175.224775191354,49.7438909942871,-102.881082774215,-30.4750032199558,233.236432732791,241.005429662626,90.57588417975,246.591276638128,43.6797428220162,-52.8669040542341,69.7993441018393,213.265007576829,27.9441877218916,217.804651867239,205.501660408237,297.670630653806,-26.417472241345,-42.4445932150908,255.855112361896,116.464322458047,271.962218389872,232.035501118828,156.765059477167,-147.126477260944,2024-10-09 12:00:00
147.047298844521,318.148270913264,318.747162995619,-147.742134079546,192.099672259504,-192.490779598867,79.3123826691657,183.801291882422,171.97473913899,245.245899753892,299.113079510998,-160.829425135813,243.57262280742,198.378012550786,186.188246190021,151.557639401464,28.6140229555594,-263.150534583525,232.34779371704,77.1286938028689,173.058012238764,333.11390172151,-111.189700727277,17.3321670131745,-65.7911280496402,93.724554994807,171.216735094198,59.7988718574092,-90.2318834638393,-25.0473860600498,234.965154167729,242.654601765822,87.7873781108952,240.452238726776,30.7570081969482,-51.0490312113362,51.4152286433354,211.012191028627,54.7462472198115,213.34644927138,202.465471447348,294.53039830267,6.04234775423151,-52.2582071251509,255.478329620051,118.08576903531,271.25088922978,234.909497136592,146.679093637992,-161.710374278301,2024-10-09 13:00:00
138.778466093311,318.508597615609,307.834916882652,-132.210068528786,185.542817814088,-194.727883103215,92.5306562658117,195.338485436575,174.00238529438,238.732240992859,299.214088712368,-166.842408538435,235.910920479121,203.114540715906,190.64564312825,154.3335460445,38.1118689677188,-260.893522890662,220.368822378178,66.3958812119857,177.132326930294,328.387748353258,-121.566856386107,-21.844750253631,-51.7975304224352,92.7692641524934,169.5558575669,53.93364442662,-92.2491884286672,-16.6387156286574,228.789728527858,240.626725451604,79.5356319917764,238.661733721916,39.7491389209672,-70.1886290284253,51.9761888864304,211.495779527475,48.141538897404,214.679370177299,198.788896068807,298.247050514572,26.8699802173717,-74.625966319752,249.360075546388,115.638442470388,270.9336743962,228.54713552099,134.933790358869,-167.898990533146,2024-10-09 14:00:00
132.919025326537,319.519639717572,302.825603995993,-137.24917799921,186.415984919594,-194.950223931529,98.0118565560715,187.422134474639,182.674146229902,240.576532497193,299.467863669478,-162.061261744714,236.439455898905,197.634391237436,190.83439511422,150.285074048114,-10.729116584094,-263.67051213566,220.592271198772,84.0074398681985,183.32432782756,326.593575212452,-121.804592893577,-33.3389331068918,-46.7235012586562,100.318638439813,168.109742216612,62.653356481609,-93.5145982957522,32.430437877882,226.877432391053,246.637772077324,92.2639916998884,240.832795878148,-1.91431912526739,-80.7238938766548,37.1025709713877,209.573091923106,11.4519461458348,217.688940420584,196.399611346327,295.180587964808,-7.403804389798,-73.6724300424111,248.855045142548,117.623825671992,272.00477879305,228.586638899828,120.989783306599,-173.517576782936,2024-10-09 15:00:00
142.088368926669,331.611564124374,308.555973062104,-127.654807219464,182.996579921754,-196.41831629448,96.3300885876379,190.343375968046,182.009031306594,234.123844460725,311.427263940061,-155.524571672386,239.170265931408,204.123986100206,192.113271702127,147.171556679674,27.06065401366,-263.714899124991,223.782590352448,86.3200473289768,182.476436153486,331.277876909627,-113.262910290307,-26.1558828207589,-47.7196887482233,97.2321275879456,164.653639665674,89.4128943550309,-90.5158180901654,48.3841723649357,234.914269212153,244.462241304551,93.3186155208725,241.225594635375,12.6533507918746,-68.9116803526857,22.3651023571416,211.89787481244,-14.5106037489299,211.167914601922,203.348989717631,297.82620631218,32.4439604308856,-61.2570738989962,254.450819520677,133.912545667408,266.142147329493,233.525383830484,116.411516853506,-178.584648279557,2024-10-09 16:00:00
146.873978333815,336.905196508721,314.56460621216,-125.719038542052,185.909200491311,-188.286804378382,108.435504731171,199.063962931535,190.954882445409,239.641403846358,313.259984337807,-137.839434265715,244.699515482865,207.717520695971,203.404097852771,141.431035344404,22.4061174777316,-263.525830654805,218.028108638492,95.5884553007157,189.288552740794,337.780545322026,-102.299739439681,-23.0200312848889,-30.040507095503,107.648675458723,162.927101602252,96.2993047923362,-81.3592203125866,58.5337325379693,237.413997658308,250.886873821837,107.187757852205,249.996581445555,10.9423773125085,-66.0497953536243,29.8147612727024,224.810791028178,39.2672006379058,217.059482593776,209.164201619612,299.904881917024,34.7844505753829,-40.8843649141257,257.833802299029,137.050941992853,268.926071507689,242.61652060636,108.475886146759,-172.485726998453,2024-10-09 17:00:00
162.341903310667,345.339805102802,316.140045197267,-115.900661858846,192.96266918728,-179.943227066077,121.190378242922,205.308736657601,199.891462170764,248.600989310382,322.852436608564,-133.512390486541,255.390729691825,208.925783911049,212.288143497055,146.307087101112,45.7245727343539,-253.958133024078,234.942507855232,110.544761092551,203.914607670299,350.263416082495,-95.1379675284148,56.4183543521461,28.8897640866203,123.394215616715,174.856368018379,114.585985346321,-21.3086312437485,94.1197964640078,241.635012817571,255.263660357198,137.208312003183,267.254480841371,40.0858573086734,-51.0866916975741,66.2742365237494,234.780062287735,63.0692922988031,232.637467193626,227.454203311179,304.123065180633,73.3127388970724,21.7496896035789,256.111604074325,144.729810666143,280.788396745386,260.736723414342,125.164849915053,-171.138661935596,2024-10-09 18:00:00
187.976492821866,354.002091759496,330.653506903434,-92.4725646176943,212.607875765242,-168.06562179409,131.048482818934,220.132932462473,220.221357193891,266.16607448953,333.620911354721,-112.276390615299,271.573766405541,221.387323352586,226.388781434695,165.865038155944,88.5170490637338,-241.490323570317,261.365042107106,138.989614394826,223.231184320699,364.224709000024,-63.1174298284623,72.4454129684337,64.5709088803986,127.617608248931,201.791342542334,136.095319481102,60.1454838882155,132.212997152621,257.594376864569,281.348085250888,163.417208442867,290.227763913184,73.8746935142703,-7.44396394839534,111.479662135135,248.320516529292,98.107565249385,247.572594505183,243.309353422746,316.135057105101,110.212998443105,79.879118370615,277.306826845459,172.131989996721,293.873045394675,282.822613136469,137.773958327497,-138.652619038492,2024-10-09 19:00:00
213.022280897942,365.402047524958,347.338612426684,-68.91080085313,223.177836880891,-149.312762936125,148.353915512829,227.473316190244,230.683008825057,282.564725759253,342.062053809792,-87.8447311300316,286.02414308892,243.307059048994,240.112068271833,181.722495435149,104.960257867263,-229.058592580067,280.071833547605,154.387494385139,238.602111959885,375.118881102405,-9.5535308690289,100.342706723315,99.8005014187111,141.926272304949,226.98116711209,153.610957371047,92.9400300486034,151.949610446978,278.956487062677,296.598528145888,176.724819650771,300.323815954341,89.2838463538658,44.8908365166969,136.987333982162,263.958193316414,111.314440924703,263.689905430201,251.964148668479,323.681821322425,127.783697098934,116.972245163289,288.513318185014,181.323912050353,306.097538270769,294.189304540199,156.675799196758,-117.235162061484,2024-10-09 20:00:00
212.917535397765,367.891080528786,353.553628360076,-55.216455392544,218.690359495083,-151.900794555921,147.104468890121,223.17068408961,231.556541970637,282.764322979081,346.738845188264,-70.2679527722168,287.519666700789,242.462633929486,232.071319275982,183.717878454949,110.96454276052,-226.388972808377,287.28847950153,151.959017860338,242.04399788978,370.52680157983,-15.6312266243657,123.727651876023,98.5513168553747,141.804081137051,236.747479402356,158.794551182088,102.966813414743,160.180643984554,284.012527933473,295.427882451675,184.467002515312,294.739985294271,74.8960928536294,41.2567828111886,128.778155188274,264.029958757679,118.537301216211,259.681926006675,249.525943993413,318.885693486668,128.247483817874,130.999611300707,289.411273867782,178.949282513815,309.349694982787,296.567680005634,159.523966673318,-128.2587278151,2024-10-09 21:00:00
189.715308468843,358.878982871838,336.715750642497,-83.2913167167171,200.576553414032,-166.400714312732,124.692157822486,207.378292149417,222.992721489594,272.612732792676,333.21263980182,-111.808076933167,273.524483952477,217.657173164619,219.304703632766,171.0639286715,74.0272374760635,-245.982991466749,282.269862183919,140.66232085966,221.116229611693,363.679631012441,-39.3082850555175,107.452686955798,59.7637839016078,110.368735804448,217.19688324468,144.74941046298,77.2510582983844,138.027756101753,261.51511289866,285.378677685516,161.52931900125,279.193801010941,22.491174323531,-38.4388092526944,103.358818269202,249.721976247189,79.4038883042323,247.158746838839,240.402070118863,307.994415179148,103.662608167237,109.297481204418,277.817233514863,170.197528178225,299.263005047213,292.273554936728,137.229522850136,-153.422853489319,2024-10-09 22:00:00
189.040773180722,352.128871715535,327.110925840238,-84.2691032475677,202.604194356241,-174.950846468067,111.521419151137,205.939265500338,226.148051905127,267.720657529414,332.869383800674,-128.36133310966,269.384417088836,205.928383027529,218.421135377382,174.409422467725,57.0125527305075,-250.376070729246,280.671444053798,141.115378028777,214.733122812039,367.17260473826,-56.6596118854594,101.207132419653,61.6493287116082,93.703235631129,210.213520421844,137.860773849523,76.9041427172043,134.461059613456,253.652048580515,289.036306691348,149.068595735485,274.629887523799,34.6811493162279,-53.225092681683,104.777923273403,247.775409752077,72.3355367438553,229.68891238092,236.69079294428,300.727187231987,95.4504257299312,98.6603809248709,274.618286436333,175.077822196117,296.303344253644,289.587789060749,133.791437476235,-160.91755130343,2024-10-09 23:00:00
183.862494971848,345.051598650028,321.119667231236,-83.8585152053692,190.817272497088,-174.45943160503,114.980920867159,204.478613615008,223.48500824755,266.782017044351,328.037697959099,-120.357609445451,273.361869870879,193.033618714573,222.641906324811,170.734676532845,58.0792846377855,-259.261378744521,276.48191046238,147.111727863715,216.650111837282,362.571726813373,-67.7711193788635,98.2158691609101,12.6432129316182,90.4786702123956,214.681331230955,123.901898419881,64.7953485545218,133.788515069271,258.921344878751,280.370478456553,141.571875494429,274.273230356473,35.7991639714616,-62.5334725307174,100.230169225248,243.556868692125,82.8430910920792,224.368837507226,225.62253055471,298.363514977689,84.5683584855209,99.5108684561084,272.627290652818,176.883686627724,297.198396348234,287.508257413283,133.741225056336,-179.125024801885,2024-10-10 00:00:00
174.065186489702,340.923529133565,322.762152442038,-70.4706603059164,181.475965877369,-189.209762630992,124.438832434828,208.097500027552,207.335841931042,264.819659515434,325.329669001876,-119.060742629216,266.172819726177,190.337407591628,225.553164470746,169.976196203202,66.4952449540103,-256.39331261688,272.733122497012,149.421939893132,212.97732492706,362.184639015583,-77.0713963143503,88.9328395055124,-18.6554194117477,79.7059727772733,208.862814974548,113.430655153841,61.4546675411693,131.963433967357,251.70466077466,280.055324810369,139.181580023723,273.477665742491,42.7187946576816,-55.7357572409238,105.302906192033,242.388051104214,81.2729179676259,218.409285653491,231.151530447985,309.217825216196,80.5377460934683,86.7049954020148,275.165770937411,174.657413129572,291.979446463658,281.740224812126,136.512731110106,-182.725710552178,2024-10-10 01:00:00
163.308712415495,338.177611661958,325.870528170222,-63.1795542113796,187.60340927911,-194.448106437149,133.215454597368,205.472389075759,208.823763290251,257.323527148481,321.160276110087,-134.294954563275,276.413380363693,186.030248697681,229.390297847977,176.284036403423,49.8689549434424,-249.111907209897,278.125982913379,149.848386546101,213.445806592415,357.893311379919,-77.0968991145535,88.5585347558719,-8.11423662986135,88.4002661086452,196.736040552361,106.043273344548,65.0684352620869,133.837928320301,245.756965988852,284.029791842034,140.6450865394,276.866668109495,56.6235753909685,-38.9766281930989,108.517918380245,239.521503924165,86.7083945473738,225.556851490555,241.343236280655,313.153818043316,71.8391689733022,95.7249595887464,265.552968574233,180.136644286284,292.485975035461,275.921358244711,130.116405670567,-194.665031020515,2024-10-10 02:00:00
156.879359731539,343.064899818644,317.622696751186,-73.8315770832162,197.837148545571,-201.957104352281,134.379178357083,205.513099959214,202.187103444284,251.024267776707,324.659710023182,-134.814043191748,274.046168466773,176.923863633075,222.440756913048,177.339637723448,41.6120748515732,-251.051281433272,284.876175731855,161.801520937357,207.768469916194,360.448052065135,-87.0294558066514,94.9070374071662,26.0372744237966,94.1797117801394,193.800468441358,91.7878576070174,57.6869713288857,125.240017218845,238.00444975203,282.107185606541,131.32540052482,283.860472540311,58.9387093173385,-54.1635913461241,114.603940849325,244.504965120178,91.2871362991011,222.176829653087,254.949401520062,308.812720784714,73.2564896510232,84.8083259848482,265.911486174359,175.851457238207,300.977345293372,275.508766165711,133.49658971232,-201.221222651409,2024-10-10 03:00:00
153.978557681779,348.082362713737,322.746926480536,-85.5012412921247,200.729857377672,-197.106136702918,135.568881170319,204.173361326338,208.432757678543,255.932264738423,319.380929922469,-137.205177260433,277.448439867063,177.460009908636,220.399579672993,180.055886572352,14.7691330703668,-251.420274262189,280.0664775933,163.738972228982,200.203478675116,363.586640406491,-93.7686523504252,94.4592861412185,-13.2183835505234,110.29634747565,189.158509654466,96.3680755491873,44.0003736030241,118.128569800042,233.361150822977,284.348204560495,133.787146670838,274.532935470071,57.9182741666983,-73.6513976188761,111.493384695945,252.971273492218,79.070901350663,229.290870984579,256.58371717925,308.145764010301,70.0410827746646,81.4807786150047,259.653782802117,172.243358522113,301.447078718963,268.014496969631,135.997587234122,-205.520580914717,2024-10-10 04:00:00
159.803776923895,347.250420844002,325.296869647543,-98.7851636920686,192.897766278283,-195.71013559168,139.10915745423,206.08004456533,204.610883324254,251.050387372155,320.130383155595,-141.212095838849,277.253704753252,180.078547917604,219.699431972834,189.086712240407,-33.4118586327219,-251.133720120389,284.57303883643,165.24158942543,193.217839504913,359.732161907313,-80.4163964317576,93.0168173782682,-29.3087066976346,115.022614426007,193.513465761872,112.863015898828,32.2642278513137,112.895408402277,235.454611606999,287.511846549321,155.422272075607,279.442991976483,74.2101383372214,-42.112883524778,112.057058797959,254.261808570286,70.5703099290461,229.459976659023,252.882840663205,309.253364099949,55.0036653850145,86.4117741281132,259.226058404774,167.699370117883,305.428555417364,269.572147302664,142.382598982713,-206.539633572994,2024-10-10 05:00:00
170.746955814855,344.376221697759,326.98233945031,-115.299109198013,206.471706595104,-192.741722458714,154.369472512215,212.495731641017,204.300881107176,254.925667672688,321.149076543228,-132.098197500496,280.667311954365,190.940536217399,222.041385756497,198.271358356588,-27.8853283312131,-245.298211988396,286.330705189581,163.512882802015,202.112737694904,366.928915335628,-57.7345776618092,94.0039359924053,-8.98609184614161,114.864819751975,211.292769597257,124.880926526045,56.0878560032597,103.627829678616,238.033131765138,287.269934947437,155.022943848927,283.005638260925,96.9355379517767,-47.8402942468023,120.065178542329,254.34483281185,94.4579464681768,240.032219410876,263.754903335205,315.050518228083,54.9313457838587,101.639918263427,261.94145715348,164.908207988495,313.469501975161,275.407358458446,148.530576803232,-200.228628656488,2024-10-10 06:00:00
182.897520505047,351.08822268847,326.56163187781,-95.0950209292576,209.131609435519,-181.976357994128,169.17414092714,224.001996160303,223.398588940725,263.227910413219,332.422043272202,-111.316286822594,289.006857422117,206.000961321881,240.58140530646,208.705378724276,3.28607230432859,-235.023771298287,294.046170507615,175.767997387511,219.131893828352,373.039098569321,-24.0353527988907,104.434308946243,45.0537356983606,124.772158905313,222.971190713181,138.67411351606,82.2565298493793,115.348307749297,246.302652045708,285.374006830592,168.770359567307,292.618384911702,106.409577332203,-42.20935513932,124.895164248292,256.973329676586,102.249742900324,253.32662667273,271.6856713601,321.00418124081,70.9401031862039,105.520023337226,268.964248390835,174.902032995595,326.773726035299,278.317943000613,147.384852971199,-188.77564491079,2024-10-10 07:00:00
184.469540992094,351.20438209942,324.094232079855,-91.4906356612156,213.52072386291,-182.155989035227,168.318599467519,229.897632323635,229.070168842182,261.693559893367,332.944607911336,-109.133670853508,279.758943764921,209.321736158027,234.119052871363,209.852838557784,12.2441173756408,-233.538322448804,294.782728407169,181.095331729183,219.386098795221,374.849292752234,-26.9310617497392,101.966380920502,44.2459951797586,133.418534433081,228.652948652547,133.814365226808,81.3713072458768,114.017982921192,253.419098072395,285.279159803445,167.230192894383,293.716384252358,110.418192680807,-43.7247576787233,131.491912850197,265.073825095544,104.021636488077,261.439764743549,272.3534558389,323.284683868455,89.3145972414427,107.581673161627,268.786532613549,182.349344841415,329.456155062354,280.94842897246,138.701487125457,-183.174667603936,2024-10-10 08:00:00
172.519123680246,341.358444076737,312.603315828687,-108.300762861137,205.004640184307,-194.445911880882,160.884332773952,220.236334907432,216.463563830753,252.156428534655,316.718826413569,-121.153487169284,282.083580457429,195.026945640024,220.714177693372,196.177239725307,-37.744492913774,-248.651399033771,283.440585768833,169.617756660522,203.117290048887,363.350326614706,-57.5311475431563,68.5001617739544,-20.4568282051206,127.195586166989,212.116493447071,126.124730776212,59.7933405106543,94.3646592176021,236.726730436678,274.065522789017,157.306453590325,278.704901348185,103.269035575546,-46.4348089075801,98.1507726251596,249.123636584912,92.9486444736157,252.54598901324,261.246211224177,317.55436676374,81.2847397709756,84.4052061511092,257.719242277643,163.463610698504,322.701338926928,265.938349089047,112.532279301023,-197.911701195164,2024-10-10 09:00:00
157.341892300088,332.504031938983,310.717033741137,-114.356773339495,190.867738256053,-199.972006377553,140.942894891669,209.36847840418,209.199847825088,243.691059804321,306.623555739531,-123.459146555363,275.12820094727,179.960190359065,207.964302607735,187.010477916036,-52.1318335476319,-258.338479612306,273.016199123294,155.156812078718,187.315459206305,354.911735803738,-89.6162873362785,45.745770426848,-45.4811277580991,119.30219716238,211.016591477348,114.397653332874,20.4317970455035,70.6939830695993,227.11171501632,268.164748987667,150.471679591486,265.918639313073,81.6860667269621,-66.7744210815045,80.5786501797636,238.566474033236,81.2016594011367,239.163423517084,252.652309859271,307.888513221364,51.5309543526575,80.536416526219,247.808871837485,154.179351839495,310.14488811809,257.297879532479,86.5109631354539,-203.712464865688,2024-10-10 10:00:00
146.955547060413,337.435448707267,311.895294059747,-126.131642885081,186.583165207582,-201.916692878585,119.853616436581,206.288232857604,197.500652675965,237.227748075743,309.869793415679,-128.109476174136,270.782242099513,172.148789410121,208.851451991467,174.917316570374,-35.9276785989773,-265.7904044779,261.882417239092,142.851256495333,186.671955365801,350.5833450012,-103.486314448998,46.7142137508963,-66.7741387964138,109.368967300905,201.055017497384,104.97965688669,-4.74943899928348,57.5131199018486,226.041132178643,263.201450051608,138.603037242042,264.534704905633,68.8990742259508,-70.2570992576385,79.8898892531734,238.180429990077,62.9096762389988,234.433653392727,251.512680875445,311.282071523329,49.8514774214048,54.2802327080828,246.882979219687,144.973668839638,308.867196109262,253.247688987699,87.9470430840397,-197.408771446111,2024-10-10 11:00:00
148.359240252868,335.091912157044,311.169240719888,-134.385529416542,180.035991196418,-201.885637873353,129.773990088498,202.671953354749,196.843056643588,229.156019210043,314.547536879465,-147.375955399299,267.064502145862,163.837341420285,215.563030166442,177.805435867124,-67.9389921577742,-275.32409876373,257.248758328058,141.018276638809,184.089388069782,349.497269300613,-99.2143180340543,17.4575621431775,-71.4539010474847,99.8370537406564,205.65849317318,101.523672215954,-29.336551507267,54.3715007061762,219.306306227905,251.551202679431,125.243214168607,265.686063457818,69.1703944151432,-70.073507899574,72.3473670779877,232.532368417793,40.799268524327,223.48917100043,257.876189556943,307.826515147952,47.1846678195821,46.7387341591405,247.167370618875,142.411216656599,303.649005526658,254.189138013869,76.9409452861027,-200.405862699543,2024-10-10 12:00:00
141.20616581983,330.40956616844,319.216325433635,-135.947218080429,179.860245313901,-209.837478127366,131.308063775614,197.302551389031,196.302215441762,230.689904143742,310.474690451971,-151.407342424668,259.797671243189,169.969062171996,203.495823496134,170.758791158904,-87.3704558945407,-277.370871901913,242.483518757043,134.901790754116,172.682423993344,344.88007455942,-97.3490727500661,-3.64657187156345,-80.4057169417323,101.292887391286,212.880378059722,94.8030361628744,-29.7794447126041,71.689977330711,217.714062945326,248.393612272997,123.720564997226,258.102015040051,64.5090875701953,-68.2378283680847,76.0753086363951,232.705117682148,29.049938308171,223.061488165299,251.930310564229,306.091906776366,43.9584617362579,38.2628948623336,242.941066570719,141.360381958298,301.879451728207,261.59308162568,54.125001713257,-200.853117816532,2024-10-10 13:00:00
148.674707180733,330.209910601079,312.319125780219,-132.899021499659,179.435716842454,-211.191648618444,132.663221301766,195.254039261528,202.958112437446,233.056552581135,315.672362680362,-169.213735278328,263.180893431722,175.253417858747,210.031207204583,167.023111890812,-82.8565646219819,-276.259266972551,235.462243682287,131.842467768287,171.556468819241,342.536211359091,-119.089026388557,-47.6528673019474,-79.4753162638383,110.144082233833,205.378890838122,84.9626036888846,-22.7404672084046,55.0535692938266,218.966993618891,245.267785752073,119.798536815596,259.55138388737,61.3641047963044,-80.9041097397637,92.192230473408,234.201335913946,36.355045204806,216.010515215908,245.326984422968,304.312402450442,25.4987448857952,-5.37300007705977,236.43240707058,132.012615286423,298.20055977259,250.382791056634,47.2637248270446,-192.970806031067,2024-10-10 14:00:00
147.217977608182,325.959719622407,314.646746972956,-141.974814492368,170.002975450932,-210.628948406415,139.173205659775,190.803945492792,199.933254417726,238.96847067088,310.393655956219,-171.53195428551,266.607255995342,159.044510995828,207.423708462816,164.499385682399,-79.9533748771693,-282.683580860987,244.165279488512,137.141178793226,178.076359671546,340.799025319817,-118.909561367259,-52.4461718607647,-64.3852678310658,95.7877952061937,198.533287206598,79.2628975883701,-40.4891728318936,51.5496666518992,207.958589935639,247.570755506535,126.147650420234,259.731885491763,64.8222941869884,-85.3349304825744,80.1785266885949,238.307034242901,-14.1717647109955,218.351037463744,244.153071492671,303.583365628392,-18.6058554117238,-10.1210151701384,231.32295005921,124.371070683091,299.655990849176,252.869694958703,40.4618396960346,-195.801277573258,2024-10-10 15:00:00
148.7471345427,330.167187225048,317.67203914404,-133.131180783679,170.678444273399,-214.523210777719,139.212813763742,198.492639032467,200.500908095562,232.27565817168,312.015546746118,-174.232953909624,272.015874464915,155.329418358325,206.250592740308,161.993353444427,-85.7109354418589,-288.737822617479,239.882491889751,138.571530024477,181.912972938948,342.598331242685,-100.430163749486,-34.6122877880378,-69.9964237594465,88.4655029599334,189.843429392115,74.4978763410741,-11.7694577143613,51.5226537054185,211.153703180259,243.34048132441,121.064008450279,262.171380913288,60.3230270724363,-81.5467338465392,49.3059268549586,226.658847309645,-40.6325051926833,213.736106005592,246.962667549464,305.684046491909,26.3556209075603,22.3392705735875,229.909769544733,122.855510036358,297.777102508849,252.459568283106,43.9283710678838,-186.103044018051,2024-10-10 16:00:00
149.535332976945,335.192432270269,321.316596257092,-126.415990070491,176.852926215921,-206.70056237344,141.547134248785,209.358565487482,210.368635689168,232.026892905619,311.259019740834,-172.116430563299,275.263992058488,163.800087993055,219.786038074652,162.76399376489,-83.9207556120984,-283.282784000952,239.641851994265,151.685337059084,184.108639133894,348.15180086602,-94.8239170689896,-27.9942203370646,-60.1209140427879,95.9528416890818,194.057955972778,85.7562690116855,25.7734805473694,43.9768010499456,221.103173759276,243.692915444181,129.000355700373,268.192814904967,64.8598040188012,-92.8628340037253,60.6374899670785,237.760191369151,17.1557967481673,223.844213256382,246.999266693328,299.54783108177,35.2500829763588,56.3400482643979,232.17625594677,131.928348387842,303.840321968813,251.894870121167,53.2679757852304,-172.631249516521,2024-10-10 17:00:00
160.003386089981,344.287828243784,333.350048773416,-115.041044172461,192.464114972452,-188.114395324809,153.121230030963,213.994319671029,239.235860973461,236.467627001219,325.194009211117,-166.871019952283,278.188974985106,159.303600741196,236.090342093158,183.27033922744,-50.8956416302129,-276.755093158595,248.38010136064,159.900458419809,185.464233335766,363.846735986546,-78.8586527037789,34.7456326403783,-29.8238360511588,108.005309473045,208.116390216406,108.210088168911,56.7284489984434,81.1107963287551,233.631499375057,250.063032333948,152.427788504373,285.09276999334,84.4475742956895,-61.701192867875,86.4085381242685,248.131719174185,51.3299774712355,233.76598960991,252.461303697078,313.630057231809,68.6080577156831,80.5028409799859,241.205615064183,130.566875957447,313.191730420998,270.723552235921,72.3487594967868,-161.043385954429,2024-10-10 18:00:00
177.206218541005,350.581834167746,353.133974372977,-97.1291505137986,211.703180122586,-175.833958031822,161.208097831437,227.814649107776,263.700937999564,250.361911117811,340.169447072382,-119.712785147512,291.424443270604,180.450297276426,258.667805661564,208.072721978377,39.927340932986,-272.284817172438,269.289862125692,180.120649721951,204.335148766745,381.179071225542,-33.2559047884677,60.3529026604646,38.5889302109108,127.34880327544,226.356512072642,121.778091805955,108.852744958243,125.030658925529,250.840011424734,277.382433187484,171.640919404078,304.16576646249,108.941235286154,-21.7875427154991,99.2189950259473,262.254660967671,78.928044766619,253.547004616819,267.391369444228,327.302721150214,103.548816188591,113.552688658093,262.696937879338,156.375573844941,332.450719066203,283.92106576061,98.8596744850664,-142.488274597108,2024-10-10 19:00:00
196.197684893068,362.648537777263,368.675033995211,-65.9562381805529,224.454396937472,-155.450275173009,174.664288837013,248.952928940628,266.589136691105,274.720401743697,350.390867459032,-101.879623488445,311.196950728024,203.168060942685,281.150731099419,217.988776199185,68.8517310836336,-256.05758137216,284.707389413465,206.442863954597,227.595264868985,391.979846844175,38.6117351831724,77.6372301925884,82.8067059526482,150.689495747845,250.694538329607,135.13670212534,127.57614600923,148.927943226715,265.107313226089,298.717515041047,183.85693132221,315.235586808001,123.545972224855,56.9940578471814,129.277893490777,271.815544069253,103.077257244883,275.259098781061,275.402970420981,344.918340740645,120.181652655256,153.100818515494,274.959117503614,167.907587510814,335.220167125526,297.472864703192,122.324656995746,-134.783603153039,2024-10-10 20:00:00
200.633465015276,366.945897018577,370.577156442054,-48.1525900511224,216.241680397603,-162.060592909855,175.329689089293,243.82774988532,268.650755915241,264.778053291471,354.245293130232,-103.251930717876,308.86735894712,201.07185044335,272.704934899253,233.029125672817,78.2095156247951,-255.222207902252,291.781283333655,212.012888586917,237.820265209809,386.961985135809,25.5153136007076,92.8008645738981,79.8443973067435,165.949531026456,252.271056122229,134.113171780619,143.991560559603,151.99588070039,269.72690493766,305.863647215194,187.499255156187,312.675116201837,120.613236007785,59.2728079960309,128.720477089064,274.13351951264,104.371737156778,268.108790797721,274.122272808314,343.798528924949,127.163833713969,152.159438634886,277.07438685137,167.278126934976,339.830286429944,294.523522421117,131.994201684273,-130.543182222384,2024-10-10 21:00:00
182.805448359305,351.592908862922,355.294097439495,-65.777838729008,196.956807082491,-179.8467427343,146.624614192411,229.926534560595,257.099647331069,243.593119325962,352.414029301597,-132.077703067982,302.96802008784,177.521535412006,258.445599531774,217.263772141478,46.0693455640094,-275.781224891736,281.93661320486,198.320211777472,228.760107510203,370.834332220658,-46.7932599419194,60.0033763382272,51.7144751269053,141.484738714186,227.73738522935,108.262567520205,130.304621372376,135.375502041453,252.369443095633,291.251044298218,161.388923322418,304.290544697235,81.7142216254833,25.185528223979,97.9723920744389,264.449945424029,62.0238272927445,243.76637078989,257.150848764636,335.649202823803,101.165297609517,128.86745156597,255.77365000319,146.778278232225,331.443529024988,285.012345071149,116.140677354923,-146.577758486588,2024-10-10 22:00:00
170.766311872948,350.331886255707,356.276991297227,-62.0695135914437,196.004023718929,-190.829493120337,138.11989648344,226.504981676902,258.658004926552,239.05712612872,349.108765665781,-143.204938205071,298.350252922934,163.699582622567,256.000769944657,217.532945421518,28.1455278633154,-274.264442003243,283.090527839063,190.96368671243,225.278468493379,371.573159213246,-54.3691188275655,36.2817819915507,51.7159553138228,127.774462136927,216.762730516252,99.7188336404353,116.109332711842,124.623924503652,247.321487405843,291.362305500726,155.497415567432,303.849941488429,71.1328477025845,34.2706167325928,82.6522790692537,265.541963509125,53.7305168582343,233.131766402545,252.293367837178,334.065326623683,99.8639407904231,130.399274761021,249.361760918301,144.373362325097,329.595991647637,290.36679059681,106.180341306091,-158.133425859718,2024-10-10 23:00:00
161.822354994164,348.947541960986,355.192264350784,-73.0997865855822,182.884160322444,-189.079160159217,133.244789331059,221.734559651668,253.056630256501,232.107319272083,347.540399949994,-122.008545498897,290.137832403797,145.609737108483,257.164955858563,220.940363359965,45.7047907739465,-289.126314647563,273.471778153398,181.579594900023,218.785883466858,373.81019774822,-72.7591286254158,29.081455526762,20.6287900689904,125.205484699582,221.935400977167,82.5653568434315,106.481143010727,120.486673786152,254.751526412371,282.128912518284,151.388296621111,295.656391651445,48.7409404765244,-18.6199569656297,70.747683055194,264.973279163901,65.4266064470622,224.170000083903,233.372835997979,332.804921147275,79.7409993939098,120.547285502252,255.531115931012,140.234583060496,325.357488781314,286.748701740633,100.349340927302,-166.500484464551,2024-10-11 00:00:00
152.533459602819,356.406024172186,359.307294136104,-78.0848166475104,180.178591953243,-201.21285269515,138.716657229613,212.987380730238,251.248585537456,229.956558269244,346.460994470081,-125.006124664149,284.418766734332,138.437414520887,253.083141072068,223.774203134463,39.0888673612851,-294.279630716286,268.816950056612,180.771892425762,215.204605576611,383.311660612191,-67.6552250033954,21.353753493402,-10.910979247844,118.394641687054,222.103546755066,81.2235466950795,100.028440573855,119.394384146201,250.616528966622,280.425331273221,146.929292457087,300.072577933844,63.0392092489313,-38.370695784086,64.9110342552862,262.026543939789,80.8151150787008,221.706475964015,222.589761820624,335.580840215105,81.3078210555891,130.739675094524,261.838495002081,145.422691916863,313.447640145,285.517662368506,89.4655796606541,-177.010087854304,2024-10-11 01:00:00
156.68565321969,355.536146603251,358.523992633364,-83.6629874499356,183.086633085076,-203.169967166884,139.335305504066,209.747152413927,245.414211012191,230.794968616967,345.743462531259,-131.118731425477,288.151441981094,125.427583439714,251.273771406111,229.825046284722,14.7064404311557,-291.137998678869,271.016630645025,179.149471444547,207.857554137258,385.598003183859,-63.5193781857499,17.8784175224917,-0.897011323774616,118.929813118417,216.927787947529,67.6938612710755,109.639566133822,128.865280400129,243.774416855207,282.385178172321,150.281094904716,300.882768563749,69.7827054574866,-35.7640493901059,66.13957882087,259.143008355778,75.5279650948803,233.105400629807,221.448122337254,334.029985977929,60.1928564041492,121.713413531694,270.39562070666,142.283504553637,311.496750267577,279.530055980515,89.3053448408791,-188.916090975391,2024-10-11 02:00:00
149.015279475379,355.521770472396,361.06192806209,-87.9605260264571,176.670640433268,-199.499101748301,129.214175566573,222.037902884058,240.258800852754,234.230472654926,351.674398302811,-138.286989394701,286.017831613353,114.765305391435,248.754441697672,224.609396596424,30.5452714687585,-302.535167482285,266.521820337182,191.294791719165,201.188764373369,385.313865916568,-64.1363601496654,22.3137360482789,-17.878913160724,116.888542323346,215.642029784685,59.0202707511006,107.462931497201,121.953741813985,232.554310777822,287.503393510023,155.260671251814,298.822908910373,58.8864742271046,-16.7224388904268,60.6403950020575,264.061979385838,79.2954239372181,229.131670223127,218.720037840881,337.59473824769,39.5772388580752,119.724873229774,270.57784193204,137.250205925311,310.58166691412,271.553978525791,88.516064780771,-202.060818618036,2024-10-11 03:00:00
146.414946364305,357.333282625446,360.043861497588,-86.8080283129422,176.356492392828,-200.214152380261,131.2338548024,220.298296329225,246.497541323316,230.555041755376,349.883875997133,-135.208476782843,275.179711406701,110.996169196095,236.709886366471,216.709647054964,19.5207012082178,-298.696015365704,265.786762319157,187.78645611794,183.647482349561,388.149733641253,-65.0492793550573,13.7109875445009,-46.5437528464879,112.668430244479,210.934110348237,61.3240152623772,104.718247087312,126.06370006585,224.350562808566,296.667071515173,146.99180107485,290.930169302127,74.0678092179769,-50.2610266231877,53.4774766840512,270.766415080754,67.0734989001919,229.283057011791,218.801236026373,339.594339924646,26.9489375012027,113.887910867026,265.838077454802,137.853116269113,305.978353435099,270.058369531499,92.8200709548983,-206.869998943594,2024-10-11 04:00:00
162.232111756878,358.223936567419,363.470456606212,-87.4750353883192,178.398937776554,-199.463403038192,134.205796002363,219.237674879758,245.748877079722,231.998456409484,351.599931353783,-136.073523960998,273.576748617924,114.329852669732,239.70610828393,226.383328094571,30.5522189568378,-297.547577245891,271.53935455321,188.197038169175,167.97161670601,387.228149356701,-54.770457573383,10.5766206067787,-38.9557063621664,109.508659969897,218.244976930501,75.3095630911692,118.921783104967,125.780913026417,218.291301669097,295.725895119599,152.224550581739,301.181123032677,96.5597582173906,-24.7535851159746,65.9900813330824,276.888492808675,55.2790120609663,240.974397194922,214.836810994713,342.027847084825,-17.5947864202846,102.516619516342,270.786608507661,140.589776131933,300.205191883391,270.150913954764,97.0874561187359,-205.098367146538,2024-10-11 05:00:00
167.996805821202,353.396572225562,361.439594609743,-101.692657172813,185.843211757587,-188.767334774113,143.985777790951,225.351050076432,247.844695095387,228.281558576596,354.567041038933,-124.054850512077,285.03630729104,126.832650355988,241.421106212345,233.144906140864,-7.15744000777962,-296.350268976984,273.247309435658,190.474188367347,180.966484258686,392.661684064068,12.991570707421,14.7527645767772,-8.16324467125321,98.8116417123228,223.261345679261,79.6239099414725,110.888103088387,113.239548732543,218.435695046028,304.620128791895,154.432355750908,313.293148111013,112.745105406345,-30.0446339918809,92.8053616550874,281.507463075819,50.2271907643064,253.478454698504,210.012194961663,346.143383222133,-19.1384970817563,117.785371200382,281.403267100472,147.471226793518,309.316833282559,280.796271719291,115.15577411419,-202.102475524847,2024-10-11 06:00:00
169.890213089121,355.211134246393,355.595864155956,-102.951789672708,192.946391559848,-167.523238868034,155.167493567537,228.056379534338,266.587450050329,241.901273185857,361.514343078177,-105.59774531832,291.884900674516,145.196305598096,257.361684031911,244.498022748172,16.3711675178505,-287.116671951288,279.163787191131,207.536747866406,185.373111701043,397.155555364977,51.6911307570986,25.3944638176701,27.9311907005142,106.46891226143,228.109410897832,102.056677682274,119.994585260141,115.089292895823,226.797021656821,312.26536112967,170.535508483302,314.886902496742,133.368834298543,-38.6521585838486,100.579637132807,287.82061303803,67.8535486776798,268.211023365358,218.280000124641,353.250727997784,43.3549407899124,127.37147053427,294.5360091616,152.497134853643,318.894547008954,284.429043594956,129.680115646987,-191.026305011599,2024-10-11 07:00:00
167.713165534762,356.525143796694,350.835548729475,-98.2026397293524,195.41576777954,-150.345911409573,154.270458161157,237.420689312327,268.757356296139,240.027758495233,369.64037197533,-116.778329031835,297.549444081139,153.005751431227,252.664061120458,246.193168291408,18.8465861461287,-292.025192190055,289.748271520216,208.084051064234,183.485238014659,399.638175484575,48.9311640065078,31.952949727343,44.0553079054313,115.382964833962,226.547502420821,91.583203616638,127.530384783822,115.937449822687,237.763602322949,316.016254056832,177.026547361501,317.752929450336,139.818283690959,-28.3049419525271,96.1523925901347,294.549616925046,71.5427635956031,269.786167673051,221.088604380677,351.095950296534,52.5318094653067,125.699686535039,296.087267969306,144.44453588911,322.83239152665,287.494856376627,115.658126301887,-194.610746215129,2024-10-11 08:00:00
157.012600044198,344.346106507954,341.494707052421,-115.228504541563,180.681260693759,-167.208844564939,139.977271599794,228.395491541369,250.453842562799,231.678203168996,365.647645526881,-138.327408329737,287.909815773251,138.860273599921,239.303672470681,223.334620572298,-38.6899050154631,-305.62425913759,285.796873751007,196.301741756263,173.355012453374,386.269831387255,-7.6667804837388,-49.9100003123291,-15.1924253127543,102.608693530055,208.591258231909,72.811966824083,99.5043594619894,86.8917106189364,222.238302076099,303.447291418734,164.312827453295,310.105593415795,124.24674477679,-66.1622412108495,73.362278228789,280.6860512265,43.2808010841022,255.735154495203,210.822507868109,346.210945090574,15.5937095094785,102.755004364166,279.621297785885,128.684371738154,311.25022354601,273.950161329579,108.357084089147,-203.833251361036,2024-10-11 09:00:00
142.219888472852,337.570913284657,339.724274693657,-144.00632556201,160.709861060676,-186.528037155592,128.312401230856,213.689903647517,244.148413238453,217.814739321963,352.823397231091,-148.915104478374,281.283961631363,121.485665478999,233.142296474344,213.197904548249,-46.4885137297328,-320.675281431376,267.306336794113,193.498744217817,158.693145017287,374.559143990971,-23.8648294738873,-68.5810109276878,-43.2222139873396,94.3158120954636,206.655675259214,53.947071464723,94.952896397657,60.4742475164921,211.796039099425,298.150522157736,146.855847184609,302.462206579826,122.930007830395,-88.9713860319701,65.7595098904921,272.697506812134,-15.7677471215847,236.501630994485,191.810452610659,344.451256603522,11.2639326641895,102.430369148933,270.990891479662,126.384443517288,299.46571066903,260.62716672582,83.4990907597309,-207.2852081381,2024-10-11 10:00:00
130.856452907888,328.02770080623,329.872105354344,-157.404331742339,158.370358766392,-187.497393450356,125.617481793936,210.593767185478,234.762896231147,212.029523503753,345.894741837232,-148.228067599833,274.157263251927,111.370688548779,221.388926510838,209.899215908842,-68.35307696004,-327.805541015587,259.557100077673,192.074624225378,157.225067565635,369.678812543886,-40.7553768342786,-90.9274149751782,-56.9640435712631,95.7668065500448,206.389254645719,42.2593851637698,90.7255945741268,40.669682015167,208.95146502544,291.175601620383,132.73840218413,303.114600031878,110.534992680686,-85.7429725255449,51.6469589961202,274.925853255972,-38.9660238592581,240.254936890032,176.065087453891,348.566114370005,-27.7894421354221,93.8173477279112,264.363784554843,119.323382914146,299.057757668695,250.049303816143,52.5076708371337,-205.419804816018,2024-10-11 11:00:00
125.795129839174,319.194044536864,321.989593156495,-163.010418541112,143.780482607379,-187.726796597715,113.65247522994,205.063602346849,231.957553535927,207.328840153956,352.686448653367,-156.129018135758,275.785344137144,118.757397297242,223.4682773276,212.745031326043,-78.7044755750935,-334.415542927687,255.883188730975,192.619558942898,153.300061835052,369.199591273009,-41.3711211011389,-93.2570258263505,-50.1466758659592,98.755667000296,206.539434502422,37.2499201770467,94.6786429697785,42.3935820855463,211.110983812712,279.433532667267,137.657724991654,306.206587612998,115.33093413539,-87.7720626145361,17.3124951744513,270.949189636774,-31.6768244322879,235.585432017117,175.298869842982,346.908730885513,-51.7990158459383,93.0830510407066,254.14461523117,102.573270772698,293.253562390093,248.1240950849,31.6942481239628,-207.008748778197,2024-10-11 12:00:00
123.878341364421,313.629959540395,331.945217801645,-157.545430378652,136.39011986527,-186.062624242363,110.539815041602,208.378537666626,231.968152088237,199.792029036755,355.12118567507,-158.372942560908,264.163809720011,131.045701081853,219.868215126645,215.813025265986,-73.936501692697,-335.245814095891,252.823100907262,185.621781635412,151.336701379741,371.083981459562,-52.5158742900719,-96.4473251779095,-68.7405631230992,106.955604093289,205.199562924192,-13.2082838512203,99.1824690031313,51.9999860379214,213.923249333143,282.525560757484,140.374911295656,307.103608488235,118.986269882025,-82.5925475539734,13.8034415907877,267.966225240473,-24.9747085365455,234.403956768463,174.656060687431,349.542589434815,-49.9343668636115,100.459184793629,251.889224979262,88.3043761787975,291.807432179869,255.058527063705,48.2762355843976,-206.995992797813,2024-10-11 13:00:00
133.569410343071,317.560379992052,325.965983957993,-168.830629127542,128.633011273532,-186.68050677272,118.560927344647,199.662243289188,236.065250971663,202.239596152925,350.356593923045,-169.768779376295,263.20655493999,138.349404637708,214.965393928692,212.975285606413,-65.0506660209997,-336.335342791603,247.895120022008,185.657426056058,143.996169456232,366.370493418917,-76.4652030277968,-96.2337300303416,-56.3821687002555,111.54485730517,203.299612139744,-14.5913708963236,91.7145919841409,61.9406056060897,217.351351869348,282.511731204807,136.631656245987,302.341199991344,115.494341865366,-101.421140482389,17.2630376692239,272.323226094458,-33.827729484412,232.665278017143,169.769176894557,346.0770541109,-26.7274332162122,96.336842647447,253.899910634293,81.2963400305108,292.279715113229,250.277867197955,62.4481938133544,-205.922184330312,2024-10-11 14:00:00
132.019686770415,312.234453985051,327.413564277858,-181.435240567242,119.641521174043,-187.097504944879,110.914441845714,195.047511020551,240.90612740302,218.395578200029,344.465007353394,-165.844089869754,270.437826374655,123.381297783077,210.644681649542,211.310777435739,-86.9976810048115,-342.235175762805,250.516906530204,180.119880054156,146.414727169688,367.882456069069,-83.2745487800839,-100.778470479896,-37.1330468567193,108.588981347579,195.418539175643,-33.3558669489045,91.1597779953271,61.6683023322671,209.440915968903,282.630445081004,125.369852247355,309.321825101251,104.095334419763,-109.042788718456,12.7209606131527,270.918312395737,-43.798180118668,231.321489203928,171.354698030379,343.555842803014,-63.225188394208,92.7153551983297,259.595556702565,75.4639632467777,295.992403972157,247.270130243871,56.5600530040697,-212.321154147115,2024-10-11 15:00:00
138.812560480331,311.242956723516,328.054606861532,-182.996040291464,120.396886766172,-179.667594743074,120.182957139432,202.628293242259,237.972416331059,216.36490565346,341.895825130481,-160.005535278381,267.708785070464,127.479860726814,204.749902878233,213.099582462278,-89.1161584288254,-354.836439294145,249.639433836874,184.817948439855,154.035496439076,371.605533512994,-74.5598723352937,-98.6961063106452,-33.6097642222645,104.74805349112,189.900488895419,-35.1702348195464,89.3545943146539,68.1165500552645,224.133790437314,285.609429437414,121.26953448012,313.806860406344,81.4743025047881,-105.889306128956,-43.9059972334716,261.612113151483,-39.3563101592783,230.80319214839,165.854292432595,348.219273657134,-54.805674332029,82.7323047872718,260.175576389611,92.9243625042378,297.067959982846,240.744880783088,50.5908402378121,-222.000231937001,2024-10-11 16:00:00
147.357805873088,315.944884727249,332.453065042352,-179.5672104498,122.637157025104,-170.305565870087,125.125609546762,218.190741949583,242.11685167575,217.748642583396,345.097530933699,-156.049425486021,279.043901910312,141.851054342827,214.197080829126,214.210618705058,-92.4650620197813,-348.816502537506,253.79899287066,194.094602594599,159.198979123952,379.476885470384,-83.1915978764661,-102.559849984058,-10.92929027235,108.878197143519,189.038331553927,-28.5493588917814,106.393498226618,55.0616010657704,233.98451620192,289.610651865661,139.377837474168,315.210199267116,91.8982246876225,-103.185875395355,-36.0979229477953,266.471086495789,-20.6844990461734,236.764250024081,171.131550473534,349.936266587626,-41.665373717353,110.807940059189,261.529661752463,106.340091004951,302.646914687759,244.223553303898,28.374830785711,-224.628682061003,2024-10-11 17:00:00
160.06749404513,322.732252952992,342.795408405449,-166.112030463758,134.871156859018,-154.83250985986,140.811520652458,222.184480068539,253.504614646791,222.973231977849,353.112427279788,-142.26645347327,285.163508903719,142.04696639765,233.003168247802,221.111082833339,-80.4014108724698,-331.77725551882,269.745511223317,206.292738987446,179.786233757461,389.286108237577,-73.2324294286317,-87.4164573366547,19.7448738225482,121.488816129022,197.785368450569,27.0435480418711,134.100815985056,87.5206439210707,244.773820285906,297.187594742669,155.387251727084,331.316625994191,103.016613801946,-80.8389410303464,31.1153204818706,273.366663488895,34.1549428632192,243.53618625684,178.304776539533,355.178954146888,12.8248230499584,123.036387598726,273.445641204503,112.338258933085,308.47560794111,260.172947389125,52.7586794730131,-214.813546012561,2024-10-11 18:00:00
174.03096039809,335.255350468947,358.061898363295,-147.774105742179,157.457265188113,-132.326987972664,167.686942008103,231.867754922118,269.789372304095,239.902536462597,371.880197163917,-112.542057994178,297.595784056132,168.676055250285,251.774559196608,235.164417191463,-46.7087294677697,-319.675068793626,278.021851986934,229.620422317555,199.111213379693,407.316754046964,-26.1972721074975,-38.0382277843315,64.6990388732652,137.139632413747,216.712502796777,70.2465009891973,171.541912052757,118.736534620819,261.837712743033,320.706427577449,173.921961672578,346.192422556823,129.638547752461,-61.6316679201513,61.1794888005727,290.614070306777,58.8606944054237,264.279705387171,201.336668626081,370.282201303248,82.2379869452164,141.481908564279,290.247263940547,143.861345100258,320.062627913205,276.761457025935,95.7364995529935,-192.878339090079,2024-10-11 19:00:00
190.379753052766,356.230329529823,369.657818158597,-137.523045011747,167.49573445132,-110.966237263698,188.466394737538,246.902859114384,290.24818408609,258.630437258201,389.638047376633,-87.9503177880551,307.335217779949,181.915566509746,266.154426648955,246.024046438951,19.8097719786385,-307.402367186613,297.048608264476,251.305959733582,221.079901157078,417.879141039387,33.1803789882325,52.6943621638232,93.5129088717135,153.773998444092,235.350836839529,88.9800205143159,193.544169949373,135.690000254204,276.345697808078,338.593390125979,188.19740530311,356.063411236441,136.067945241222,-24.1833402140893,94.0204320742383,309.289904773073,104.67495044775,281.647783301853,223.083320301269,382.238327562957,99.6997036660244,173.188497008915,305.465227679578,159.089228371789,332.316771714834,291.091657878216,121.169225067084,-181.722040797766,2024-10-11 20:00:00
190.719624182399,355.586227748218,370.840575889179,-139.735436234551,164.606756861721,-117.130036058606,196.593032859986,246.819968531968,292.696717536879,252.873913287828,394.873494312058,-75.5401056676271,312.005345366173,181.548379250652,263.993180798102,244.815303516208,21.3854730572786,-299.056231218189,300.068136472207,261.763306255222,221.171299462611,419.227404472022,37.592609473615,57.3202904837466,97.3089528248232,153.915698777217,241.155876357719,87.9100339558884,202.531003285381,145.327637085337,276.688894325379,345.985361903402,194.511766542223,356.16864686875,141.075478847636,12.4587819792397,100.274148227411,309.705635126258,114.775134677693,281.148140755386,217.596179180656,380.899602118115,107.09600028592,183.509063124667,302.321381847942,165.82671668284,339.085226179149,289.592826621543,120.591853225362,-179.250237125386,2024-10-11 21:00:00
171.5677882027,342.533252664676,345.633837072011,-160.083993271472,150.665089674807,-142.152634480781,163.953302415743,236.735305158133,279.873910980335,243.875966756109,385.304888548252,-101.48230304769,296.728810609225,168.515603748554,254.293121790656,223.300720028947,-41.5088943958052,-312.144591203294,278.344329028051,246.680954520837,199.767327313832,411.923116239326,-30.7205779630061,22.4444030514016,83.8542400985774,130.329893664817,225.370437337949,44.5387277963472,180.898845237944,120.898091696891,265.92782695098,339.101430501357,168.443629709534,343.604974840191,126.558798914539,-68.0825893034808,68.0812525277162,304.491290257453,89.1002559793535,267.382184182425,202.185664612289,376.187599307214,68.5083936770554,166.425524490055,281.539920840932,145.333994532615,327.3899183188,277.985023865211,92.7517689133839,-192.697991455259,2024-10-11 22:00:00
169.398224753473,337.056456498824,349.774420261007,-163.974730188886,141.544568713976,-161.637664929581,146.916628556163,230.995608329185,280.531242502301,245.687348399647,387.393899648991,-115.686317584952,286.428224016147,161.659902937151,253.064864414348,220.071342786394,-52.712935000359,-320.834888456175,281.935396550252,239.943857376867,185.109975488635,408.033306130874,-54.8829080897997,14.5294258436523,60.2133095922072,124.78997388124,215.821117306551,-20.0612650421165,171.897324253093,133.297689589499,257.62882438437,332.469459291243,146.45613470199,347.970533843711,110.653839370969,-76.7943590367,50.6359059580298,300.954974596708,79.6547085094216,268.356311960337,199.205560670334,377.46481998515,54.3175748877415,167.908809321832,271.00108891227,142.230185409738,318.922654670987,279.271119975465,71.3025737652711,-198.175203967465,2024-10-11 23:00:00
177.904941127565,338.916763723073,355.547691898152,-159.382921166133,119.385800325338,-154.929494304172,148.979909420208,225.39545162507,271.899716005609,243.722218248848,382.891560790715,-110.7133321867,282.266887126118,154.03235748782,254.530971758482,211.41375256751,-65.8562857730183,-325.640604376524,277.381186653206,238.597732557616,185.401448809104,401.337609535488,-58.0013457542582,29.2136710570589,54.56048706748,113.394625874496,220.469369133553,-55.6853467615596,171.497700194622,121.682654013001,249.781187191371,328.86903251004,140.646130169869,346.71748625856,95.0065605340707,-83.4523210727715,18.7765651176003,299.581718738183,72.1279643300172,266.560463036442,193.276006573994,376.352744889285,60.4704912662325,168.914451941024,264.215226986714,138.916312374554,322.491264379648,283.99606673986,54.3462356872805,-211.015337415409,2024-10-12 00:00:00
181.098628267554,337.494364408864,352.788273322543,-164.844172275223,128.631107822144,-170.574920601297,142.293345913174,230.528949332275,272.072986968343,248.915092170289,378.48606754559,-118.48618221347,273.153215352948,148.400786857363,253.828819725186,220.770487033559,-66.4328646028557,-324.716002577951,280.101788019333,240.912784216757,173.425653708427,401.299482985621,-58.3896655475745,21.7527738470454,54.1491819523177,93.4364533367095,211.172654024761,-65.2983843770598,161.005453622806,121.524747853274,251.888798822818,328.933790156696,139.71434735544,353.082411009009,87.976190038911,-84.8212395248728,9.05193397053299,296.27133608419,81.6144734570708,263.530405183437,189.401605012086,375.647733793846,53.5202487325632,174.222740681685,266.574082022133,131.303471136975,326.097339933361,278.833776351912,36.9525444843102,-210.679551097859,2024-10-12 01:00:00
178.721965193845,334.873147773428,351.734286014666,-166.576318829519,131.713260475348,-175.99904799864,139.0234200001,228.403108301285,268.120381139946,241.67194225326,378.175411100397,-123.837479988821,270.849856706831,138.137196783276,253.778749353125,224.556729729426,-63.1336977447464,-329.837195037057,280.846557416343,232.901245598519,164.215261274102,402.434402646912,-58.6536843919942,39.3674159754818,56.806184779822,62.6760488514909,212.620942927878,-78.375459478114,164.920869215708,113.853114017135,258.881789449712,329.493626429967,136.242737042222,358.734604800905,103.519832001198,-96.4747375933456,-17.0752816649284,289.212066283995,70.5357108147654,260.052846202624,183.381537583874,376.70577751897,30.3869526949639,163.52464664981,271.716362757558,128.196852417859,335.275482097622,272.575285546529,34.6125608039445,-211.901204477588,2024-10-12 02:00:00
166.579572709315,337.909560725625,356.800904255956,-170.526943949236,130.927395824626,-179.415979357185,143.46165389829,233.620907619583,260.699671154858,235.605022015194,379.398118463561,-135.371146813034,278.164078396194,138.935248169883,246.341610210809,226.23566526208,-56.669891872492,-341.222293652614,284.98887835105,236.262667175248,159.345334683157,400.25604178669,-49.353581871336,41.2042492191629,49.5580506279588,78.4104355497166,216.357182874005,-76.4280564242121,150.602896443311,89.3513913133979,257.460982492078,324.082216830211,139.150592222003,356.717199040811,90.5731768551552,-102.471148409622,-39.1464471888376,293.888746662783,78.6234827798716,262.99218146865,183.60259936199,378.716372097522,26.0492393517674,159.122981549098,267.366946393673,122.605872316994,337.356985184308,268.582131758647,25.2045863634699,-218.901834634342,2024-10-12 03:00:00
163.074364207015,334.46928057475,361.506341557323,-179.779982631849,127.732620488395,-173.483283237634,145.231436918457,236.018102012317,265.717095064287,236.910559370726,374.520151876208,-138.395177035146,276.641576913932,140.861735147923,235.00950571397,221.36379810732,-56.4060776924347,-340.475879655959,276.840835137081,227.925286370596,130.19202760503,401.406666523537,-66.6459322013257,27.7327974145933,21.5274516133019,70.3243561838726,218.149865900709,-83.987096958612,154.535419022127,102.869699031011,262.238547249747,321.323782911777,141.987886097131,351.995369502236,94.7498813039381,-104.294218430707,-16.2447719368279,303.739753852877,82.4200006181679,263.576502948653,192.048165816756,375.79168669836,41.3995051865146,154.765081846482,260.936893922018,108.767357885485,326.720299177949,262.268309632088,33.5741124950678,-224.815625310236,2024-10-12 04:00:00
169.785427038986,341.917679070302,368.20452537158,-177.078398045326,130.92462606794,-171.09405936477,148.243359190001,233.657260492865,267.113292691897,236.227519561118,377.739541503521,-132.223263296859,280.129198969958,139.894088541005,232.322504290483,216.993774447048,-53.4977552417679,-341.945018326138,282.236507325066,226.675758615741,120.203803930635,394.663800820291,-91.0660510211175,27.2445507408454,-13.0058878386976,73.879263337002,222.967055457145,-86.7501409803599,153.831914190263,108.610027893885,263.679705455757,327.879425861493,144.060634744092,351.47221080696,109.796079832646,-96.4006795480422,-39.0709722770261,307.94480050333,80.3982965726884,266.204029104894,187.013822097465,379.008169275158,17.2539180669483,154.450242908418,271.114643032604,110.570216261351,319.552775524843,261.65221944013,48.9606097161851,-222.881005227454,2024-10-12 05:00:00
179.713904508754,346.216178389291,364.275744017321,-183.023168910876,141.0030426851,-160.740267193014,155.365507619893,246.483094432294,268.365688172364,240.886224386553,377.699623032118,-124.091398455624,279.561363927813,140.018402526137,233.452429646617,221.122128753811,-50.9630733790833,-338.549213155636,280.582792682562,234.844281832167,119.201380817512,393.052712890093,-60.7398886309931,24.5575383329044,49.1965368396567,81.0071433485154,223.975308405057,-81.7384268453612,159.294251170874,100.385026498518,265.286093198107,336.758312150946,149.523550097375,357.163483450759,115.247160775368,-103.435777125508,-48.7071532411936,303.625955764686,91.5914617143422,273.654667009321,194.940056534835,392.507801814629,-12.8345074365872,158.315184582657,282.678913480774,116.829731324391,321.152385759714,260.838037268576,49.7343086881625,-223.721816440919,2024-10-12 06:00:00
192.713235152318,349.345323632097,375.919231603959,-160.846493901466,146.288553617505,-148.990011559633,154.672459087179,248.038094074054,279.813535773675,251.492091213021,390.120534457994,-102.135657912231,277.231193827893,157.599451298706,245.221136425257,237.815992944077,-64.1713307360794,-329.420602113502,291.188392415342,245.224858469753,141.506619192306,393.34244032973,-27.8493784099826,48.216444731848,81.9427810495604,88.901275655669,223.013802508842,-59.15356536085,166.648123262972,121.193173458481,271.101588592248,340.545221409735,165.814489784914,365.296787326625,140.482777127469,-86.7430273394042,-30.9926420482433,313.497601329832,109.800166375018,279.822136065956,206.582247059594,398.22792913028,17.0340305271671,163.285883810349,290.382162972156,128.237008265743,326.731362060405,263.297575007446,58.9246044475725,-222.028773339279,2024-10-12 07:00:00
197.377433746232,352.758174870511,372.214916501195,-154.873833125536,148.616016236113,-132.798238755621,143.903597000811,249.567594168201,289.738121366745,255.741576760673,392.059924242973,-104.874585495543,283.29252238633,160.240615080197,254.483523859005,242.886660585533,-51.2241260959408,-323.029764541495,296.352237791333,241.708057639682,143.638584772156,390.243169610818,-25.2041396441423,56.2167691852147,85.779702310616,93.9954976380698,229.107795956854,-56.8335320775438,169.108669547999,117.053189905848,273.487220471446,334.182661152429,168.046615626589,370.624738718127,148.494176136156,-70.4534738211733,1.95224224445185,316.959207884053,117.811376017286,284.45845983578,207.926229408473,390.541648975329,40.670693687075,162.025472586493,295.487028577065,122.435725082346,329.421978856634,259.878367772673,69.8972870854542,-220.800055366597,2024-10-12 08:00:00
177.892960167691,341.590798928394,365.111427448668,-169.911977557549,129.812553773718,-145.486984551437,128.400162954686,243.196045960931,274.263359030442,239.362422810271,381.260185875293,-120.099583076355,274.715032964908,149.907493062092,248.232278064408,222.296797315363,-85.3994633774082,-326.408916630787,290.921476974819,221.222970054431,127.610601503621,376.682820079262,-57.657679100351,4.90248639390768,74.5149337288937,73.5114543620578,214.48631080588,-71.9771225923083,141.348020116427,77.9082106985724,255.016107223335,316.946912301481,156.120269509403,357.174658617841,126.33230284352,-98.0378651932697,-23.7582044388506,295.969633779726,91.9099319088897,270.459455791005,191.714934673266,388.575176592382,-23.8645592020865,143.19730639339,282.218313034562,103.97699090012,315.773272570854,243.641493411245,20.1813797519752,-230.385134772162,2024-10-12 09:00:00
170.477347844221,336.028633807103,361.539120754681,-184.676084697721,108.890356470233,-159.219502470874,116.047772037774,222.604913632021,269.281130008856,231.699836600691,370.950522127153,-142.19370780668,272.580647317782,144.188557854667,243.223134525231,202.472925354505,-109.649302503595,-335.348772016453,279.415891932178,222.920309192741,118.779645527503,366.502778694536,-69.9694343461968,-20.4184847003078,36.7350070473762,40.952479768062,215.868783921482,-80.7883921674745,109.043549696831,38.2580829038735,256.991512959238,303.129285691202,146.263542399971,344.508428738913,122.152279095087,-102.472078645938,-46.571440475635,281.419721572422,71.008587249457,255.90405854136,178.87573461534,380.767045111983,-60.8902286456433,130.490801844045,270.037752669616,92.1677942404796,298.822993822848,241.751948995121,-35.1032616814519,-235.305145785276,2024-10-12 10:00:00
161.456202806483,331.953845883039,354.597928176086,-182.667330220642,97.9604275326145,-157.853172701148,94.6144186246906,221.979273366152,264.868580999931,218.333000178479,374.486407868192,-144.075678605906,271.023036553359,148.248833091136,241.916625248624,193.317739087569,-114.961113244359,-344.240896988169,267.844325156512,209.671298756984,107.671746694782,363.101927754531,-68.3665912932353,-48.8299181944836,34.0199164968759,19.8660015560374,209.631423017302,-84.9122622997457,107.523669022983,35.0317981785925,256.77031847523,297.566348068382,144.190554259578,340.564918094699,120.314980644245,-100.477479853463,-74.6169498230754,275.712154251513,52.7406783714413,253.511551879129,181.099055385546,375.087815645666,-77.3207037942235,124.089271606727,264.077714859839,77.4548977761493,292.083875272238,234.469231854796,-34.5457847810103,-234.320906526337,2024-10-12 11:00:00
158.477597871214,332.399442950657,349.707391520724,-183.459316619471,94.5415898514158,-169.436693563123,75.0280216307474,220.164865114311,261.765379632077,212.633520233698,377.673350588536,-155.971670139266,260.013084894861,149.698627005863,239.009711063748,192.285934994205,-118.823707919821,-354.561479158974,266.110458759798,201.957481568355,108.353699023244,361.574691324263,-84.5062884446259,-34.0807873921592,22.407983549985,-25.5236413502064,203.271545362682,-105.692239211716,107.148012308156,-11.919477345331,253.020396968281,294.460586189615,144.62766661156,340.565331564339,114.015437804165,-101.929934927297,-95.0922199465962,268.575249992277,27.7293893221964,248.303891327132,186.827144347902,371.7558633783,-108.321571367252,120.525437820274,264.838436948282,66.456082612074,284.100764644172,227.116225592062,-26.6887063279337,-238.343395513524,2024-10-12 12:00:00
158.020715755032,325.70459334047,349.241279217108,-186.488286558191,90.5695949541363,-173.420371295618,83.5207508435947,224.79645161203,256.831114537494,212.518279056486,379.815484356838,-161.954136021249,259.633643593945,152.683788329128,238.328421340955,194.907140708816,-117.709895517772,-356.79273382481,264.710683302892,193.87628281888,108.950730233377,365.668846696651,-97.3195845068085,-19.8988280032328,41.5577830413634,-33.7580463628849,200.596900482252,-119.12526589791,116.901302575397,15.020156835413,253.103636970257,296.674208301256,151.627535391702,340.54585538412,106.661138505527,-101.310161027745,-97.9547008273185,265.850723379606,51.2299393391917,237.410679874378,173.027031218674,371.581050558088,-116.786771323172,113.597222733086,254.620915570108,69.8210244083985,286.179683390733,234.256423647281,-11.4557555839456,-231.511704146789,2024-10-12 13:00:00
160.384811305508,324.107241566867,351.047240954707,-195.26984114791,79.0902164821026,-173.582736697089,90.8239248859778,227.115769839082,256.598431291458,208.694806527049,383.012948159642,-166.514007793617,254.027218399019,154.888063867911,237.999536393919,190.867857877621,-102.877019922284,-362.587860383394,255.237326111485,190.029115153284,111.139873053463,370.225466178095,-93.8057835018096,-29.88123506652,58.6680997887555,-36.6727173883482,198.611182383577,-120.990764004975,123.792366527418,2.72416894531936,254.703546683117,295.555795535695,157.102154859637,337.821655871245,98.85698614342,-101.502524554637,-94.008545225661,261.183726423082,62.7415557703224,236.963372493696,171.52188446949,370.36107335278,-124.549689052463,109.775126564126,247.077180834575,69.0947804812788,279.701142022749,228.467132872499,-16.4043457333709,-225.907790412594,2024-10-12 14:00:00
159.595705090841,321.62096378683,351.573862146544,-206.682136851976,80.6069986869563,-179.208194291436,92.2629116294699,220.962803076239,256.0544236511,218.586602631156,376.091844240233,-163.62597979895,254.574935015873,142.356767580345,232.407142441049,180.767577631107,-103.942317298609,-362.217405451431,253.736729936999,188.930143566581,100.509163275491,371.319769244786,-104.695617560077,-44.975019315567,47.3166485738228,-42.0765461156891,188.688382679442,-127.180911936218,119.145194643136,24.6647397927674,253.974776977972,285.726753809244,161.977723284078,341.443602508169,89.4654351328607,-112.533940774446,-80.8619910429755,262.427176303265,57.2769934697078,234.381795325668,177.165859733849,368.565778781685,-133.756672860736,104.123928441261,248.925664030184,74.675844122934,280.599032857904,224.514284963764,-39.4529016210734,-227.104110944132,2024-10-12 15:00:00
150.571542979596,319.079609220258,354.193330910914,-208.492106236011,87.496410058877,-178.057773347128,103.503082812264,221.428068213746,260.268781637945,217.833317868589,380.698093773,-164.81253754207,256.031621879133,130.366806971411,231.744967441448,186.482630247942,-105.837927637436,-368.247377440361,253.719705052824,189.260014693625,111.18900007734,374.81346508354,-105.672207299349,-63.242257176773,60.3318160987773,-44.6351958657581,195.881628967252,-133.547335444408,119.072717536061,36.4694800321128,261.922807449342,290.207550610293,155.215536929825,347.282945882847,86.828219811878,-109.298846512512,-94.3279045976395,259.017555196749,37.9376315155288,230.929588846772,182.441130729333,369.865221663894,-137.49708209964,105.560482644976,233.603943028426,84.7476457050609,280.650355986907,226.655320288147,-34.5976606247439,-234.416865922591,2024-10-12 16:00:00
159.818726404213,318.909685006105,360.872840187743,-199.806325842028,91.9479562124061,-173.705254069372,115.063550907835,233.498297733677,262.039294146049,213.494902047148,384.312869181413,-165.377361420401,258.6490803305,129.081286327174,235.459257469235,185.324974934401,-111.560302515028,-363.768747099336,267.502693875536,199.969852334169,125.158714172183,388.83460267135,-94.0423384577637,-72.7822075284914,51.0253852827721,-26.1619826596717,190.613483395032,-132.88235042045,132.555299403714,31.8295451517424,260.290991626542,286.514831333419,157.364382687161,339.235394947899,99.1109345205621,-96.8439180025553,-77.869131067704,260.47035742895,46.015890836025,240.411822495521,184.869512650746,371.851416573028,-130.648310940671,126.71107915125,232.987649456466,85.3030026636412,280.475462289436,233.913675490952,-27.3319333758864,-225.138926895899,2024-10-12 17:00:00
175.704739105738,326.348603849451,368.602535599692,-189.159054576554,112.70250876016,-161.56951560949,121.130724372148,245.202104393839,280.324606976327,228.339507157686,386.472623480067,-159.458190560931,263.228097971995,140.631795076496,257.550727371786,194.75274314109,-83.4662569820586,-351.854316628658,279.288325109544,217.029134147417,153.697732081115,397.144095588415,-84.4876376729218,-49.6375990061436,84.8939812705991,17.2292124528282,190.291867061812,-114.353621720832,157.628621688596,39.2129200130963,262.598144602195,288.453436640055,173.389360648327,351.088951654631,115.236973411533,-74.1809572542579,-55.8812998415386,274.031184476746,69.9564324712147,246.792191738537,194.859661815069,376.375055254232,-117.791212714528,140.50631172291,234.105891928865,105.268743482138,291.362428888333,242.234505418372,19.8151922266268,-214.68175427053,2024-10-12 18:00:00
194.307929802232,338.626946329809,378.642125891797,-174.653296211848,133.181729990316,-152.493961251621,150.899225775022,253.97235465277,295.677108676817,249.255805806539,398.395453041594,-141.6361204422,278.567606567086,172.119577481534,273.164124912025,212.569120388409,-46.0819791824321,-336.763011351551,286.822103272104,232.950706605684,175.510897672706,406.757459313082,-25.1860962224131,5.09135426729264,102.263866734715,57.5273128126526,210.429941423695,-85.1164630860793,187.434511948494,98.2633490140567,283.164119190929,313.587060610299,194.371367126432,364.055633840523,133.823341388927,-42.8867707147737,-14.8447383742829,294.443411606448,105.876316648713,275.704540550698,211.536006058929,389.069153700114,-85.8859474486926,153.748218002836,252.159398343189,141.93048314697,312.252498412312,253.846073865086,69.9098620340004,-193.43255267887,2024-10-12 19:00:00
212.929467637887,342.565939598045,390.678292560124,-153.442147276663,150.622811806456,-131.90296843039,162.394273097355,262.037988540395,306.558609139233,264.451464014921,408.891354919277,-113.175877663803,292.790356450226,183.73717844526,287.370418946349,222.977347976278,5.87242966015616,-320.774972602325,300.764764782964,253.57518335421,196.851338745624,416.821644177129,38.6707402383165,44.6797982391074,117.739372765466,86.1105268050018,225.607712384646,-46.7616220896763,206.877656183017,120.938787887681,292.859512067017,327.247258329202,209.793335373304,379.019771591719,146.660743127208,24.1391020998322,40.1969682562725,316.200671860955,115.51440471521,294.764910252505,234.857623123171,395.353677896247,-52.8749848885157,185.752183462533,270.835199386628,167.600643750405,323.504804700587,264.843596030126,101.041065389439,-178.853272853104,2024-10-12 20:00:00
215.455544002405,348.392830542197,385.91820997797,-144.617047628416,142.326269774242,-137.673613178722,161.924655501066,257.93035648193,306.190399731673,266.399576634702,416.555972941157,-103.271511949619,289.796679006476,188.79105800085,282.597719223888,227.100592357897,42.420265231459,-317.9742373645,304.583690448683,259.453224679737,200.754013489352,420.750487121853,27.4167641637572,72.3425357871033,121.029792361385,84.4885319913509,224.243752957705,-42.3922920056169,209.320044898974,132.995991112216,288.348105213882,327.269927223832,213.459931358851,375.331051344816,139.859660024992,33.0825008945834,42.9761813647728,325.384610961735,132.844347899531,301.627695631185,227.017773860849,398.675481058522,-52.0852714099812,195.512211048826,272.684897766411,169.363433534331,323.69976454378,263.370752278671,111.257711394379,-171.066992091646,2024-10-12 21:00:00
198.807073265615,338.675901274044,364.486142355917,-166.823132254102,115.202915173323,-154.357716927573,139.743356193432,245.009275548685,294.2859833103,247.307062234294,399.412706933899,-128.86932252742,284.039675088225,168.390320789404,265.587029655754,213.53091689897,-35.0307379402835,-331.134590004694,288.66057832192,239.989707940454,190.427099149728,410.421930972446,-28.6994859431891,35.6149136514852,93.3915457183493,61.4647437569398,219.820173509402,-89.6341199952367,197.235525113721,98.0882583585948,279.256180631441,321.155307156441,187.643104972362,359.65046540938,116.267616934513,-54.0142935282551,-11.6621732264406,309.924316400487,110.134545637908,289.261233866454,211.047433476476,395.026104042269,-86.4139772133491,172.497786643457,252.42466663271,152.932451327752,309.586790090762,244.376164199119,97.0532890043603,-188.032936106943,2024-10-12 22:00:00
200.318455326211,343.350373046665,359.121892104609,-173.031949121221,109.500555409951,-174.467444222999,129.977249358608,239.493311821576,300.398995324306,246.553850277913,396.691193273893,-143.829702795485,285.407065029009,166.233010124009,267.196268758219,207.689209085168,-53.2622683104439,-338.338939686857,290.504940279479,228.000897558854,174.573137678967,416.920233074963,-63.4860086334315,-8.70816369582006,86.7850296281781,56.3348438701635,208.415189774455,-90.3552031318985,193.056320084955,93.987350385275,278.807323911717,323.156376987329,187.219772787046,357.457164083874,109.786220567452,-61.9670659074996,-30.7247081848042,317.14411012388,97.4119227601545,290.424269605592,204.030700255405,397.401000414266,-94.6476368205008,174.339196442663,250.342632932103,139.382403824946,307.359869435123,247.640921978186,89.3047446566339,-201.471844858748,2024-10-12 23:00:00
198.473064388272,344.055209797109,354.347110026831,-173.530447894866,94.5027275357854,-174.395462821199,133.637734765916,247.441024059584,295.615214864537,243.083912676599,390.925726017029,-138.334421836901,281.103483422584,167.415199404161,268.740129492823,201.510078261985,-65.7948171330303,-344.010555919501,288.526037384172,219.468628412538,165.655771702374,409.773664241048,-71.7728294466742,-30.5979997089651,64.5022203383053,46.7202701056492,215.075318576756,-108.036296421152,190.131023278205,88.4780471125535,275.317268297278,319.496926600292,191.134630083335,353.155595394239,102.836181642426,-67.8676737979879,-23.8547514257481,313.671921671906,102.677225432882,283.609849395474,195.856489665267,397.136133299707,-86.6719563858999,161.681720502726,241.971501229446,139.063620738775,312.752389544851,252.167207119476,72.6525705772593,-214.051868392161,2024-10-13 00:00:00
195.598726985356,341.535052582791,355.140243434017,-175.974377073695,83.981259108057,-182.666098094897,136.109684931563,249.288125893112,291.995386546877,228.825089188936,389.120319663417,-141.274710401801,271.111806137486,156.932988126195,273.622351335128,207.396668346236,-60.9374797269907,-350.901282294414,287.870692683851,213.686736371671,159.773103289998,408.774939256954,-78.2613849950421,-27.9115477033148,45.3473272914176,39.9672318082899,221.13662825921,-112.076642623048,200.650940694303,96.1169161113727,272.3372633311,322.661330913739,204.555225815669,346.303149006671,103.84949267779,-71.8342911772737,-50.6098530175016,308.538770439017,99.9502179306627,283.435334590926,197.397886282926,403.672055995152,-92.5928781356064,168.018156410849,240.316185910721,130.615072993587,312.006097142317,243.571119467946,84.6188754359398,-213.616548564169,2024-10-13 01:00:00
199.681320112758,350.655128684014,360.845140744506,-175.047621719321,82.8663396603241,-179.87312890551,130.811800498189,247.236272532823,289.247093900157,222.204556596031,389.125935235634,-155.603536839348,275.995475713282,138.384736063498,270.260237313964,207.421905014862,-72.9066735604501,-358.439415697937,292.662805947846,218.192605265765,145.163369406867,405.201208326599,-71.0735617556787,-31.2662188255323,52.7286850958505,-6.7947707700664,215.499366448553,-118.844804970007,195.532632634936,71.3789551372483,266.24837141582,327.941312919666,209.560648383209,353.584577710057,115.850451211829,-76.6281028582507,-73.2297948305268,305.90781563817,99.2003174055719,288.538892369985,193.126895668596,407.268709930688,-105.243802523766,166.261523513181,241.139841047195,130.757028317656,315.479753658059,248.743573203182,75.7537428762671,-219.367199005547,2024-10-13 02:00:00
201.94795998714,362.23320730159,355.973694302731,-165.806588005138,67.09536936597,-190.763475074574,119.659314328862,245.881578826248,285.105571347591,216.056138948348,394.029522156312,-164.3466956548,286.101803497551,130.503921938602,264.348066763083,198.322308823044,-90.3248959549937,-360.948940455305,292.16542133184,218.165806334589,140.748803417833,401.361175686261,-81.8604274889696,-21.3326552025794,48.0325358116067,9.77086853342522,216.725741169949,-119.377090505627,186.407745463684,63.5019450380368,264.321095090158,329.219084010293,209.338054123158,358.736883238969,120.586549714258,-79.4206004973315,-83.0753518581306,302.79655135152,97.9383184706139,293.618003889103,199.644286605622,411.043261334188,-103.411430903857,163.655723631983,243.561718408245,135.553052736496,309.213159340874,250.971212708858,69.7024810658416,-221.146069830136,2024-10-13 03:00:00
207.106819714423,357.615138951152,358.854711725388,-169.579421826624,57.2240899709992,-193.595745399343,112.05722375366,242.262527676952,285.101904202905,217.914947714159,395.392478821998,-169.000694483675,280.413212117024,135.389130845654,269.435944702005,188.727598096097,-104.815234435278,-360.073661709939,290.344640023242,210.345119653756,128.599972543735,400.847104075725,-92.4055189876818,-21.8155819424741,27.1084899446676,22.1768860369503,207.742252024652,-131.440056508313,185.718209967946,65.5978240463833,264.882328664262,331.704718802045,207.630281149492,349.995057700497,123.025027395855,-94.9914330341339,-91.1698054566603,303.752250983097,94.1467657514312,290.852223685168,202.007529406544,415.67900387237,-106.231132071382,163.792804897684,236.216559515419,132.446097944376,308.763199029294,252.594819727238,59.513081663896,-232.334141552844,2024-10-13 04:00:00
208.685927318847,361.411554140255,365.530289382037,-171.606271352984,70.4343391781247,-187.68036139888,119.207924890262,238.950222416657,291.425195695278,224.978014895694,400.137211021447,-169.587434553741,281.817656803783,143.160377904409,274.393876109229,193.857411112531,-107.196969716201,-358.86441534269,301.761479204083,217.930690339574,128.297606228545,401.934945748904,-92.8684523601828,-0.730659964411407,32.9527376913887,-1.13742176006677,207.944949673946,-139.717832730777,179.451329091805,39.3384946528511,265.455923299182,335.519944762808,206.553150537798,352.734084694293,122.41279547083,-74.1485433683204,-105.089894860503,308.426336079373,93.8876628746746,301.700849346309,204.273042560407,412.804320262552,-112.200229213521,166.484266218455,238.093423241663,120.414254069399,311.897955284065,253.401135195965,62.2335380014383,-229.625850764148,2024-10-13 05:00:00
224.118270587171,363.634996780242,360.848408745197,-169.026322002945,73.5927853073767,-179.058096103509,125.513338270502,240.083425497109,288.269540814436,229.479897081979,408.224824672584,-161.171745509617,279.617128867951,152.193917425847,275.75857372486,198.038226314106,-111.416381819748,-360.6956940304,305.852424331096,216.707146579528,143.411689352738,404.994087592827,-78.0707650077351,15.3470105237226,34.5222995395038,-19.6447840310662,210.327561263751,-129.79581545485,180.40737043419,23.5240489111382,268.062630646,347.950058658139,209.026875497725,354.635204319764,114.701564850415,-69.562027773066,-106.204659270581,315.30465644379,85.2921364224817,306.835216645806,208.552271914156,418.073594921828,-115.074227386518,169.381611279565,253.467441338551,126.714481595791,322.063322384666,263.345025086377,70.3179869338175,-226.369973402187,2024-10-13 06:00:00
233.545246086761,370.999000945778,366.120072689999,-157.457330727294,73.97968200542,-166.055190373458,135.156530819544,246.766564699793,294.189911039074,236.279592237123,413.864179846936,-143.599555203039,282.557000868299,167.008403345584,284.408995065723,211.746481864567,-106.900047298555,-351.490976068604,305.190206291804,227.606013895797,147.624859436038,403.436027322249,-62.1467079677935,26.077634096109,53.7748576631106,-6.49397117534952,217.659101611545,-115.247560319084,183.005164188795,44.924717661565,275.809657182789,355.381916277108,215.808301765746,370.840038674942,131.640798605278,-48.8454993015782,-110.239772020423,319.627911260365,102.154593806211,312.407408448441,224.881893073323,430.363621199344,-103.187040531418,175.773499124347,274.062882880628,145.428126040198,331.127071853791,272.811416248572,83.2804850141891,-229.113307123935,2024-10-13 07:00:00
243.949760285463,374.246587965695,368.770052563258,-148.965346470242,78.5839563951346,-158.078060146923,141.981706075404,236.868672000217,297.41401848141,238.024828565854,413.679474698502,-136.899392677543,287.867819204522,187.807594373637,284.110997459901,220.191534323646,-99.5409123830082,-340.319705468813,312.311343580473,220.582177146496,158.485731247294,409.094894516225,-74.015040842436,-16.7238528497186,45.6323319698479,40.4234122821367,227.974201759657,-127.366534179496,194.530147845832,52.0578621884178,286.79831796396,361.811283563646,218.710162687997,383.191623624951,130.000944212456,-9.92697166681866,-101.569795687052,328.080872031888,118.740751188546,309.675053983296,221.729144983021,431.246766762784,-96.4920660708952,182.627113406909,283.303682016865,147.389869268283,331.285381870933,271.787601418347,86.9745344636458,-229.380137200962,2024-10-13 08:00:00
225.876903502988,359.193970149052,359.192841227035,-165.128151801991,58.7969324641141,-181.639107608469,123.450947081138,218.524047422141,282.796962830207,221.839431559293,407.437078844964,-152.591712411151,272.474974046494,181.797606137498,270.534131127673,208.855052597835,-128.889995755557,-343.159990723405,297.573575233429,196.999048452379,141.08387646605,399.550042929053,-99.0431334396261,-66.8663556014142,28.8748690086014,-5.23156624512436,206.230032992816,-150.586543135613,173.841961386201,-21.038006134739,268.710590280373,346.821220432848,209.686084272074,375.497323450266,126.804418894342,-34.8274418879456,-118.767738503767,315.767741699878,109.032931382644,296.853099742441,201.589075830787,429.384080905104,-123.243153242446,159.104148064531,268.492998334163,133.751261054301,323.356065820333,257.608736935186,68.3672213606426,-236.828420471099,2024-10-13 09:00:00
215.802785102852,353.950878570027,353.180662295007,-176.85770197063,43.4841516502573,-191.312531865362,114.661826150306,208.46329724201,279.362926746398,206.456627514097,395.773774111716,-169.614074199522,259.21190582296,169.726310240031,264.86757529479,197.557751596252,-144.071424643331,-355.070787255412,277.26622030027,180.865140729446,131.868660526266,389.61211683395,-108.080711712399,-97.4084289930887,-17.1162598486477,-11.1278582302226,207.473121093136,-158.412786211679,159.295721745573,-49.1033204321382,257.921266975624,332.656554945811,185.637232563713,372.361300255511,118.250031754211,-44.356565247821,-129.0224769908,307.020514045999,104.074277092523,283.509373034176,190.829247852925,419.362541063992,-130.217928307938,150.944426924075,255.499770126878,125.217860292963,309.024343603866,244.948731140937,51.813572507805,-246.208021552041,2024-10-13 10:00:00
216.663752876059,357.722546970613,349.613591231619,-190.156183906117,63.2057697260763,-192.659204803725,95.5292324547405,206.454229682156,271.879545553839,185.825042566891,391.441813101143,-181.290555137496,251.893888963601,166.615857128424,261.117322604144,187.9535592899,-144.792519616603,-365.470527033662,268.543867748625,174.090714093907,120.62642533454,383.369724208072,-97.5894267597836,-106.244673324154,-31.8743446931572,-39.1109134769287,213.096316707241,-164.666800664707,166.304182255152,-70.4170376254707,251.158538776264,339.85385838858,177.514553027084,370.768040785553,96.4061752836871,-51.5932878825742,-141.69918268233,303.732597423984,88.2097983260201,280.100086877032,186.955304642289,416.791554381454,-138.605299075855,137.000674732224,241.443241813956,117.274772934128,304.578444085539,252.266807974315,17.1686637802389,-243.257109598619,2024-10-13 11:00:00
210.161756185157,355.329146421591,345.885994102821,-194.940129481673,61.0667656428496,-207.206283902064,94.0278054544301,206.50531608462,269.104255939282,178.297561834011,392.953559938446,-188.269364726097,245.647380564985,171.37934095069,257.743364000262,189.359163980651,-147.424509341638,-365.365836144868,271.25922804573,167.305601589396,121.424344846974,375.863743669639,-101.18817247826,-111.448331442129,-28.7659455499273,-64.6955019341907,209.9578199845,-175.460661486659,165.97753271819,-59.8747016884174,246.5068086996,334.676562599776,180.980530659305,365.411573117526,91.3081058317059,-57.2730304875385,-146.200832536257,299.889091543603,77.5152392720118,280.586242930139,189.114711917149,415.862019124843,-142.189003535363,140.221146888665,242.383164486052,111.8948958137,298.358505271515,239.983316212432,-8.75993594849408,-242.204692266453,2024-10-13 12:00:00
205.196607293839,352.282587846575,345.66570965532,-199.558576764097,61.7668774311692,-212.176234796995,95.4634082714462,205.482471131974,264.73637098502,179.868240325353,397.084134398202,-193.331088438606,242.088851583587,175.666203145377,250.767118997042,184.880563889503,-148.092484585579,-364.584381625868,269.010316623387,161.097967786033,120.951559450968,374.269754199967,-118.889535712452,-112.954766096295,6.50020970389702,-77.2335902802832,202.141636772345,-174.900155178669,164.570771266085,-49.9218995629563,244.836499693901,332.849651476971,190.719894318778,369.271851510907,107.485325327863,-43.5285009653038,-152.939985639893,302.959263016216,89.2684032705929,273.872837829271,183.212558842448,415.678558794155,-134.104247207559,138.2149462044,237.876496206948,111.00349425311,299.437444205176,244.67468597854,-41.0914228482853,-249.290147007426,2024-10-13 13:00:00
199.756329078757,357.871131620389,342.120881507394,-209.2472136967,75.4760923550968,-208.475148994017,90.4820488400626,212.274823113068,272.726347006867,180.563634057563,395.861013002924,-195.367074506983,238.941162570066,178.633899572974,259.340480938993,184.017763017135,-154.959642921256,-369.056528895377,263.374901726307,159.556106592451,123.364961259167,373.974571707898,-134.657367986776,-125.362521822252,7.58053715266715,-83.0912239246098,203.75778771134,-174.890129203807,169.896396200841,-48.8161629144089,250.842430454747,332.322383118151,188.05999144763,366.588816206084,102.538860862135,-65.7449384389505,-151.230290380147,296.338136288639,95.9661242417742,273.741751982651,184.40762547353,411.887494968887,-132.921929763232,127.601722729707,233.760288615709,97.2049365659579,295.506258132854,237.119097657976,-65.9498413979644,-254.709784748239,2024-10-13 14:00:00
192.933845803036,360.121298852387,349.309194175245,-217.184299882114,71.839601117988,-206.740494265562,97.6387114813316,207.877371671532,279.485330352335,177.323546776752,382.374976704217,-199.231706252595,230.083665911935,172.435100066196,260.324861472343,186.948284213204,-159.5015154213,-376.789927907475,260.672426653887,162.138804028018,120.094742452536,372.035779287306,-140.960704880641,-130.728701296805,0.869179868963404,-90.2980700316939,200.397824642795,-175.853793351216,167.911297241524,-24.035174736645,241.460508820325,330.233705624736,191.103629285056,367.137022791615,101.088574876487,-67.4374751912225,-151.222638477988,297.208800760187,96.8357136704891,278.893611392842,181.357990014719,411.629902983923,-140.937989666821,118.527125773904,240.189348697406,93.4101679667034,296.666944640545,244.195167693215,-70.1838606335,-261.294840478883,2024-10-13 15:00:00
188.895678651639,354.902179739909,355.234641498305,-213.720028858049,74.3948822698717,-209.561593112894,107.912081400746,213.237194509692,275.52415656341,172.04360414054,379.784317609979,-201.113227217911,223.836763615066,174.953649138122,255.492681859549,186.590943193748,-148.725433009274,-382.130943996068,256.497130286104,161.975311884867,122.042816688323,372.199233046286,-138.929882614862,-142.815706732387,18.9752653812423,-84.1373901663226,195.399395571456,-168.30985822619,168.093100897978,-33.1610562883377,242.632433996316,332.422652318067,190.656386001899,360.728764564687,103.310569457125,-53.0878836243336,-163.388445101473,301.917782629047,89.934393694564,282.470561483682,171.992705917466,410.869521723315,-139.956875322025,118.811423850364,235.081544674642,96.969259878539,302.918858911103,248.147066650592,-73.4606766193098,-268.120653279975,2024-10-13 16:00:00
195.755361405219,358.287023476262,357.730983264014,-209.202318797064,83.0824836549952,-198.334011239846,110.228984212123,222.233877103104,281.406875517601,181.320394657419,378.516341494332,-203.241186205712,229.408539134559,175.742894252372,261.071605969275,193.430273490451,-139.603690973022,-382.25260760257,266.166363578018,181.343811024279,138.043947792774,372.762804584781,-135.957852392941,-135.847634815996,35.8851450008702,-75.4902511904989,205.827961002362,-167.383926912662,164.237806945685,-15.4292473282417,235.550793405907,341.918295457345,201.544590309658,363.96980994938,119.780349824841,-38.0316071228158,-163.902219895405,312.929904508229,96.2878116436506,289.8376809163,172.408234668693,411.684388126414,-143.452121746694,132.177901991239,237.486778212353,84.2497834913751,306.687829837864,256.133848282327,-73.8064436103896,-262.976440851505,2024-10-13 17:00:00
197.89003141885,372.126774571619,361.73597566999,-195.092185553947,91.8159285172917,-189.999285707901,121.476327349125,233.109416791051,288.750526947851,195.7264764712,382.387393954649,-193.063534463316,239.619114222823,181.816764655072,269.686874884985,206.837392034518,-125.610503783258,-379.917184434996,274.883039826915,202.075659170821,154.272044265681,385.934938214824,-125.148995112944,-125.445050367558,64.9199621075021,-59.3778186708928,209.495199234082,-153.751431786157,191.659217857345,23.1330077044192,246.963769151914,346.361704466207,223.652843441541,380.17741114066,128.830304477157,37.0399731289627,-154.117563087502,316.778223812377,121.5371694645,297.74219452284,188.400593849134,410.061781438542,-129.319504371082,142.326467751708,248.562312955321,102.807361782844,318.583705116445,272.188518696169,-63.297150286976,-252.524575191329,2024-10-13 18:00:00
217.860110652866,389.189182926484,373.584113801035,-171.27073436429,105.646483415823,-172.714114219393,160.422983817232,245.053489437566,299.914134466031,219.719293109618,394.274675448166,-172.162282160804,262.901119621585,206.723750482972,283.181888062881,228.416219996576,-89.7015393498665,-366.221382906224,288.030451882799,217.732596583627,173.701465448058,399.887480655444,-75.8676838939766,-109.816759552505,95.842250927589,-15.8920097940418,230.328495642864,-121.983929286826,213.357371554087,86.9825775484671,266.098315357044,360.55184021661,242.514467413906,397.220899719459,155.586098244293,51.2163013986593,-131.124296243512,330.066072151493,141.057478599954,314.956144125961,214.426593566003,429.619413039857,-95.7886128776006,165.485249605275,267.220528936477,136.920926903527,326.640884956395,275.717535299155,-44.5879205922864,-237.808883320428,2024-10-13 19:00:00
241.625122381406,400.938697726102,390.087773607787,-147.530891529556,139.252573917729,-148.148036318492,172.516067894176,263.132622048889,310.260659284044,235.57955745912,408.616451952247,-135.084590748965,279.767785094808,221.013606833319,294.331417107637,243.82061104802,-56.3494682981951,-351.184501289507,295.945328365791,233.360329234533,192.446538909944,411.854243658486,-53.759709247109,-83.6447053140529,118.757122677018,39.5997464888909,250.297071422077,-100.331872089104,229.712061671946,111.701840222895,276.836140982079,372.698751192144,263.226275818161,408.649310901786,168.414092297121,63.5771850902104,-114.041870569726,343.997580783829,159.967866521338,329.811067442315,242.68112671435,444.123151675512,-66.4705646385288,184.404395462869,285.666617441507,162.509882402818,342.287465428779,283.493720464481,-21.4349228100022,-217.733786935432,2024-10-13 20:00:00
253.207535692425,406.594122881933,392.569279930984,-146.740788948241,132.675627037222,-148.318098927479,172.532762421258,261.219251344435,308.220520577692,234.981308096959,407.038842008282,-130.590809624491,281.8420923564,226.405863940426,296.99050624301,244.848089551378,-22.6776552878798,-346.666140907712,300.696798690033,235.754184968814,197.495114224607,418.896382469109,-66.8481307285599,-72.1973684109942,116.079250786471,40.5362223598639,245.480434504447,-81.3277836336671,233.619348390085,117.685727013486,280.272918776154,379.323568056836,271.090230149434,403.62044153225,169.967147791854,65.4962110839274,-106.235366207376,350.697073853355,165.577496271609,324.065560343592,242.460683087066,438.384622768025,-66.2097939984012,197.524617293875,288.538929673455,169.008864151243,346.605311380558,286.530611873981,-11.9227269933897,-210.394648555034,2024-10-13 21:00:00
243.926127577552,392.660124693027,374.299736511084,-173.62338262069,106.762697911614,-171.532494844268,159.592472953649,260.909416005616,296.968415841021,213.081621590182,392.181293946956,-159.510354537614,273.294383068205,203.134010339165,288.922419941921,235.094276758164,-57.8318364415013,-358.786413062344,286.995725657117,233.079702265133,174.960986642996,403.652975541539,-85.1931904120617,-96.6916938967809,86.1717721807099,19.7188819522885,238.64032069775,-107.989853788763,215.831912710763,88.8807146005645,263.631318851249,378.036740545811,253.277608921677,387.352357565154,161.448932118056,4.60239036914227,-121.850080281655,343.484733294363,147.5285343338,315.792029387986,228.354434364662,427.084780647786,-106.449667246173,182.559831700831,270.310584822063,157.261040332962,330.891368085599,269.733377668447,-56.9546841552497,-226.370453663671,2024-10-13 22:00:00
242.216562424094,391.284654712213,374.593688651648,-179.18719365878,96.6286769045799,-177.433613939059,143.449537353441,255.919223527254,295.604366430993,212.071479326335,388.054701348522,-155.910646175281,265.418750324612,202.774196892677,291.882406935313,236.009611461285,-82.2393756931171,-367.270846764469,290.049219425724,218.142983572105,171.261386681756,397.724218941625,-93.6029533992032,-96.749475654254,72.1206008550501,-13.6497897119371,240.360505177401,-114.64696837084,214.555973291308,84.6039629121508,261.185609001024,377.831278570397,251.688480753441,387.117352570125,166.234536040713,-10.2456345018357,-132.427861763597,347.387913437248,142.082676566002,308.592721091864,216.717176695896,422.039277373074,-117.939422285802,187.531635638572,265.549810972956,150.54360836577,319.957547227429,264.859775509017,-56.2022265125846,-243.887377532674,2024-10-13 23:00:00
231.93155277148,385.749821251959,372.263295618506,-175.52588451212,81.0784721180506,-168.437650686713,157.702434222642,255.523956560448,293.098161691003,208.897475356506,389.823440150823,-142.557997020086,251.561912603264,203.318400928666,290.470436187856,219.671234797548,-80.7629911307894,-371.705817482976,281.738636882997,214.052266498806,164.980810438461,397.434730264804,-97.7964671213431,-115.882233044404,47.4107205967812,19.491796308405,245.177566827712,-114.860540317476,210.746667295376,77.2225595374552,254.272816410334,368.822919261515,241.908050939092,387.360088308826,163.602526981626,-56.0977421290065,-136.129766299303,348.616549603849,131.215957330052,311.623791548367,211.987613325977,417.750768528715,-129.844363059755,177.907435458106,266.404080961271,151.926931447144,326.481275514789,264.55353072107,-65.8940802368968,-253.653211746846,2024-10-14 00:00:00
224.588566612791,382.950082753505,368.710893120375,-177.948857641498,79.8430754933794,-180.745772444939,153.42120107574,251.902848072339,294.947606770345,204.771365156396,382.897586525567,-136.371439669795,246.482536981353,195.404197214289,288.145944880372,220.899704757964,-97.5455378298356,-370.829583220112,275.764858144338,205.668970199159,156.900340497106,403.068077238298,-81.7891470940481,-120.867966721647,36.7967277316418,10.4535461198156,251.388945423548,-118.093196191785,204.63978728267,85.3607647480479,257.357891495627,364.004717857783,249.607686926385,383.869673292821,160.456419956107,-19.9636268147809,-140.206575599578,350.739645168682,125.161375675892,310.443386785109,201.790087813315,426.369163605296,-129.374896922134,168.18256389098,264.406993898182,159.116512939847,328.652479201139,251.892057665994,-63.5321565550811,-249.166521755235,2024-10-14 01:00:00
222.231432771606,387.208384603573,371.381080520256,-188.055262589775,77.6729460033744,-182.409480078882,148.197396104277,253.590334050461,296.621040720798,201.68380722457,376.12095301667,-139.887921540988,247.492187242917,179.960880640993,273.24230085892,224.673369092517,-95.9269195942945,-372.46652285332,282.811057775912,197.368346349602,151.168579779841,402.498062560055,-83.9666738385018,-124.787763469251,-15.3120070287757,-37.7420660202163,245.056021997354,-131.956416995926,204.493721082565,92.1291569914792,255.72556544309,367.007642587908,250.097688169421,383.91747475636,157.560305042727,-9.79051568981774,-142.999377839888,342.89488647397,115.813591759801,303.579276250311,212.61265644162,429.799504513864,-140.36724525137,174.406367216931,264.141089594569,149.806320068329,332.907372149744,253.068142933006,-61.2305581109284,-245.081487536672,2024-10-14 02:00:00
224.383601489207,385.463347080835,376.064232611823,-183.811112732259,74.7951573442475,-181.402962309184,144.109765372528,254.959537838381,283.913138500862,185.165942124234,382.353186070831,-141.892883547607,245.643639674008,175.393597554107,272.182730257432,222.955316077458,-86.7661224021092,-367.517847926877,279.363562722975,204.854597334239,140.457719898696,404.020009167739,-95.0279487926243,-124.726982985204,-12.339864658104,-62.868278456604,241.352457475607,-145.113513526873,215.052961482014,80.6155966761771,251.778452815721,366.085818074837,245.456645951086,391.898118306179,154.524314796776,-23.0942531473522,-146.444890787641,346.300072152345,115.028107222298,298.837779337253,213.699912139963,423.864044621092,-145.884489011942,171.513456136548,259.571539708191,149.858744981298,338.936056859415,252.689186707026,-62.5783314807057,-248.839529651626,2024-10-14 03:00:00
224.891138315894,385.381317339633,379.468440210289,-184.867351197919,78.4485838371503,-186.33232146524,149.268941554482,255.686583701085,284.450293442058,186.823966573883,381.086167807536,-139.309650262363,232.732988194353,177.99609501135,266.306686273083,218.957767159521,-94.1670805554833,-369.114089525563,278.98127590157,205.647197968372,134.230218643957,408.638137277912,-87.946581508114,-124.119096272531,-44.063737403042,-66.1922999809409,241.682022382322,-154.348590670763,213.828143128186,77.8128891292468,253.601109016449,362.989614273891,248.267872568516,389.766772496812,163.018517945248,-39.3178337634468,-151.788630595581,347.403827748134,110.760750976211,296.718976292619,224.074803607764,424.278951005581,-143.641642677152,177.824232960668,255.063631784979,143.06545818835,332.832540301998,254.915255627832,-59.2273517875348,-254.200085630114,2024-10-14 04:00:00
221.742109051187,389.252985256584,383.206405269447,-188.081795652562,81.7820052184215,-193.582160462044,172.704728446905,258.586915864283,290.194486924401,188.569000199421,381.660539000299,-131.299976462567,226.403986364329,171.897898796354,275.413638511258,224.426221252759,-110.534588837084,-366.165512351086,289.258187197715,205.414180866913,123.627153370274,408.262443947751,-100.145165793866,-138.393513793057,-49.5327749727485,-62.0243545778291,245.014158235772,-158.752864239161,215.868460738241,73.5238576591129,248.937577913602,366.875174670153,251.362522643408,387.653206085833,162.077528630718,-16.7839395572835,-159.275231161378,347.206174966292,114.437638277681,296.279372776885,229.973827157298,425.289167937053,-136.660169087692,172.96568694303,258.284408765413,144.644392671499,336.394988915507,251.83417488229,-66.8704524691408,-255.464783510965,2024-10-14 05:00:00
237.076878341514,391.604206751092,379.628088108842,-186.138025154744,86.9178375762428,-191.036744715318,182.920517825172,259.26477624783,295.725649100246,185.396810956471,382.172611040432,-125.781128149756,237.097859528961,181.472435185437,276.726695421445,227.642075710057,-102.502676497104,-370.88922144942,295.567388017942,208.99014880308,139.791771958038,413.346432586048,-93.9501244147871,-142.933533704567,-39.9650081128576,-52.0372710896509,245.683328623028,-156.655136478124,225.153915828914,70.1116893171505,245.748910073129,367.370009935411,255.14238703607,390.574658353861,156.901249402805,-34.6617864021018,-150.754438877094,357.242389978865,116.104593726327,302.20573090298,231.236867467324,423.128460335476,-146.994891013823,172.383599689511,265.897760401321,158.822007524395,336.878735804642,253.1534965431,-28.4901347985082,-249.615990435719,2024-10-14 06:00:00
249.832050520412,405.507082891369,386.11923008841,-168.474998996736,95.1672708603034,-174.314113763871,193.369852142333,269.324370371165,303.084494887071,194.638066128477,380.961969267927,-114.378215657621,238.758332394294,184.799701263459,286.525857860796,245.254880221332,-88.7506132944313,-352.855878136235,292.296468639483,218.075586320215,144.74664776661,411.959282770427,-68.0951090793718,-136.268080805655,46.4756139913889,-29.476386551598,251.710213403724,-134.179775966299,230.047518563995,89.2209813234254,263.309103709115,375.90918866224,260.125527308695,397.578528807517,175.79248791396,9.25477454279476,-135.435994508494,359.621141983917,125.273073935991,310.979821851571,243.218434573587,432.061186459971,-135.411161284722,175.884256483775,280.325498344551,163.027089358414,341.887382756827,259.280172384047,23.1467389820142,-247.468150739891,2024-10-14 07:00:00
254.319054533101,404.277023118586,383.027225158923,-155.13204247643,94.3456158440307,-176.294757529384,187.828940485364,266.251050586798,306.992840524495,197.729359634102,383.006661880678,-105.386087113321,240.885297872072,187.150337095964,291.874337261981,249.554948764796,-72.8708297057842,-351.735085957281,302.467657967018,212.663180277232,135.65302163983,410.029730193881,-69.2415858186671,-124.601265494267,55.632105638713,-15.3641735365498,261.492509014171,-128.590378169737,239.267491686258,80.6843027031735,273.841000513285,373.18785801584,260.613725401145,401.827811652907,183.65846628173,20.5961885121757,-130.412929674366,357.963142678804,125.115992814324,304.257088625471,241.489922354335,435.067078130749,-135.742413562304,170.899856131819,284.75207003783,165.93270392601,341.427270550308,266.754936128524,30.2832354012288,-248.935984963907,2024-10-14 08:00:00
247.521544543385,395.392550523518,367.478325552639,-172.611556008529,73.9966849262462,-194.142464369224,175.338464450833,253.610878903227,301.215602179755,179.512194801565,373.525056785052,-130.763116939381,228.035939421677,185.488672274291,277.330174736337,232.500413697272,-96.0035252798584,-365.026952785203,288.084191267475,197.62676256146,116.588965389525,401.131749357492,-86.5856183597856,-151.763228120214,36.2676408094819,-59.9495337030919,243.084845825017,-143.489601177423,233.509620278277,33.3363697848786,253.102800014331,370.483217489559,253.947218949918,388.769412055098,168.660733366291,-44.1250612314661,-138.991669424107,349.858693426985,113.142696657527,296.610572106469,231.870044434236,434.604715862909,-157.45470615637,166.597836149305,271.319125409078,150.972179454482,331.575647673862,259.065077850635,-46.3963779005595,-257.594563719288,2024-10-14 09:00:00
232.035322024538,389.733934495184,361.908496485514,-185.820650578891,40.7802753794754,-201.242479933079,150.298847877449,245.908678842121,294.971053678044,166.47635906801,366.845775948975,-143.217314373137,225.103765658421,179.592972059047,270.342219816355,226.615487583339,-111.771649512367,-378.319743026261,278.321209951102,181.841421371096,96.5690587606817,393.285983206364,-96.0253830514036,-168.226663055479,28.9660575688888,-69.4804834191463,235.527949261201,-152.493651907544,222.864547303405,14.038396505653,242.007674222898,365.803506931279,246.499363895946,375.700267019825,159.697365276892,-56.4951748423112,-148.93936457672,345.653664203516,114.651858418216,289.768486580724,218.937439177208,431.834480756561,-163.208073258911,159.903636233811,264.612094640194,148.327364707606,321.658426372676,251.912506727678,-85.8445732265255,-264.794692490181,2024-10-14 10:00:00
230.549417244794,387.08568425188,357.606524662962,-201.00084315797,53.8093953977165,-204.213444553643,134.685381457684,235.629791724509,297.522890727147,149.048244260145,364.358567986406,-154.716774664327,219.483507839849,175.389242072845,272.191133439304,225.834170394352,-107.867225854231,-384.932425591435,277.079290329626,177.102025544131,86.1674190135339,388.578424193702,-94.759275928609,-169.746188457966,21.5938527490554,-67.8903525690732,228.532760165578,-167.46749081747,225.792114804552,-31.1273032965775,240.593415507412,367.592317059177,234.29545925348,372.748295335634,161.247321112106,-73.8764035368715,-173.14869171586,342.199448034989,108.378942032047,283.208904542609,212.041864276613,425.801149247137,-169.316788991135,155.311940263657,252.235524474607,144.20929137021,321.15403829857,249.014818447382,-89.6333315694771,-265.951298229468,2024-10-14 11:00:00
225.071321631505,386.670093919722,363.287006491966,-209.900635757757,-7.46199112414928,-207.287206000644,142.421595156277,230.940874370481,286.814685487383,134.993029536512,368.043562881749,-151.604504446049,225.614412022534,159.946319442037,271.178583860681,222.381869696392,-109.048144709832,-391.807094232195,268.25410384226,175.603746796487,82.0260980388567,382.030025619774,-93.1395328265701,-157.491755807467,-3.49385308824389,-96.3157495973095,230.637656135107,-164.286983610178,222.353941846114,-50.5155250122748,235.142251847703,362.742164619115,234.534274541146,371.806736783599,159.454767562212,-83.3403993137913,-173.755845373888,340.160539975009,109.558106343294,274.800197944418,216.108683379899,424.059571072134,-170.052053164458,146.55858801976,251.336797015826,146.177400346058,314.02547315644,247.617535441749,-100.341443587984,-263.259301668479,2024-10-14 12:00:00
226.009368085103,381.088495751258,360.904790552095,-202.048551893802,-14.1528487045408,-202.891209546876,140.829456842839,229.947482684323,291.732040245279,144.88505693479,371.151882907585,-148.125895942864,227.531660074713,161.516163498639,276.033361427708,215.142980753712,-118.469198197831,-394.166396743196,264.517638158628,172.514176010684,67.2196950462659,380.057823602174,-106.324196691108,-142.190981340308,-16.1335710281076,-105.697730747974,226.065382419366,-163.772015129688,226.922853873072,-33.5395406932291,235.168997356197,364.161081753392,231.072135509199,372.355399800322,162.239945955812,-74.1450491523689,-181.668473818006,339.645915011168,111.231998461444,272.325555753852,207.804265906125,420.672936390998,-163.03323871627,134.591615804099,250.081407319052,144.88795189823,310.393789420597,251.709624600434,-106.191851314162,-256.472486863886,2024-10-14 13:00:00
224.540224094778,377.535100847444,357.372727382061,-197.590945911873,-21.6134483875507,-198.103709199837,140.540624754099,220.559712684598,285.239693522403,150.366049331272,373.477708551068,-150.430234221868,216.991728389726,159.283937444108,277.035737422776,210.16726894058,-113.881768659067,-395.227399583954,262.789545232442,181.094900912853,84.876632825369,382.242426756656,-118.31005367169,-138.510993093294,-28.3912892425104,-110.723175933303,228.247944549299,-172.23915685167,221.246279401232,-31.2334917634379,234.838114527481,361.263512787889,230.920372550377,371.408572964484,146.035388785485,-85.1056099127056,-188.365237090017,336.600259055965,104.113513492193,269.771790899388,207.107942521557,417.349003455632,-154.759832447072,118.476270466494,249.227750627961,147.60989714099,308.396058706428,246.856574948519,-106.374471680564,-249.483677822073,2024-10-14 14:00:00
224.990056425855,375.128654955679,362.294741814176,-204.537560863363,21.658728438986,-195.803505050654,141.640719803994,215.917056588552,290.221978578877,140.379302328459,361.537020647452,-149.759151350621,215.845491571322,151.705503560666,279.751260965853,199.300725490734,-116.464115427058,-399.294533481192,255.19782445563,178.205232490114,82.000418758589,382.428265325291,-118.859121958135,-139.446725566117,-31.3852535565223,-112.808443967067,220.77828842472,-164.564342006122,213.998764590571,-39.0834997205317,233.009498183616,359.595407558458,236.533084235127,374.88592024666,135.530137053335,-93.9738922215968,-189.431580671622,336.288115057825,102.075686011832,271.878658446625,201.442354527764,418.435505097799,-148.384713666473,93.5617919065358,254.073550588502,139.684094300873,307.75688031658,248.536260086459,-92.847939199574,-259.420667542552,2024-10-14 15:00:00
230.89748572067,381.696956656985,369.022263202704,-205.659990068194,28.9883640915836,-193.472316971313,144.987669671245,226.787751623102,295.244480354473,134.928617722313,365.217258444142,-155.13219087377,217.100819717763,154.919062488332,281.418547402111,199.452326174532,-106.537050486969,-402.328852477022,252.267083564178,180.911761958302,92.0435481337819,381.049287193904,-110.22321893927,-148.317469135284,-14.6997426486781,-110.741891694027,212.567216601014,-152.25718942856,219.081317585968,-55.3453170313642,245.385420179711,352.927191838494,235.197989490094,367.269093290601,136.156507686812,-89.1560325472034,-195.977857187111,333.740941509042,104.535150450244,259.158547428353,208.445891942811,419.333220301821,-153.340357293628,91.9423728559885,247.834105166476,132.20247916322,307.177171408769,261.366168655421,-98.2154558573021,-265.203622564498,2024-10-14 16:00:00
235.516781499589,385.503241166658,374.390579684216,-209.364450615184,43.7339649496564,-191.328447711667,151.337912830565,227.94683072124,297.73983348406,141.930142448999,371.074518146133,-154.251642895811,219.341433871196,161.396703503455,288.192876504511,194.296748651248,-97.5866610397381,-403.058173530188,251.269465962743,187.261469850185,109.533763929947,379.896381192963,-78.1285399139771,-147.046505276379,-37.0857372244094,-100.340129263147,215.70870418605,-139.631394918626,225.169242356578,-69.2819695050446,248.06941790467,355.247139344106,242.451537534262,367.714588374026,144.473661792935,-90.6759793997284,-189.316775777324,341.570686779722,110.711948019499,265.767360430644,212.476019506433,426.290137215437,-158.323633227209,103.144205619227,248.035032525286,131.160904505986,313.841368273293,266.42284810499,-96.1330579367561,-259.87730562589,2024-10-14 17:00:00
249.337368765568,394.972395237839,379.094410703466,-186.876264279159,71.5400120758035,-177.295173450804,152.473346955002,230.941606514118,307.189702343867,151.792577096229,382.190900165722,-143.613416324075,226.310991267517,167.476422241842,303.758223592113,209.334664543687,-74.0565427574961,-398.526008485008,270.151898744478,202.094681302424,119.348234522194,387.916954683245,-54.3025026332234,-126.668281569609,42.1882327482476,-71.5118870497563,216.183785113416,-121.823727850495,248.135922241635,-36.598703149469,266.3460738457,368.306131288543,256.779480987069,387.289703664615,156.021605956741,-62.1754324879115,-179.788457314901,352.668086033348,134.007675562885,281.193893952594,223.573610589841,437.359330305481,-148.028511911727,112.425231012212,255.49726604443,157.077153032419,322.20865881206,275.553477325167,-80.4437636973848,-256.783420430241,2024-10-14 18:00:00
261.863614169934,407.128747595157,391.962799738003,-164.795857488883,100.850176875224,-155.884328198621,172.660678539001,243.086004667804,322.083744392389,182.498083941419,395.525308694863,-115.430867858499,245.192142265489,187.86052062464,317.424701929649,231.077561578706,-10.686138968983,-389.143116098424,288.582001483362,220.959464056896,142.584530927211,406.652121280287,16.9102827997859,-95.5732499924945,82.5816636911701,-33.5856400275637,243.201840416284,-102.928033024433,270.601918109515,53.4490615466488,273.431247513392,388.490411555499,272.788830897883,407.569478109781,172.804265517738,-42.3122739494046,-157.133639311124,367.583086181292,156.868111575376,296.897560871528,237.599717558402,449.694375731163,-127.733471513392,138.157035290206,279.3519296336,182.074007093423,341.362371836792,295.003929546938,-50.6305028305326,-237.187547497582,2024-10-14 19:00:00
275.33122742954,419.553188762667,411.1849357628,-149.357134927011,130.442202969077,-132.510572501738,185.923517315409,257.284976386372,334.913170925712,213.313990763166,403.042471061175,-82.7346770150182,251.416685856156,202.883806119424,329.760557767678,242.051896831488,43.8525238132975,-371.304009507378,306.188031699169,236.438310004971,168.40100648894,415.776096743472,59.8235805667592,-68.9457101628299,104.364234079297,52.1590653266847,262.965451286452,-90.72214454604,292.100115691147,81.6676956206379,286.125636839813,401.333077929076,291.639540603009,414.852366024958,190.00183360601,5.61977238021991,-128.852094802899,378.410554018078,180.937048538986,318.646250589468,255.084152172611,459.101430111022,-116.098031325332,162.79152028438,291.924744140478,203.239558508917,351.503725953359,301.303774458778,27.5685590612752,-230.221531425224,2024-10-14 20:00:00
286.052748510047,419.797424864527,415.452710736367,-140.909674741812,139.581728312977,-133.558417905819,190.250179646674,257.828753004338,336.75559394537,210.149937373656,404.110757003352,-97.3178261598355,243.988436188378,206.261150105119,330.76596881359,240.112521684128,73.2599407623672,-369.363078323767,308.817864245831,250.30332497289,174.561561167915,418.705322645013,40.0400987776739,-63.0446775309408,97.2048324489729,51.6215665569189,262.449384114322,-70.3719398766651,303.611458266313,90.5259079866711,286.719911871807,409.724847043152,290.744189770785,414.244100425678,201.836220115209,30.1350499454829,-131.423570901785,378.397546409945,184.69908179075,322.800324020295,265.564476827755,456.45070695383,-110.065993276819,169.752909552764,288.538861180395,204.801817715678,345.790862774221,299.162032765127,51.4931592498367,-225.759595940382,2024-10-14 21:00:00
274.386979378713,412.91490445803,392.895623356521,-168.026179133418,125.806601681853,-163.308380498553,173.038525827088,248.537951703177,330.774833161371,195.954477651881,394.655917807929,-123.857582041597,227.947119484328,182.845315735648,323.741000721878,229.628842516026,24.5865948612668,-384.644533923464,305.928047617124,233.274632348143,147.448995406165,409.37563890902,-4.52058212751653,-91.3779619663277,73.0190125189114,15.4040445481614,243.188839228118,-95.6471060208434,296.651963527153,38.8129484181773,258.624151846259,407.956819236394,276.426234168106,399.100309277985,190.67068206585,-49.7804453941272,-165.606503070887,369.115245649062,170.267674858246,311.41739455475,252.272582927578,452.85279629832,-135.156064581762,149.305317375616,264.200445617898,185.952054043995,337.15241091887,282.982065277351,18.433081663643,-228.879833630742,2024-10-14 22:00:00
260.061830945591,412.788716053209,395.951806445553,-168.240519463531,123.016438042006,-170.964249182006,157.906900811875,241.88427468294,330.736562737115,201.542763968562,395.967193073465,-124.907647644561,224.833726403305,181.656540146227,320.072418114496,231.752505029388,-5.48809883739963,-387.45610986967,303.276017753545,221.057430656182,130.310097338249,407.637532381625,-21.8771855158248,-105.602013262474,45.6085522219204,22.9405856159661,226.026066575908,-107.795177556437,296.415046981523,28.9374089494755,255.597588002174,410.081088626952,271.369524538651,400.138458674187,191.418646425291,-44.7284604717253,-178.143618356734,368.135329157588,161.445997395034,308.33692161304,237.482643003892,445.480264505083,-140.964656922356,148.562022958442,260.830802446015,171.334424028082,329.012864599843,281.399356415435,-12.7094653135825,-239.252973195762,2024-10-14 23:00:00
249.33012217739,406.311414172029,396.649463894915,-161.098995966733,122.405544565057,-161.215253871742,165.616061148914,251.613117336225,319.230753798965,198.226073818769,399.155753149406,-113.78442761481,224.813851115289,170.149120060244,313.655175502886,223.733631349669,-43.0354737407853,-389.715762149237,301.558037966031,211.921521272694,128.062289998061,414.666226169074,-27.468128698743,-92.3002628171266,27.1147798319843,42.4174067720991,235.266985282935,-121.197738490211,295.30633834434,19.4035525513817,254.963481509729,412.209601090401,260.930418311859,393.242062683625,195.52294999856,-57.4363554980406,-180.569917265833,364.053592421463,150.95911063222,301.036354254524,232.638732290637,437.284592765178,-149.273879288286,132.325940812399,259.381408788711,174.13725913317,331.454296165246,281.106965297372,-30.1041693891514,-245.170846337231,2024-10-15 00:00:00
243.836596274368,405.587203212654,396.152572336342,-164.455597885894,122.758715766193,-172.92789014862,170.675751410769,247.888870275881,318.309917667422,197.959316762755,396.080898491358,-103.690459142465,209.481539910545,155.659374519167,308.646473280502,231.233267372945,-51.3563487206368,-390.374991048844,297.151235373621,218.538066346916,122.249323181332,416.799087865964,6.40571283576321,-88.5687667920538,6.90206349417582,42.5433686957039,245.748899472243,-117.973147032162,285.512829915925,18.787040127324,255.374728263605,414.263350661664,270.693603766774,395.19796918453,197.356456224465,-64.1339231052571,-186.423677640496,364.413800928582,160.784214872653,299.553941970176,227.379003070631,437.445416954029,-153.160766379641,129.185044287732,250.943521628073,181.918848409747,331.963087197676,275.270609945649,-30.8323960119998,-248.179471063467,2024-10-15 01:00:00
246.134141634129,408.558611336942,397.03969894609,-159.341820929108,126.850315046684,-184.370720486985,161.987997804633,240.615264677733,315.071219879862,200.72865989313,399.770785411717,-101.785634635841,209.264898571582,146.700536748357,302.911772532018,224.276822571768,-55.3221779885552,-388.505155781691,292.423367947183,216.915365684984,123.400249656754,414.679006152146,12.1942722232059,-99.3439982628237,7.31872145837092,34.2876700177981,245.514676119549,-131.83095518237,284.373021802507,30.983956774435,259.443161774237,409.807301013489,266.774136905542,396.752178074357,192.744341485074,-69.9081589065321,-190.950524294222,360.571854873291,153.742020427666,295.437268501026,240.494989511623,430.860844211744,-154.433782410487,125.224428882074,247.561733383208,183.607576187487,328.619049559546,272.736827304798,-34.2447758810501,-247.984957856895,2024-10-15 02:00:00
245.233990419228,411.012813728609,396.979404714383,-153.240146344406,134.397212921732,-177.095366884854,159.135779056373,233.588397522512,312.495784379661,195.610047714443,400.058931881249,-100.004845100055,205.275601689676,137.599526127045,304.26041598131,221.376748131002,-59.5519474857914,-392.143071589777,298.638271685929,224.30984777478,124.914962282512,416.435882884195,-22.2245768072809,-110.307310949416,17.1897682758233,-12.0154012914512,238.356966973893,-130.926692527495,280.250724353538,-16.5551055669166,257.601113004705,416.570958267928,258.139042514892,393.628061108763,197.057322763643,-52.8966009718683,-192.970950482173,360.090018400607,157.784504948761,295.25064122172,236.832754184824,432.650189048435,-161.229604114122,107.502030002931,250.713903951035,182.8814485751,328.835268341591,273.188701016064,-36.5488851772356,-252.735538730919,2024-10-15 03:00:00
248.012521414094,416.093058174415,399.764725738202,-160.21010810556,133.942305014305,-180.600405454914,156.054700391723,231.075428845576,311.35352318881,185.515246629797,388.082486148208,-105.402034812584,197.03161948301,141.276388508747,302.123924646486,219.637484354225,-82.5945002816843,-387.465838293914,296.024953970045,226.912044721277,112.176118218533,419.711847872722,4.46797246792124,-104.264519285885,-25.2640174298001,-11.7564389319375,243.616393890858,-129.231856260971,285.870486234762,-36.3412725996632,254.637939343198,417.793153690643,255.509235022744,387.301515737131,195.346249217081,-44.6454357113955,-200.35962077751,364.914538009751,152.324239432076,287.93112306123,241.78161534785,434.758130830487,-148.924399892804,111.159737874925,245.180318569695,182.656599340253,321.970468736995,275.435979933501,20.7227025096861,-258.371224850305,2024-10-15 04:00:00
254.792996712718,416.399461060407,400.682754796826,-158.224497564469,139.992814462518,-175.163664051582,159.765449595181,229.097006042972,313.1406724691,189.582497472921,390.720376886108,-107.056636803207,201.642598537537,132.01499560271,305.614895174129,225.343042370621,-104.629910678336,-388.64063406349,298.183810465745,225.439845150159,108.927698724997,419.759339100323,-14.7846275816813,-111.12045856473,-34.9154734350998,39.3479490266882,250.407876400251,-130.58535965997,288.559688526413,-43.358353175833,256.754166799378,418.167692730851,259.177474009734,387.883130163174,197.240923754071,27.8344210500979,-203.504056028968,366.497026458848,149.268307392636,286.038546528576,249.968276163106,435.671979741571,-141.808715473009,110.661328593802,252.627902518403,182.451937674216,322.759686571998,270.158245105781,52.3476853810399,-257.152973943667,2024-10-15 05:00:00
269.921415586761,422.190760754016,400.268295823614,-161.066446938578,146.04790863804,-165.965409329959,170.669084979324,237.961723150657,309.312993340068,185.440187481815,392.726743618421,-103.814433909524,218.202183064263,141.074555497105,310.317645346731,225.840317895749,-102.356470607439,-385.952868197303,301.241383720704,226.16323177169,122.834671813466,418.797461042405,-14.8252211432791,-106.725370343364,-31.5855386422668,38.8470924050633,247.818458943996,-121.08946005374,291.14107263372,-46.1638030927769,252.284471393552,422.623065116506,257.260226315309,388.384281435121,202.075205918763,56.1848316587203,-195.815303860744,371.598029921514,146.823508585825,296.92238483112,254.128874947598,433.25388815888,-149.177779640014,125.814416409824,257.209772229565,188.810929315384,325.093658950013,268.575402588625,72.2598927646585,-249.917596916022,2024-10-15 06:00:00
278.881020681183,434.685473618581,401.869018212815,-152.348059274553,153.890544465142,-143.320440065557,183.633128062607,245.211283133005,311.793331940955,192.365550573373,394.290127401197,-72.0267239827584,223.230859182453,160.727017622775,324.364510448479,242.76921297985,-108.909253361202,-377.775890537675,303.050155178828,237.817898762481,125.416004420119,420.678739532745,41.947270266102,-108.672304050162,32.3055040649404,37.4237111987626,261.714728788275,-91.7786635454266,295.771103720906,-50.1215171685325,259.264116135744,426.767587588361,266.857408289496,401.368947082083,209.865547449186,80.5371226976731,-184.30897462506,379.393395104592,148.511607265272,304.806128985851,263.957700913025,440.836349420573,-143.751262291757,136.652441580808,272.702934103626,200.872116190949,329.437446788578,271.168863322755,94.984782794359,-235.562294211121,2024-10-15 07:00:00
281.129015347112,435.195376873857,401.830434261513,-140.276755080915,157.870428178294,-138.771436391343,185.354550709214,247.558415354596,308.479640514147,193.822887281062,396.434785710069,-86.515107946467,225.358829324303,160.372341738549,319.90564576586,242.762410631522,-104.244041954851,-371.749551275239,310.919083515068,243.422863893329,132.125694047221,419.464777396036,32.7436324786831,-108.038628566491,22.5234231141829,59.5543374966861,258.936798872527,-86.082897443964,297.579253076615,-51.1980776387692,261.22237992508,423.001110872868,266.461555103988,407.640173395701,207.751710533209,83.4726364480478,-176.107509296403,381.314022664869,147.677140648509,308.92217513403,262.936770805238,439.969779909594,-138.626857017337,141.421302362753,281.250703163413,196.282588865785,334.917947117349,273.692148410287,93.0024869813694,-232.201571120384,2024-10-15 08:00:00
263.293697571734,422.455657595993,395.977194696545,-159.221936814425,138.219157733062,-158.754109170456,169.933618337238,227.227832534099,296.980000697346,167.686411166137,382.4821178212,-107.551178547907,205.096726630348,154.282237379818,307.634970168772,230.120097933841,-128.804057948638,-380.352425150907,308.533684983031,217.091340809861,109.814829051993,414.541484325,-7.1979721931669,-126.259718657433,-37.076296799777,28.7927470667352,233.536266115127,-104.849872088473,290.14299425908,-71.7196480456418,243.797501897085,404.245464767432,252.714948376741,394.542384472869,202.34787150459,31.3122098362519,-187.270004642073,364.398735196543,138.374522504084,297.1544488138,250.440033866515,436.388825849774,-148.954989835727,122.327729168012,265.555153630335,181.865142860268,331.287633456589,261.786594889164,60.476378845925,-243.264965709648,2024-10-15 09:00:00
252.92619762448,412.753768961559,392.768401364956,-173.472679775525,134.298888724129,-161.228260730537,161.28394229925,212.814091691844,277.814772059398,153.374069104356,369.663197826402,-120.881065773465,209.587408355014,149.596881921341,298.635050474849,219.094480697619,-135.528799392165,-395.121819401267,292.025093307399,212.431163712877,98.720361224143,405.888184768394,-9.76163272427065,-134.162178720106,-64.6450873647352,-43.5133855896539,229.909835420875,-126.655429258029,276.617760303642,-101.303359317825,236.903592537976,391.877072850407,243.536557191792,388.234200639945,186.491302098663,4.24924945655814,-200.209441490914,355.905255999363,136.244874303813,290.834360085549,237.036680069888,430.783382714596,-165.671282159418,104.665913953348,251.8178952534,171.202576687629,318.620217206016,246.45934387215,27.7511438125327,-253.915653923615,2024-10-15 10:00:00
246.655704053055,412.110981454637,392.494078327161,-176.598477331182,130.407158270104,-151.863462407569,155.701554049525,207.006010012364,279.000810772455,148.238515368994,373.994256564256,-127.195921920074,203.830475297617,147.734274586613,301.662717187627,206.938018191701,-133.959347229563,-403.004462823925,279.621131700833,205.859949403719,75.5046332382044,406.880842364125,-34.4254364632734,-139.955470692579,-84.6124803189406,-58.7063543142009,220.510862047089,-140.333395028187,281.106266439257,-113.229945224244,220.421107441506,395.431078740684,232.429315630645,383.610091721823,179.655503350832,-42.4055952717901,-223.256971904632,359.790474223019,125.177916273111,293.367965977054,226.893065312985,426.856560520377,-173.177064467202,92.0881784519545,240.081159319485,162.812016248925,321.026465385775,237.617910909902,-6.91854997111677,-259.735493935414,2024-10-15 11:00:00
238.12739978911,410.172067859447,387.502510622117,-189.045898257527,115.829874239825,-154.464008011201,149.362185676422,195.957451755984,273.325103259466,136.395403509058,363.591784796585,-127.610415050805,205.680427276855,137.51615829783,298.801930931886,199.614153688687,-142.292309274907,-406.787494084893,276.927494487073,198.515567853113,71.8157450351799,409.146765322361,-46.9869003547682,-151.776386249214,-95.9371914652211,-94.9804827259224,209.170927929186,-139.093334137122,272.692687990097,-121.743656422758,213.081963325022,386.993073814688,226.891794457178,381.154944846847,176.614976039405,-51.0292891867332,-222.895424640889,364.496214329449,133.833917879694,280.122583190715,219.843474076871,425.405742101264,-178.287018680853,94.9386165306208,234.644719051445,170.690612064266,322.500715076767,235.716697546908,-40.28825085612,-266.334394056856,2024-10-15 12:00:00
236.481469567465,413.967388050317,388.377183377089,-180.840557992295,122.391708137152,-156.162537101996,150.236734399561,191.632680897546,271.499325301916,126.653847022699,365.675832873034,-138.678393862856,206.021684182681,136.623514512946,298.122395454049,201.916759620807,-139.396110338957,-407.095560026034,276.587334667056,196.643608383493,78.8834658767193,408.774623640548,-68.819688756498,-148.628255401023,-102.836299340076,-103.86734209983,200.848698041603,-144.585034474996,273.861919068811,-124.251467578497,210.182067342807,388.032250449065,224.056543742707,377.796406760357,164.763630940247,-52.8197175281628,-210.511622568745,360.305490886686,140.221469769013,283.628428830392,211.267319982602,427.144772085477,-176.637326187943,88.001633257146,231.446972143446,171.434221189846,330.559171590448,238.512912743568,-38.4252758216023,-277.666571169927,2024-10-15 13:00:00
240.030806334,416.126044190284,387.464292292869,-169.736471405129,120.093474096653,-151.007534439753,143.865371461025,184.404598535369,277.328875476846,125.644958670001,365.151171514298,-138.843720571305,194.402270764871,141.368390363439,304.479423237758,200.75513237849,-123.13520546748,-414.776392850032,270.573738280523,200.269396261773,75.5241674797571,411.200831088094,-92.4925437182102,-149.967131047604,-92.4050381943308,-106.100240746779,216.033234798137,-138.918238202295,263.64694966103,-122.192264729211,195.750607518664,386.60550499453,223.235020029035,367.457536108311,152.595435242054,-74.2806266518959,-214.534396729583,362.057763246126,139.062417008119,282.081615671864,205.300292440487,423.099733254547,-184.816293511927,65.683528770968,224.33467074169,166.353548755983,333.098537879324,241.463244844755,-56.869020507355,-270.131244723866,2024-10-15 14:00:00
229.663892016782,413.467213230414,384.89062518638,-172.526269599249,129.148275763626,-155.562379908146,152.620701302489,185.093672045407,280.125884476989,119.879465471641,356.22465520179,-135.96908820885,194.795333373193,123.94759033488,310.487286876637,189.903581706337,-122.883864253574,-413.073825657603,264.917268840926,206.109392227065,63.0012960759105,413.811070285834,-100.801902812305,-155.823852496062,-97.337002856678,-111.176497917154,215.177812646226,-123.733430417625,261.177000966448,-115.933149241286,195.559487335355,388.25770030489,234.07767606198,367.03162922004,141.717776139855,-70.7517512281599,-209.816987462425,361.841698400506,147.654938546078,281.01186527672,207.158073461166,424.942623324269,-188.01236374216,47.6277827169861,229.211383736809,159.90151405443,336.119418160859,238.241686083421,-75.8198404344692,-274.988451000079,2024-10-15 15:00:00
227.60869238349,412.0019009441,393.7615738398,-168.103159952882,128.811814593173,-152.251231171931,158.408315425809,193.989823811412,283.136174231835,117.856355688271,358.689307726818,-137.73740639889,187.753814413868,119.923963357416,313.211549055577,190.865685897609,-114.694475392449,-415.936524198217,265.267171630427,211.40929916334,63.4330410529587,416.982818675206,-112.636928800135,-162.865683830079,-88.626775287314,-101.831465680882,204.282157541122,-120.940533100261,258.443518864707,-122.87574789807,204.407050846108,387.905945759338,235.150412570918,362.258251881107,134.920299834808,-69.7335461453278,-218.529010641298,361.215496569738,148.328110071984,279.537799898258,214.235126533663,427.016402480991,-184.026256191417,51.687867907815,226.215671729297,164.785350665717,333.618114152539,243.637557950603,-83.7652930051674,-276.699571015742,2024-10-15 16:00:00
233.025615313337,412.934957272961,395.730890744019,-169.104695043669,133.670317772389,-150.52378135746,170.159696494491,204.26079038849,284.538740331205,119.892420500497,360.245332862605,-136.302377625318,192.866784582239,129.065695126207,318.876700463037,187.673452026801,-114.726807287423,-420.226658843086,270.768665618133,224.739180604868,91.7031844047927,422.443216478174,-100.466912834081,-165.489042555678,-72.7497365009873,-86.8128558481658,204.426267142001,-110.900116269778,258.673508099995,-122.448176762237,211.522285672486,388.467877693725,251.565747173285,365.970815350297,143.596449047729,-74.9185681685852,-225.994231722858,364.656862578997,152.472721493047,278.043923695455,209.118379794289,429.556171852368,-171.139095827236,51.9571251179607,226.545708989214,172.964363082375,340.105204141098,245.649189446461,-72.7769600488918,-269.154297376998,2024-10-15 17:00:00
239.611563597078,422.016522710969,403.086735699659,-150.931316577465,147.705080943422,-140.590606374729,180.743009423796,219.310139400578,289.796550163954,126.545505879576,366.311341410862,-123.117953404927,203.789350773715,144.239892960024,331.109742171739,190.585039214586,-103.494496692709,-411.525242318312,280.418316364845,237.722243395322,106.497220064081,427.781403033507,-81.1820787194568,-139.132817819118,-66.0371249209682,-51.1860075955434,212.421582103766,-90.2435141537411,265.804221650279,-114.982890967774,225.357708361831,394.637754495006,264.261563206906,385.038807034242,148.854603739038,-55.4563831443845,-219.930377628136,371.668603858067,163.297862303751,287.553661002516,225.401379235132,432.755902593724,-156.26421565056,66.3034759002289,241.493459564454,194.052828758674,339.292844452365,262.015773077144,-64.0630765276345,-260.45579634,2024-10-15 18:00:00
257.924960219893,432.058927817608,416.814424244116,-130.806407642927,163.125862276579,-113.370115324449,199.247499902017,232.089616203281,307.126821130933,156.780766297974,374.602068797193,-98.7470990867547,217.895609362555,168.724454899866,336.468263950484,212.05474930487,-68.1256747412685,-402.762065936114,291.637130754195,257.552068487469,134.20467308125,440.94407687705,-39.248324538263,-104.291179424603,-53.1131635932425,38.8900517988926,233.05166320459,-62.3243792233674,288.104601021401,-81.5749145415432,241.803066279419,409.561077059904,286.555369414884,401.677605579644,170.173155652988,-22.9155533639387,-202.549974245526,388.005586952982,181.069334574293,296.493967009264,237.88832135267,448.687810842211,-132.023517247855,105.245153177138,257.200563185432,219.239386844443,353.924749405593,280.106613717405,-12.3790887426522,-241.81562962984,2024-10-15 19:00:00
275.673602253046,444.601118562092,429.995196813773,-108.118056177175,181.531732650238,-93.983380196153,217.159981108218,251.819136697343,319.215181526454,183.088791971547,391.033556332434,-64.0830686784434,224.591547563835,184.009281129245,343.471769306544,222.073290936313,-27.6534799136646,-387.917367149502,307.553937336451,275.489728331678,149.204662011445,451.226605442722,35.4909908903461,-81.1255446906238,21.3173969559585,70.5376367990102,253.096532145179,-28.5554556539668,303.520478697446,-58.5035064453617,254.588722460394,417.442405281454,297.631631667918,410.978518244229,192.977164084553,42.6037954898468,-186.655394564589,399.058359418525,201.542056304478,322.082806706202,249.114232350308,457.159594221798,-104.143497182394,120.144264375319,271.23197734404,236.045302551523,360.047963216127,294.4768627543,39.5728098023169,-226.668692911051,2024-10-15 20:00:00
280.177063053796,445.915789764938,432.022614269899,-109.126976181195,177.448465091108,-89.6623849086006,213.770060123365,251.385844636408,320.643560914427,188.198730853578,396.630655925764,-61.0522074855948,225.466042737232,183.327624804214,337.272992709707,219.343448298975,-14.497873038768,-382.851049370308,309.277459556469,278.034937630414,157.393451339495,453.623293429057,35.6156444230043,-87.9025127216921,32.2123637184881,78.4052530054182,253.778550406132,-16.0556749471469,309.338540433863,-60.4156199075433,264.813614335353,417.179664304201,292.222993144387,404.43553365629,188.791117640681,42.89523168968,-196.175017194154,398.225443367936,201.513988183165,327.625050266621,251.04862645949,460.693319914447,-92.2869287365431,144.019613315099,270.182430958983,236.876621775592,359.21939461052,301.069295495253,47.8137891676888,-223.342441815736,2024-10-15 21:00:00
254.962856557269,436.289360930309,417.432794737956,-128.654170824369,165.991123986962,-113.763110470633,187.715466577632,245.101227127578,306.829982493719,176.758909939694,380.505585697598,-107.009172796055,211.988669304017,172.648703277741,331.785188191897,211.631955638621,-71.7617669416752,-402.126915506846,299.196007944211,262.319356624675,138.46430476942,445.159059924599,-35.7967062682305,-116.005021018988,19.4964385548924,54.0119078590821,242.291659065485,-71.2172000894479,294.958375777314,-89.7353817230753,242.629650449434,406.111568105962,277.036322053289,393.679774361343,162.373394914709,-31.8324020319058,-221.853812704445,389.523690284456,182.717081619472,315.303682916379,245.991095891512,448.587191839381,-114.662320177839,123.714904577015,255.537622226735,220.018271210117,350.564971330518,288.441564333995,44.4375534278959,-233.956078421998,2024-10-15 22:00:00
258.446920597842,431.683782927921,413.041043606561,-126.677902207416,162.146511426942,-114.073721027401,173.609673054603,233.892995867604,303.301856787353,173.821247160734,378.125765828981,-101.045815942588,207.936832791359,167.263537449292,334.092032597882,212.554914236457,-86.6647483183174,-404.64604560138,299.703259360488,256.042667387149,130.329977803456,444.092204258366,-42.0119694683315,-128.084121089079,-30.7567778554857,47.0022516904468,237.884096351385,-72.1388906539711,284.52293141077,-85.587397984755,236.28006558663,408.198524878305,274.075551542137,389.458896929755,158.741810131278,-37.9924937023752,-223.546976278708,388.401113290837,178.401451579621,307.313786280177,232.00068454308,445.603777298107,-116.544556185997,108.67231117018,255.053067959539,216.233741603327,349.250284206723,288.016894797697,40.629711902539,-238.960641835164,2024-10-15 23:00:00
253.805444241305,434.323774428725,407.011229908307,-118.969960986217,152.222493990897,-93.0223384843535,177.440672067235,231.420391632006,288.262731971381,173.105063663713,379.61210602782,-78.058682914077,214.555112948993,161.77898861654,336.176744278166,208.592239852918,-98.6859677808132,-410.925670059632,298.353994753004,245.794437032109,121.149246219093,443.460071129416,-43.8179345031946,-137.478744785678,-51.1922984116041,35.3087363947126,245.70834103686,-79.8062199509216,274.151645292388,-94.7532927958377,240.415367154125,410.662807232293,266.261383174295,388.671838579611,156.132820381283,-59.6155021183552,-222.739637602069,383.508600074778,183.762265809575,303.808569032722,225.301140600452,443.297967191532,-129.071393127662,108.306345760756,247.686713235709,221.741952837493,350.572116055334,285.623647722689,30.5409382645028,-246.670004630918,2024-10-16 00:00:00
251.626858097872,435.351132529856,404.86662623607,-106.944732191274,144.17412860835,-108.437272479908,174.786782071698,233.664639855411,277.863048393837,163.563834080047,374.947249985506,-68.8503992367276,205.952390698422,147.707359322975,337.961996746284,218.216682595647,-103.202196434297,-413.713058765451,293.660026727993,247.305859830276,104.603311869294,440.49062023981,-44.632029635773,-134.946269137127,-69.6346749099311,40.8639198076474,247.852052229978,-88.1912526710973,266.884044803204,-86.7907061700909,244.062306528735,408.631067311272,264.783377588179,393.66424127324,160.657922609685,-68.6298433222247,-219.973071257332,382.089715914749,193.682778722467,306.639647944498,222.276162349722,444.362362374429,-133.689512118275,104.461733541364,248.587826868536,220.859273912299,348.545540026022,278.593098261159,42.4077941802506,-253.800842894881,2024-10-16 01:00:00
252.908412037195,436.344722545544,405.110595145865,-111.971060635033,145.929642804054,-110.379905321887,169.350773366345,239.358043678848,267.654072653034,161.145188849715,374.965277123286,-76.3329412340471,203.890114274278,132.578939595614,334.640142551906,218.690406005102,-115.664807099527,-414.244394352444,293.732490892472,247.576759061047,104.036973763077,436.211539096949,-30.7517584520212,-139.90239019,-70.6210799978291,13.5653216680849,237.010631508646,-98.0061994664413,265.553711670705,-79.2956976624103,246.907816622544,406.175626118266,263.041790193368,399.801535659074,159.496693008613,-85.6563343349626,-218.426401116041,381.095831831681,184.632915711493,309.833205327769,236.62605076516,441.497391460849,-135.376241551519,92.3673006582844,243.037991974327,218.696205938834,351.115341736765,273.761923987339,52.4530267229447,-263.982245502258,2024-10-16 02:00:00
256.1237267678,431.819228224384,409.62915784712,-102.444167751203,137.081109495688,-99.3120111371773,171.534394002506,238.18867158199,261.854340372712,144.350967547402,377.317354481614,-87.4134113140858,198.404045957977,122.846284471057,335.140948229252,208.56680307296,-126.895332412139,-416.021996111884,293.246868300969,252.813182898177,106.048748385388,433.098451429879,-26.6035742150266,-141.757930882143,-71.0828288087859,-2.9847813450418,242.101042099527,-96.9554539708178,250.917950364051,-90.864347842814,246.184930666654,409.651863912396,255.845086921653,401.241984521892,141.877599125277,-87.3334935338714,-228.190060746211,390.021121931104,190.505814956789,310.914743972082,245.497245244194,439.821510811217,-123.835368996924,81.6275072028476,234.718911768957,211.236281236391,354.984897391671,268.743058763839,60.7521868990371,-271.336802451118,2024-10-16 03:00:00
261.062205409912,434.582153347356,417.232500506331,-116.883545758921,114.015240068938,-99.1132571955711,168.478528820343,234.647044368554,258.903254171119,143.679586557183,379.032574673828,-82.359085954318,208.169495109199,126.267182518381,334.643326000641,207.582919852904,-126.159056237276,-415.028703657143,284.995021015753,254.212938539682,99.0047846971984,438.145943457488,-42.8266009266552,-142.040658847558,-71.8546331272492,-3.75149277436944,240.668351673383,-114.506373662119,244.693249767143,-91.3626716251367,238.63468614299,412.446423275193,252.511693414143,402.444320675621,132.685534871174,-91.8243368800739,-228.972686283187,384.437562325074,194.347242713557,308.773146666695,241.789919060363,437.605823435193,-124.250096636741,80.1334855184327,233.7161485003,208.555603103777,356.710757711235,270.75223249015,70.1234252843636,-273.250751916229,2024-10-16 04:00:00
263.547068591961,433.068582906925,420.666904650053,-121.49946921037,129.122084349421,-101.540975059403,178.382283943938,237.301912402973,263.209641220112,140.805605724114,378.858960633373,-72.4495721666556,206.588144540553,131.583423089561,342.16902983627,219.065857305481,-128.109346768215,-412.001538880062,286.770994343794,256.750113388688,98.8965560660018,439.242665428893,-39.4407715606799,-155.626257858873,-63.7362516836206,23.0831642940392,241.071417666727,-113.879877442217,238.397142537244,-89.8080355091649,241.922528170139,418.534636510461,257.715749630888,402.394022218261,135.036766173923,-71.8813617347999,-221.649950698453,387.059963729598,195.970628534158,307.906446863477,250.702457577503,435.860204622531,-133.223252131342,72.6014018018836,229.810415816158,214.066911366418,360.77055789531,260.81550098557,70.4724260267942,-267.813129511383,2024-10-16 05:00:00
273.64221821674,432.399529700186,421.139087546006,-114.172655120706,142.842575917402,-101.385566884805,182.76287467862,242.350360863831,264.264656817278,141.191023762236,383.446870110988,-49.4841633609025,220.22990037462,139.620356736897,341.322720858908,221.136607328456,-123.668686047575,-415.143660145837,293.797743923979,253.74976040163,121.328544184215,447.904702241916,-56.0892776620646,-149.760968141217,-54.4655372201116,16.9672948146889,255.662636854753,-114.417538401823,239.621565335972,-99.6911978050591,243.502366512683,420.677364543431,255.122346122388,404.613560983351,144.7914959118,-73.5550780377914,-219.589865879468,387.110091540967,191.277163271566,308.75033864216,259.425044182429,433.304451487971,-131.194886479881,85.4635493507302,233.998309759404,215.377560028088,374.929375551401,265.692277171961,95.6153655873621,-270.237319686998,2024-10-16 06:00:00
277.47210342644,444.42203062001,424.186856979898,-106.675526445714,154.054631905378,-69.7223752268891,189.491343311234,249.438495881186,270.318871045062,155.313676030492,388.090955411872,-12.6920742347041,221.651810345378,158.393276080322,352.44746355772,246.494310514955,-131.6008362995,-409.006644437617,299.92672230665,263.084983533966,138.219654351635,458.599299847404,-42.2608274879729,-143.127753659167,-5.56074587611042,40.5956308757144,267.986970312941,-97.096902114271,238.523027612114,-89.0701163191286,250.633320352265,422.410236442098,268.97135387813,408.564331555319,162.775959138929,-62.7766006944614,-206.046054076655,392.397286077162,200.931411473924,318.030667869862,265.3083487577,445.279774583639,-119.031397973597,96.8267130061773,252.18953461794,225.369531299726,383.634980069358,263.926037051291,99.9599571274591,-273.80556081609,2024-10-16 07:00:00
283.418818580895,444.209535595978,424.167189237396,-95.2829449610352,144.938447559478,-30.5871576464464,185.883702333742,253.720710038582,265.575143905986,148.111799235719,388.503231096632,15.3682723914771,229.798651262983,162.091077446471,347.619789574569,249.217465310507,-146.140667396949,-405.25116732473,304.476850582493,267.805798990535,138.224800337857,455.24738381436,-55.3982912507744,-147.580258917063,-9.37409296053067,61.2307176906992,269.61703341173,-107.183698042879,239.92667958619,-79.3424643328431,254.027233791987,419.769751703066,275.977899154351,412.84817191102,159.464448443163,-61.7822676999741,-198.917498016131,401.249196325789,203.901316769393,325.417056475907,259.541060696785,444.662952314902,-111.884259383249,99.8343425614077,257.898983503748,229.159805325667,384.872694974559,273.150652408137,84.2637644769206,-271.781660013556,2024-10-16 08:00:00
269.437704667292,427.918240347665,411.0486618135,-121.361169536515,130.982808632051,-73.2167326056193,169.971795456796,244.672053448552,249.010952799778,135.114139626976,377.885438003272,-10.9535440631895,219.418321657397,153.405873411058,329.067286166958,235.196003752299,-157.310416696999,-413.344498129931,296.713262983309,250.360053013553,116.353436643303,446.893876286176,-70.0458964721876,-172.117215509514,-39.3211198804193,36.4177272754633,256.028028483409,-136.395264655253,235.359603150117,-91.3502870979649,241.073205533581,407.46853538592,257.940351839006,405.531210812369,144.250659382685,-103.67209751921,-215.034104578933,385.391434850776,200.406908028046,312.618418597268,243.423485271788,440.707023947699,-129.455847182031,80.7205109559641,245.962113046864,214.550140068037,381.164335225356,266.22147225789,56.179113349565,-281.257266252432,2024-10-16 09:00:00
270.400997197371,427.297859560387,407.185206952396,-140.270476818851,121.450772874442,-89.6327405736181,150.669765021518,226.799631237698,241.98201673855,128.346834661195,368.311575505252,-41.019673615972,207.956627650664,134.890716702391,314.371569599805,227.793558529169,-162.746895050867,-418.891147088143,289.195595156505,245.912143138545,83.3133871867216,440.11753891886,-72.3895596758982,-183.891253656179,-70.1536895182648,-22.9645492212707,252.53549971528,-162.647549643669,221.159112152441,-123.207572870454,227.92233107314,401.214244854006,245.931307071976,401.458095486503,130.506735437239,-117.231501398192,-224.961152785332,372.534757125127,188.940529694843,304.185324190556,225.109251981422,442.158017822047,-134.985719974658,52.0933953449472,238.635328428497,202.205408765632,374.390312281504,259.052486763529,35.3644704132642,-290.450039574678,2024-10-16 10:00:00
259.079230381484,417.716415830743,402.39922688079,-147.89372266783,117.388442837373,-102.591150456407,142.040528072291,219.994423955312,240.962157733051,120.674041193466,369.333529789498,-51.8948726265382,203.079662006189,129.487100952916,304.614256412654,225.135053425165,-163.221859677393,-425.113528578184,289.60211616103,242.80899218712,63.1979374127761,444.02437742688,-79.7474728835916,-201.267017345629,-73.3245854289778,-34.5294309544776,248.735962562841,-168.15665185593,221.925697070243,-137.538385193711,221.407485510675,403.564508441784,236.827937426801,397.533548924649,120.180937462357,-121.547877473737,-237.990709401475,368.061465510816,179.205186839658,297.922092020971,223.109815215267,440.140343152641,-139.927154134076,43.3188069055821,234.579166078646,191.822600964434,379.727379216765,251.278749236824,-6.98517210290207,-291.011110983043,2024-10-16 11:00:00
251.639186533342,416.898402090534,400.444173897602,-159.49161304265,112.740114719151,-108.853967308405,147.326109046578,218.615234259133,235.973075354761,102.512049822196,365.334609096329,-61.6646964536134,207.633245191886,125.085363991413,298.675856457192,218.697166226009,-163.835675772703,-425.193595359426,288.084355181337,230.787478705856,67.2710878215955,437.364212070767,-91.8165144363929,-212.51840077422,-86.0746709301948,-62.0833176381217,243.725867475559,-158.755719143609,217.420558534288,-149.806608131913,211.07249274296,394.352912563416,242.350756843883,387.274967526382,123.778324864935,-136.698284078723,-241.458836891475,367.274630367846,168.440092521558,300.479667057934,221.980771179592,440.886965910472,-148.5929648775,37.1799715148544,236.493265726476,195.163056736765,382.13027719518,246.199879474753,-35.1774548953343,-300.50071827187,2024-10-16 12:00:00
254.875763129552,420.573741172776,400.866719345864,-170.170281956012,119.580333715982,-114.224785073383,148.826511450603,207.474989631411,222.678991129723,86.3246499187158,366.851615245755,-79.4635176803986,210.062475233529,124.526603484226,291.728142712491,223.744608969592,-159.629127014518,-430.946853690509,285.1027201992,228.097689426175,66.90457897222,440.3411808962,-95.3136994430208,-211.013453102037,-99.7156454255786,-80.3548428050452,247.396521168122,-153.723703992304,217.713122073241,-149.734784785848,197.632772750895,393.233853497784,247.697880206718,384.679705091476,117.7427874996,-130.223559481988,-243.135530105192,375.442250642066,174.462992633143,305.388490220312,211.80112461605,447.374859449044,-154.150098016215,28.0500793981246,227.350835423409,196.615673854375,384.72150681649,248.073757063701,-36.8244212356472,-309.445529837486,2024-10-16 13:00:00
256.891901180422,418.834648931003,395.379317611386,-168.55805018821,116.821258470736,-113.997163945108,158.413615382743,211.284169652206,222.102438124202,73.2689419808858,367.903058602252,-94.9688668379481,206.025329401377,124.283938995882,301.649834333067,230.816909762381,-154.17790927859,-434.669256606001,286.571237902608,231.974821450715,75.3731529023439,441.073896802876,-107.036312575079,-216.838659577473,-94.6928340414413,-89.4377570045212,254.115996595989,-159.448609110002,206.584360323703,-157.448762345165,195.368145370078,388.653407978042,245.791202791699,381.576139350499,106.164228840478,-121.640493111,-236.871507030864,377.226409835928,165.996363394707,306.423508067959,201.335664039172,443.285893903562,-149.065679246543,28.0052531949707,224.040870092201,203.566538179949,385.482074034684,242.173409979435,-52.2526668068137,-304.927714771941,2024-10-16 14:00:00
251.205557777357,419.155423747086,394.727575853716,-170.729181966115,131.599874482057,-93.9465838197324,151.036131335035,206.35181205097,209.228792966916,66.2180197037213,363.682130428684,-99.307731178909,203.754486887546,125.352025829516,306.543362399332,233.794636933069,-167.551676894406,-435.498751745831,282.89209622202,238.759837519836,82.7629363728417,440.021324855635,-122.458686252668,-222.475387227152,-92.5238214286176,-100.69424838298,250.296988084243,-160.607692402399,209.959446915866,-158.471035495481,195.642382890627,385.33971525107,245.725582524773,376.892390321177,98.765284623263,-125.2017770337,-229.540319251504,368.608274261849,157.399343552819,313.127982751649,206.201421565077,442.208911569075,-152.542937845585,14.7753655512025,223.37714962243,207.945838012954,384.929177202567,234.870369349255,-38.1597140649802,-315.672908942778,2024-10-16 15:00:00
245.701532519107,421.452593011987,397.446514328341,-167.319863795716,141.298109728289,-102.78920085393,149.379156980556,205.437359133117,218.338507238512,60.838924180872,360.226307476245,-96.6346512797391,193.101919291802,121.20094386188,304.966807777191,237.604299602007,-164.437670539209,-442.194035154486,282.50583290565,238.118314288065,94.2212631069799,444.677687857985,-115.823791182391,-220.075325140833,-80.0386750800335,-107.210765953574,249.802712838474,-150.535621077263,221.995945598022,-157.667805607274,200.480177152856,386.597202978505,243.23417955181,373.43849346827,88.1598618908299,-129.784291073083,-233.446057654246,362.812744384532,158.013307893386,314.243357954331,208.106620123524,444.101504252001,-152.766698518725,5.56454241111076,224.950365028357,210.784956877025,383.84305348886,238.079171804961,-46.1469207002577,-309.786316990939,2024-10-16 16:00:00
250.811853455497,427.778906951741,405.882235768678,-167.992872670863,153.468070530662,-92.0085748505944,160.555048725825,214.497375102351,223.99921877856,70.885632941325,361.868125923488,-89.291706667633,192.799290429935,124.696544379698,309.329185232083,225.789370832845,-152.273363011811,-435.779913086604,282.756736257535,245.534918650114,122.531604102197,455.492058581117,-99.3946484890606,-219.36694791408,-64.8188998458476,-100.248658888885,251.602635588622,-156.318856098837,230.242093883172,-144.692959533502,209.619376648761,386.222624876557,251.303355191414,380.235382468492,72.3672416197649,-124.707326090831,-223.220105659372,369.218655533866,165.758044149187,316.538966585355,208.510268078797,449.01883677297,-142.662149852072,23.1392601066597,225.157328699131,219.553735325966,386.249232713459,247.141881884983,-57.5779492675162,-307.139238247246,2024-10-16 17:00:00
260.117911315155,437.373438438216,414.367620881805,-147.992700121865,165.936089158118,-57.7837355229635,173.562391900503,235.001133223372,240.359095733609,91.7112894015109,375.975427850379,-63.3730649975893,196.539846635666,129.874533222857,325.934625356393,232.572914272219,-141.904938504077,-430.44731484882,288.986098505132,250.801853379406,143.212993079673,463.366897639824,-81.2793332819422,-203.109785859012,-27.0606772626232,-79.1984616302594,258.774603777022,-146.522562898108,241.235171112115,-125.31451499295,222.60829893146,387.75165513114,268.536226902865,400.106843503998,85.7832052247901,-115.937811196952,-203.436172698332,373.847945287725,184.264686068101,324.897316854825,225.126994383903,454.890701838034,-128.476716340229,57.1085612864942,232.26916612525,228.281356406978,394.660239697934,258.143106732614,-66.6424498777672,-302.524726047993,2024-10-16 18:00:00
269.063094418912,447.528515894535,428.6274194774,-117.452640517987,183.691222896689,-23.4319521602186,195.312068275401,246.035584869302,257.363821222445,120.444554945709,386.314427813799,-26.7103210365905,217.527592566755,151.612676451956,339.228341187018,253.938706432115,-121.649748550556,-419.165821688186,298.556537678875,269.693008244574,162.815425727494,472.500188289277,-18.4262177930159,-192.176375714123,42.1070496544709,-55.757018772012,284.265661728399,-126.179858719969,263.43385587317,-102.158630998044,240.073432299344,398.791568488294,286.580726876809,415.718525331357,112.888187316535,-82.8692209240028,-189.486417449744,384.847994696117,202.110201456352,331.145705407897,241.366175055243,475.708858823623,-112.642715338368,101.40622315425,245.102552635553,251.135446825414,407.598993903199,268.366773324928,14.6589833594469,-282.599966991546,2024-10-16 19:00:00
284.996612353602,461.463776264868,436.6810223663,-112.09025354102,197.306231276019,30.8729475308435,219.247202261293,253.710635527667,279.566848706426,152.986211158995,398.469585355737,44.5583953819009,228.715012208582,173.381025009257,347.568878543879,268.691717409744,-114.502935401239,-402.97251791662,314.54584456625,287.514899224732,178.402235467886,480.767899084683,65.2001839370618,-170.57381884085,86.1122739240057,20.8784536513845,302.929957344809,-118.576778031366,273.500292490787,-83.3386652555987,252.59279626981,412.533273636891,298.490873975557,428.1971031757,129.422722281293,-59.7892649438158,-164.164784315318,390.420039158418,217.252305491559,347.920284973131,250.124097244842,482.249711961128,-83.4540821633883,134.854561055659,253.146225158658,261.011143557357,415.012637457237,284.405959210921,68.1832905831706,-268.444034263359,2024-10-16 20:00:00
289.860041204268,466.588917477106,443.661469952838,-102.941606077709,196.839033851981,29.8218748440431,228.701210638843,253.310577970977,278.288013507644,151.780998003418,405.038865391028,45.5883655056996,232.661829979849,162.472779234465,345.811692146778,271.325040444467,-103.744517945361,-393.23333429506,320.811160908652,289.717483959804,191.951519212514,485.293521677552,81.2414255652634,-166.096307612211,79.9119709050679,-24.1155492677007,305.938963059475,-102.167437245982,279.191195550809,-77.2503170381274,253.775974654389,409.28702220346,307.037156255165,425.726707817016,130.412445711414,-51.6993669292958,-159.944193478302,388.790783111203,225.372602226708,349.920387281709,244.047247050543,482.657383773373,-62.2773823738577,148.664842709219,250.170040325237,265.613728451133,411.466677938499,284.420952494053,79.5949394808349,-269.117698593045,2024-10-16 21:00:00
274.006494464333,454.173774838778,430.066716750511,-136.713505998066,183.948942152099,-23.0275549994765,201.934575298692,248.336333917338,268.272400596634,122.145005735389,388.154660696762,-32.6558522773622,223.451755533699,140.456671499242,337.317168945733,266.286065865213,-125.377766695914,-405.046823240723,306.026155380657,272.56287517445,173.629412119634,477.845846419529,64.5635566143556,-186.026874606402,57.6728514023649,-73.3965666495785,296.996007076422,-124.673014340654,263.738645370126,-105.979810158162,239.81339606363,401.41816103466,291.977284145324,419.265626376941,97.0425662124943,-82.1088037672502,-183.244672814831,379.928226002347,200.278086018631,342.947959789077,231.804173130696,479.193958381456,-84.5768679336168,126.410498722267,226.634551210024,241.484852350862,394.713720297609,270.711688224588,64.6629821219452,-281.946299595393,2024-10-16 22:00:00
265.27829126974,446.309835999248,424.51594016735,-142.656672848101,181.49978729195,-43.2481907830969,188.923544988461,240.535091330367,267.372889288388,125.85739086887,381.358489187212,-31.3444145654947,223.378890304707,133.61092709146,336.675018002004,270.148107151605,-128.620009900746,-410.891680890516,302.199818155765,264.567405033436,171.003372738442,476.119464358444,69.837562305705,-194.856423267088,42.0699463703609,-71.8165239990821,288.9620853417,-123.751618678979,250.592253514811,-93.4747769518471,228.740828740353,393.082952990227,276.714431956603,412.595464278638,91.105035845871,-74.5528210666689,-188.432018952694,379.820552262953,181.686809518149,338.99433497824,223.810973123989,478.911229904938,-91.3825299831029,125.055261000609,222.283728474999,228.935146992068,392.150197417915,271.646532678844,61.3639951899513,-284.564389740512,2024-10-16 23:00:00
263.133613960295,444.81890655114,423.286375571903,-148.666379732272,168.12260077819,-45.5950788261528,183.328277213326,242.317417317859,262.860917317275,124.376736642478,384.640449412641,29.323068834371,231.251845311127,116.3490647326,344.759679452508,265.583026912782,-129.233968424829,-424.965431038447,301.452316888493,260.95202955619,164.957627661264,475.114306666415,61.8277238808246,-196.343262593414,17.8825178466279,-65.5956255245565,287.455941898261,-134.087233735104,243.463297585236,-103.355947440202,224.534426548845,393.677081714255,271.212730257252,404.392690589885,87.6220104441277,-77.3799157934867,-192.988622292088,377.37411760442,181.575552622969,335.837640294489,214.617068798223,476.266314722634,-108.363704856185,117.963631491459,216.034099142459,239.934780597104,389.003381303967,273.941182826526,33.8306130028599,-291.272510199196,2024-10-17 00:00:00
266.114434059613,443.771940503356,426.061723164206,-152.931449621772,161.924260381834,-61.5977079920552,175.334575293754,246.900248793023,252.600036467848,120.036377827969,384.203702118053,51.5850922434871,224.501139486207,104.912584944099,348.723086355722,265.071285756086,-125.536533697845,-426.704089347856,297.282963161972,248.45504812725,153.126516559297,473.792413008361,75.1388643593793,-206.067841211418,-20.4941119681322,-65.3437444797702,293.966353113299,-137.567378274758,243.085634214508,-93.4548847877158,215.964131199226,390.361440638871,282.778094120828,406.713385162982,84.7735332732465,-89.4704095556785,-186.205525274175,372.986945563775,174.346053713404,333.971443185934,203.198202237142,475.937816826018,-111.231034162492,111.494024235872,221.044250463455,239.043707731744,384.105858462439,270.02921171123,45.8847653518792,-292.344005640704,2024-10-17 01:00:00
267.58249263513,440.58383412915,421.855895397842,-146.424159174986,174.286021465312,-83.1221457324199,174.434956400464,239.027860891556,257.119254023063,119.703434908275,379.600102202571,64.6027623911401,223.35350394089,95.8738378047057,348.639116621242,261.068452776141,-121.637835718549,-428.611661202859,297.089065877928,250.156943602012,156.100460860954,475.917987554147,68.9244900828311,-220.778276682512,-44.8133748736047,-76.8381579037307,295.148387244902,-142.916598855456,249.004046020171,-86.8194102277148,215.979413961596,388.618230238426,284.370897982349,412.813221358425,78.4825742632126,-99.8602754735914,-195.556566515015,370.703563970797,168.646537039903,338.823191748653,195.477719564193,472.580512945145,-120.126372284943,113.664003524407,221.472455045888,235.889027618339,378.259319987549,262.561274309559,72.5234239545257,-292.910823770677,2024-10-17 02:00:00
262.435563501654,440.388828171985,428.339985375333,-139.700117977243,167.582528939305,-95.8935337542213,174.486000891583,240.765948970565,254.479071076008,120.839245734989,386.957673691952,62.6835219391282,218.932314393835,88.9597687772407,345.462504512939,263.7512183758,-127.11153002947,-428.159767074109,300.727668475365,256.226720601038,142.972169798708,477.001726914001,79.9533808725134,-231.976995433104,-38.4572350375379,-68.5992166943924,297.401979477049,-135.959768355483,242.647736137726,-106.133389202112,217.460779906966,393.120726870462,282.124170422327,414.428311626862,70.0491581827819,-117.267389870346,-201.838414442738,378.650345676343,167.065070494009,332.743573976733,199.674185919696,470.62103828336,-107.652353427741,112.672722208321,219.20941167186,230.468710862403,383.102127920609,257.544916449156,68.0477892483086,-295.815204458789,2024-10-17 03:00:00
261.44509819597,436.827745184069,431.334917383169,-142.069439798849,158.392573668114,-87.9118486086694,169.419406262282,236.846713509547,252.421758217815,118.416050456774,389.211152052103,77.2758533125703,224.866291472192,86.6550421125155,348.576139977226,263.11003549769,-138.162769848589,-421.698411576878,297.88920664475,253.584190315109,132.514412147533,479.438577762724,74.2940413456737,-227.39713832598,-39.7770713746138,-78.6268846812708,301.433233593623,-132.318577597097,246.26980445547,-114.748620549297,216.324967238021,392.215412304364,286.596589718325,417.208786248774,73.9926592422445,-112.717944255147,-196.482242769334,376.752002435014,165.538524755656,327.714446448572,199.39044004709,466.429533541357,-101.209010121107,108.308546123787,219.081386958928,225.954400785265,380.379377778588,249.303472105638,82.2644750765692,-300.985496773127,2024-10-17 04:00:00
266.143471880915,438.064905224399,437.289050317506,-156.33338938194,154.551019752362,-82.5598702207549,176.864055358405,236.469334937573,250.801679803901,126.464796127141,397.182996728339,71.9094869404364,223.355719055899,106.52207827703,355.719751120387,273.342329369268,-137.02266919727,-426.075342031031,304.445353764864,254.757969409599,114.979190962442,476.454012450681,59.0175357001979,-229.749173542501,-36.6649977970927,-77.7426622378003,309.353404331688,-135.522602703656,250.927346008642,-116.093350125053,214.109772536465,401.609373537299,287.820570851634,419.852843785888,82.8159651282473,-101.063579229164,-192.670519880031,376.659323748086,165.557052035298,321.578098481898,206.276527131874,468.160965659366,-101.562747814908,117.857351448189,217.795716784603,221.906132260895,379.273599394792,238.537593664707,100.225656538503,-305.253239386909,2024-10-17 05:00:00
271.098176394453,437.926777621321,437.520440902153,-154.011194353958,155.051066939501,-94.5206556687527,180.145922991647,252.396031247254,244.297833835695,126.005266280863,395.90730214093,85.1935221419198,230.357200517241,113.971070300688,350.059512409628,269.134809995565,-121.749736799485,-425.598780978964,302.485870629538,267.598786041213,133.962358662673,484.779706996713,57.1504322902024,-221.577730511787,1.74021830967791,-89.2629513216025,312.839557361934,-123.251848881191,252.097227669343,-104.460724735483,216.670880291151,404.092255126848,290.33348438114,422.313661329393,96.3241360456712,-100.293384009549,-176.822033768935,375.537166721445,165.431613624173,323.30046141735,202.263209740987,469.943568607887,-100.05401644432,111.328352171037,225.573671861517,228.900963372617,376.317297899225,241.120821790454,108.309529448505,-296.658771294,2024-10-17 06:00:00
268.291887262766,449.794287367595,439.831358617584,-139.190580325382,161.59887986945,-68.1068467837641,188.90511305088,260.804785562393,244.95228761883,147.637194950712,405.569874516116,116.386569606122,233.1194761271,120.082240699419,357.013860057003,279.642729680085,-119.302766017464,-420.831697450332,308.724379736616,275.295741352463,143.798998655688,490.442274143954,74.8857665151644,-212.022850232067,72.3081196629483,-75.9949369941255,325.199528523588,-100.025720183695,251.250473956765,-96.3150324887982,229.93295526466,403.654928272066,297.072845270618,429.873650817082,113.983831627187,-85.6062429152652,-167.489711729691,377.45364948544,178.836446948629,337.135148896755,207.435624151806,471.816195575515,-85.6927217234028,124.275627125234,239.33088502978,237.460162751795,380.396181385708,252.034562882291,119.479095761274,-291.731240235696,2024-10-17 07:00:00
275.136402933195,459.377805936949,433.679913284732,-126.156840200521,160.236736268183,-75.6306449800705,189.351912385315,267.642818316006,237.881546467898,147.846322017789,407.96446673851,115.21086980037,235.056692063921,121.629917497386,362.593447281333,272.184986574231,-113.247339841471,-414.879337955676,315.74771477738,267.884126283747,141.519689984969,489.524280800879,54.5283606227699,-199.722642788023,96.0206773542739,-65.8419943823504,328.665748840213,-95.3328120332608,248.26736344188,-91.1709199396792,233.904358936578,404.541775741836,301.6286220403,429.239126996749,106.915923150838,-68.3694604128324,-159.307065657947,382.538052295902,174.251437429218,341.688278857848,203.797862687794,475.141456394486,-56.2255890716782,124.084635311822,242.352707407244,234.149656359616,385.772924378389,257.305141368736,107.770374395682,-289.027981644477,2024-10-17 08:00:00
259.680554079432,445.410538445648,419.757948495786,-150.198892366431,141.166794067159,-105.626527822785,174.323163593169,251.440020273513,223.235511438018,129.616811756104,390.635477067826,102.584552185228,225.226408179533,115.598635635268,343.578855818467,259.864822905182,-122.703037059324,-422.441262438878,310.187272220207,246.32945482017,129.085102740565,482.958420424951,35.8487500168733,-213.270211993291,77.9952860012678,-80.4297610241635,305.124530308332,-126.010103904134,242.171242654312,-123.787158360802,221.608147362199,389.738258397818,293.620232446559,422.099351796012,96.4307307596145,-97.670799772914,-170.868247818793,365.527320626797,157.71828183178,327.727890067332,190.912603479682,477.548208663366,-81.4316348728711,108.661763906321,230.210867316994,214.140056486653,376.220856951931,255.407561779166,93.3881848420314,-298.298980852503,2024-10-17 09:00:00
249.227770785663,444.047812332645,415.241073171729,-160.230036436748,121.7319246294,-117.768759402752,154.321983384545,239.266504908456,219.171094472799,121.429547922028,377.569269327059,93.1667625903721,211.459294440275,95.9418916648852,331.55076333285,255.561505928039,-136.528322719301,-430.033851013609,298.182212717352,238.567633558754,98.1195792869907,476.05896565031,35.2078185207831,-224.948582745318,49.5654765297894,-88.5713873115263,302.336077294658,-144.71295097705,233.103021824101,-144.778262805599,209.346907181877,381.241705732253,290.410690793909,413.826270844803,90.1644984211634,-113.956158990025,-186.391354261186,355.015700218797,145.167724423683,310.121183033934,176.585526269899,476.164571016081,-88.2103310582011,85.472747514616,212.767063999644,206.647123873889,369.44344023918,250.522511109859,77.5744273967666,-313.951507628165,2024-10-17 10:00:00
250.257173657749,443.639434568618,414.190513640251,-175.079956066718,117.228270165769,-132.871271860256,140.086717376291,234.734879438054,217.560723767121,115.636803939098,380.251968597402,82.5649588726353,209.694429229256,87.8595959175225,328.677954148787,245.689792580281,-139.535643330686,-437.107321995161,301.452001106165,234.608217578884,72.7202759891618,477.006970166211,-19.9138065468408,-232.677350563904,36.8323607122291,-85.3283674950346,300.70673527957,-143.597144370522,227.746373918491,-155.361659192491,198.670434314659,372.686438335303,284.058852076815,413.710362121524,77.8210939895812,-129.986358796954,-201.400177243548,357.116184595947,130.928187345783,304.884998450283,179.851956398713,476.426464121622,-100.44170318176,73.0268038246827,205.510641051477,207.99617769467,374.112681528598,235.571372368978,55.019049264153,-318.557470207673,2024-10-17 11:00:00
242.240995640462,441.576913584751,405.398028022029,-173.447815645334,116.356259239944,-130.099510769236,142.930954002715,230.209423758917,203.785033312367,115.663507683505,381.91321301476,83.7832895664802,203.774194934797,81.5390246721816,321.136173665932,248.118011483274,-140.750859551244,-435.608456481265,306.176092302107,223.842032788735,71.5877980494416,479.810161803989,12.3920170485556,-236.696654291108,-9.28216024301233,-98.4638253865833,283.426044128866,-142.985534270825,214.923100977181,-166.555244343464,194.930355750234,366.210998795708,280.449387608835,415.645578371932,82.8023502856656,-133.376722270674,-211.420245597751,359.622517645348,129.508219262403,298.950891541664,176.349882614163,479.549876022328,-109.355528186385,60.3484162496752,202.671538059568,213.669229375096,370.453918367878,228.394809990178,55.90093592377,-326.404305577367,2024-10-17 12:00:00
245.747620487376,439.936681889718,410.967279549485,-179.487366368423,113.942187623257,-125.493201303185,139.86301652303,231.000964239785,198.621629303147,114.295788803196,377.901190624201,81.7307343221504,205.568790932055,76.2520802036721,323.456496892192,253.441486093732,-136.574904248392,-441.411964065583,302.42339254102,222.462468946937,67.2081435006086,472.339779936887,27.1015860273361,-228.193988981983,-17.635671086083,-106.29153756712,278.153227151215,-142.545140498153,211.416299029719,-175.217526829608,184.58886693287,359.909260457104,290.038995424379,416.412530955237,93.195334521446,-129.814399679737,-217.918998832776,362.249091490271,141.120385918519,300.058041577493,161.253415404016,484.955506965694,-105.630521570564,65.4115766168506,198.600593999139,216.485179664088,367.93107229688,240.574213076823,54.9057260893789,-335.831961979378,2024-10-17 13:00:00
240.183415191077,445.199310082685,412.979134437968,-176.665255981021,101.43560629946,-129.866846046722,139.804855090583,223.333552292275,208.046470144241,119.301816990324,378.041624362918,65.0134971547592,198.511007849867,90.8871464356428,325.068978372319,259.659311094471,-135.143624682459,-440.77970499211,296.51524476206,220.366114471992,76.8526718764976,472.320682292356,-19.862042920159,-222.828968278048,10.1406821821456,-105.17937824005,276.067128154755,-148.838469344221,210.236288192253,-178.817825697036,177.93582755868,351.882188834986,291.128269258976,415.300085861562,97.7487608910586,-131.906382250096,-205.720588466374,362.611039362454,132.604807816782,303.984625486481,159.921738906455,487.904377529467,-114.086997638971,66.8893343483027,201.716704182243,204.396905904292,369.775818164674,235.578166118646,59.1536676384265,-335.761035560718,2024-10-17 14:00:00
234.733017294732,437.973159056011,408.952035350574,-178.702228337691,97.3313251888537,-119.533708218704,131.906003233293,226.583429038405,211.521284210739,122.499476248418,366.213721053562,74.5992834647193,192.187627431345,66.4774768824312,324.359488030656,254.621354468768,-150.095171645284,-434.675686939869,299.360022765354,221.248152878762,82.0522414981509,471.670910348914,-27.4198213834538,-217.479358550471,-19.5604863476518,-101.52341889593,270.890626718729,-141.043797250509,209.834562457523,-182.899003096033,167.884122788955,346.027203388044,289.061303304495,415.120021674037,85.105966891231,-148.293624584206,-195.538363346296,356.069719105159,125.031849402694,311.212796542889,151.432268793525,491.614091880935,-121.020490046449,55.5874387691064,206.350924335247,204.786661034054,369.687827127285,234.310864614598,86.4081057459248,-337.558605501125,2024-10-17 15:00:00
233.283426427013,436.455567739742,413.711218758902,-182.620739711145,86.2584148649327,-118.890246678859,131.142162175247,241.469304295633,223.561163849445,115.600471046192,369.351384098123,63.9055927548671,195.468023738554,65.0823846089261,317.057248809828,255.007328798748,-142.062893060065,-435.822391262701,297.211853739036,226.376912174536,91.6184867067994,476.955712579142,-34.185122683999,-217.943332195028,4.41945522902811,-94.5920474155303,267.330505046897,-135.607320002056,209.96803894328,-187.270626646781,153.506031635039,350.133516585807,291.445872173168,410.082367919603,68.1706885143041,-140.58219625506,-210.075534195591,357.270420786915,112.9075034083,306.237505577681,153.109760571688,498.547668090023,-118.55294451976,40.7444651307093,203.606187203281,207.718396953582,369.339019916069,237.333529813262,94.3465958713503,-336.086045158029,2024-10-17 16:00:00
231.957967147532,435.502045811477,415.833938328647,-174.373141504101,79.9564486960324,-105.381662085181,139.573206205707,246.837058046201,230.895119310361,129.91620122877,374.410264891367,78.3478281039451,199.559751136964,71.8829907387013,322.104988891113,259.283333514405,-145.99535451825,-433.320564503191,300.003285074657,235.078059006647,96.6446517909576,482.845505482891,-21.5052049117405,-226.059064809248,35.5767619471231,-87.9473813507423,270.846977434229,-131.547093115614,217.224455873057,-183.482369771363,160.293367220701,352.488879410446,293.474268392752,411.264979847311,71.6080280901531,-143.146511143522,-213.426412717161,357.103758950433,111.92375433076,310.117961282786,149.273864337158,496.784856533625,-115.54792614051,57.6651879532521,211.721713123962,206.164603985916,370.373811640259,242.499954979516,94.7567691983439,-332.895126894727,2024-10-17 17:00:00
238.970356151511,447.711058331493,422.780364057704,-158.730537766268,92.3934403643648,-81.0145746888557,145.812640456051,259.761943027818,227.657960057196,136.279961596213,389.287240968604,89.128862118762,208.522124913871,94.0089409040514,331.793848854712,266.835533873979,-136.088134707222,-428.224321426357,307.705736826135,241.786222263711,126.16495552119,491.323911450936,33.1528497635446,-221.046354916927,63.4235257958215,-82.80013977176,279.32856656195,-122.00447203824,226.855186344691,-170.725896149936,165.706116697596,361.538855447404,300.911974412678,430.389243480042,91.1895190061955,-141.533152887908,-207.636157154706,367.08937033829,135.039094747239,325.763084372226,155.398242713881,501.080118055202,-96.1043217346906,98.1443158130944,227.797892193568,212.222321964667,380.111840288276,251.046460295919,88.9429926182467,-326.000194448848,2024-10-17 18:00:00
254.449243509097,458.502936845607,439.120015778852,-129.994961207432,110.803202683095,-64.7242853243735,165.57707154597,281.526463102763,247.102128259104,167.491924014994,400.942489700651,120.766318637332,234.279734834837,121.685594261896,342.553775408075,291.313553913983,-100.805318524202,-418.399393989944,319.591995865522,256.483156033603,137.757544123425,503.320939917565,88.552399535257,-210.604824511711,89.0705928852586,-53.3396190321876,290.542476510006,-89.2768225148421,251.032734983826,-150.62758831811,180.947444255191,379.122674907697,311.986194859478,444.838707909178,114.120456851501,-116.781515257444,-194.184926523154,377.132759025488,160.754271399264,339.016776611629,165.259435435225,514.984249967026,-59.9110455226048,128.249387057513,246.58777067958,235.049099455539,392.543947795908,268.273891867719,114.48798377025,-310.203984416705,2024-10-17 19:00:00
273.948231237981,467.578296136327,453.046679377387,-110.114863949251,124.969609816923,-55.6841923900303,177.742897984109,290.095799430595,264.749714677694,186.412384499567,413.76676202313,148.198745449387,250.957701935165,149.488070518076,353.257044535388,308.344727936988,-85.3130795365574,-405.321761139758,331.698883231843,280.571624335356,161.638703348497,511.420194521459,111.770985297169,-194.640610909279,123.125421096457,32.119405474823,306.671131243962,-66.2771621815846,262.67912256277,-121.847735825377,197.304704252112,391.044031173387,317.096974926798,455.21291656471,126.841975646007,-103.031398480982,-176.766533999569,382.577920463041,182.925294308628,353.641868458673,181.601570545454,524.717516036,-26.164192165475,154.213473141564,263.68660052547,253.497486538059,401.83335069823,281.35480748704,144.937972035827,-298.636097841708,2024-10-17 20:00:00
270.753553646082,481.291179135095,453.592341875324,-100.007782645237,136.071629857258,-31.8125086163923,185.119276530896,289.961758105578,257.589119830997,190.459618567374,414.984461867687,157.510877368171,252.975262778977,151.202573774185,356.667875833764,314.560044312407,-71.9191605405251,-399.631908216913,340.427719321845,283.078428059285,163.205836365732,523.228492143425,110.121549802363,-193.209776642932,114.021118483571,46.5498423232702,306.327319405934,-42.8761013424631,266.673779392421,-111.519622236011,203.036474325996,398.553706206589,320.426519116163,458.102280664384,112.906384073627,-83.9339496893653,-176.003691112319,387.268721579122,199.910649146739,349.525881894788,186.992182996307,525.550806856702,18.1140063740735,165.446098326418,264.195455066907,267.776666518181,407.94967332578,288.966457682014,145.597809446158,-291.50663592219,2024-10-17 21:00:00
252.745496266139,471.708835603689,437.721448236219,-125.564577922069,130.395836969875,-64.279121918478,175.412425294197,291.310986861605,244.363624665464,171.441505641201,398.141278553245,136.526971888478,236.480861746744,122.260323681211,345.567786710919,300.839760472546,-107.680341698872,-406.730697457088,322.661005729615,277.334029783795,132.810358554572,510.711292875493,94.8767490523268,-215.384470441528,94.3015069759077,-31.9966194015386,295.19013220849,-77.5718797364357,260.308581777854,-145.686692702489,188.81465854589,391.009964879385,300.620718507786,452.471103114965,91.5497961515792,-113.389282751996,-195.869171231476,375.849667836315,186.259217682696,339.929362028135,173.576960722857,521.935465221329,-44.2527451199148,150.384093041073,244.333352531524,256.953226416337,394.854008876851,275.300194041785,132.222616930048,-306.066117283388,2024-10-17 22:00:00
250.115145460077,466.153070499019,431.779157867719,-122.292568351068,144.080219140543,-74.4556175885319,161.900266356907,281.631018252783,239.895085157568,171.270826981562,399.106976587639,137.622807864293,234.162789899809,118.95826685511,342.01444943936,304.211311683519,-114.147235087728,-409.732832134995,315.320787552658,271.881549764012,127.254564369022,505.621334810921,91.7852785144787,-222.68044042471,85.5383203755297,-55.9579065227378,287.995499707877,-85.1615371456742,250.686659145697,-150.008882039967,183.465852801945,380.373322530081,294.652262338435,447.400921659051,83.5188318949105,-123.602634517255,-203.026124186637,372.574709155663,178.826417830703,328.363595780966,165.482987955013,518.826692769215,-55.2596867317647,147.850803010366,246.856914436862,256.243929721869,392.115929708255,281.33856161425,124.409033982649,-305.456939852687,2024-10-17 23:00:00
244.021724476017,464.953437995593,431.021394625125,-126.379890059353,137.973861449215,-80.594572311029,164.339591301222,285.395629923764,231.739515515362,178.320352671344,402.237609515306,140.804497941063,232.282182586626,98.7837566653784,343.507497024866,300.776683438009,-112.067350656624,-416.039309812031,314.218950567234,268.596731276981,119.954358997611,506.253722207713,84.5870661156209,-230.6447962415,72.056318860825,-34.5767857658726,284.809837570613,-94.6617458590631,241.715532852748,-160.129811298003,179.310558236406,380.113500111471,295.749141486407,437.358114584877,72.546676109691,-137.804770496864,-204.949571061277,370.876053262774,170.663213817364,331.595464317917,161.455997589341,517.082139619813,-69.6231343575477,130.450767410774,245.859508655271,252.732745873161,391.938468920259,281.484846886194,118.617979834218,-307.098674072305,2024-10-18 00:00:00
242.538383002827,459.11768262048,426.535318859555,-125.373041475341,131.562623232501,-84.5441761544669,170.883676633341,287.654158451836,228.452561034983,170.847443049781,401.348956107768,141.250855699312,231.054861235784,77.5686056022999,345.107895553486,306.957519862687,-105.130012872302,-415.745698919443,314.863474856624,269.040624537526,105.791021683972,504.796430696287,82.3576158529716,-236.50082442438,40.9175331625349,-22.5262894921368,284.682973865222,-102.378866281167,245.123732559446,-160.449492932106,173.822724808117,382.612221482322,296.662852532189,439.934806242948,65.2081387038483,-140.590686104156,-213.812554770954,367.288409957576,164.037708042471,332.912762694432,155.97389641052,521.628772904686,-70.3995509348133,120.251854829981,236.85275117404,248.967580580285,390.56783088633,272.29044440476,113.617210498733,-305.904860456337,2024-10-18 01:00:00
244.602430931352,459.938058865135,416.254420348405,-121.976502156933,128.517300645,-74.0568595804459,167.120279949444,283.686270037412,223.364780756316,173.834350686917,401.566089595185,147.324872515691,226.618072959301,76.9571391180615,336.430421103736,302.896325679495,-103.077509025899,-412.648225465178,316.241009809202,267.612185906934,94.4350244927484,505.071206842661,73.1699759165226,-229.233414657158,40.402746596936,-47.3322017475933,284.411239647927,-124.184170985267,240.798963953223,-161.368061427021,173.898842777593,377.609963740098,290.965373940524,445.334027164557,58.8297772421244,-136.16105840256,-218.746517712358,361.175536922403,160.950402751089,337.160164926194,152.572612493187,520.731852259437,-80.4902970967691,121.148073421096,235.024567879856,251.646932609914,397.036668680872,270.473859780281,118.861358805524,-311.126162609981,2024-10-18 02:00:00
244.149590279769,460.052733899932,423.074092859991,-112.53942725049,117.791409952507,-64.6320456271886,162.513588719949,285.324629587764,214.980202876646,166.125184469051,405.958811562522,137.639685874851,221.255175454388,70.2258722534834,328.373355708618,301.18947110816,-106.393899427704,-410.011852435106,318.799424085674,270.415916999667,90.0509040242301,500.389699933894,62.162904448892,-240.087927293526,44.4379496804468,-50.284098174841,281.446041583557,-130.618740325951,236.09917964319,-167.470258146527,168.238094003981,375.104819616807,289.87424914945,445.061069433503,62.7979674233969,-141.157179448523,-219.935430372016,359.176144892854,161.780927404647,338.175459066542,148.357457800586,517.017323784886,-63.8627952190852,127.881116136059,234.996449716883,254.834851313555,400.544078556175,274.885604264796,119.335554900879,-315.081159757138,2024-10-18 03:00:00
247.629325329705,461.045065754955,433.74977446339,-120.814193041688,107.970716495292,-81.1325905948168,164.930111609856,281.894204612214,208.395080051614,164.786419252151,406.084947359893,131.173999566165,235.358407528785,54.6715830938184,326.968025399356,301.238908015704,-120.908828523074,-409.894435110257,323.584510191803,273.571730093663,83.7448678061585,503.899537094319,63.7624577395669,-245.796424902366,36.7277193961622,-56.3582961642504,280.549110530984,-139.826326450436,246.656601442159,-172.65518034016,167.303678055792,371.421275092898,287.381743783351,442.448832167435,60.7907036391313,-149.561006587123,-219.605856667761,356.625435579117,157.42185486181,338.818345050329,146.060835323302,520.243633790462,-68.6397684793798,113.721916501901,233.532370777627,256.371629827224,397.082339931206,274.098430702618,136.60672994058,-323.028422152935,2024-10-18 04:00:00
250.74789764033,459.324357246639,435.550563989406,-124.766489513692,118.544906039245,-88.8982136227218,165.546630714666,285.060105483064,211.312523340082,167.610064550211,410.152783558331,130.482494592793,242.205033883011,55.020667465761,334.356518867361,307.693825567959,-126.261088971227,-409.839965023225,329.541174795493,268.653363696572,75.0371536305013,503.066126943977,62.2040951248687,-239.26660424921,25.8807476359052,-50.5648343398752,278.065845719918,-142.111395024073,251.808588051328,-178.804250075073,166.712151604604,375.870313227217,295.582708035466,445.087878111105,72.9999368081619,-142.594100947804,-214.756464918499,360.347864254176,171.396466659972,336.075112437591,153.759859036071,522.135338459273,-72.9842434938315,114.051226689302,236.272330246104,253.949615706833,396.858369117068,267.19910932904,155.100241158762,-322.834881165347,2024-10-18 05:00:00
255.85154765047,457.144599449523,437.475248039163,-126.610382669403,130.827113919749,-84.7809858162341,170.861413215156,289.961162028198,213.895256857006,180.101106326349,406.956666288472,138.9495451945,243.76207467381,72.4831142422938,335.088709268925,308.741954125745,-115.407875180925,-409.933280679906,336.916619282892,279.940543344112,93.6039614655339,501.456233919334,59.8684835052197,-236.884474974839,-2.97739103716016,-41.9912882525393,281.737089000175,-140.680827023719,251.458498724474,-175.649001070132,175.409148122866,379.19148632329,292.315151882281,442.294405276105,88.5721927751523,-138.199304451597,-199.72904098414,365.922589273443,170.837463101581,345.287127380853,160.397783436362,529.905483888943,-71.7129614413596,116.005718370928,242.694151172033,250.857722820944,399.668652221177,269.235920318842,164.267093065137,-317.425862649366,2024-10-18 06:00:00
248.906946657563,463.903909172182,441.303277294612,-107.427141071559,144.461903403437,-55.0980908240998,176.404317317032,288.902780997132,224.736613631447,200.371073596837,406.929772975302,156.695403865819,246.244094339711,93.3716085584739,341.759012336528,327.791589606038,-99.3565409956386,-405.229872995848,339.07749467943,294.794271132235,110.686759693322,504.839036183847,90.9395379779693,-232.904686572976,55.7429293164792,-33.9824466931804,291.537849417391,-123.774020577402,259.011028072349,-174.091057682891,182.577796729269,377.831101311357,300.979831955558,445.265112832476,108.205276164054,-130.939487730017,-185.718993924393,373.660032269071,180.646863513052,353.424563111835,173.518052530635,534.723315443903,-32.5429085592479,126.522769426883,249.965616517494,262.592696781257,406.506359826923,277.47285455624,167.985237811531,-313.78453314876,2024-10-18 07:00:00
251.770584203451,464.315901679422,444.686539013623,-101.631081320939,145.626012865103,-53.6045329922235,170.61002751466,296.000891313875,231.242825960112,201.615490354417,403.810601690393,170.248397419952,248.325353148934,95.0825040316182,342.254686674597,329.462117421302,-92.9080602678008,-403.769746055926,346.521711503022,298.505236046739,112.15767877505,499.0897098051,62.211694341396,-230.822191878895,58.8829565562698,-15.9062744522245,288.698287499445,-123.195589651392,266.472503712945,-179.585693120701,178.388511008025,374.031204580125,305.730687059758,445.812792241881,108.277257962158,-125.86915393137,-176.509396746575,377.880715342297,178.115397330019,354.750585980486,175.237442552094,530.22960349953,-9.00102516689123,126.018016155697,250.207573063763,263.901274734613,408.152244638236,281.013507207748,161.50040391499,-316.095941801457,2024-10-18 08:00:00
240.934355750199,457.651958127135,437.015263826138,-111.465531973701,117.257976222701,-90.734416602829,158.983854725414,288.657122081189,204.700676344586,188.526321335321,396.56093840062,148.527679072527,233.695012820151,73.163995290771,332.804998665403,312.099484845361,-114.115252894196,-411.661466200702,335.519491171399,288.534189746632,89.4165934440318,491.112362402086,29.7819388692282,-255.243544860114,-15.7201023137684,-52.4329310867288,280.54866444765,-132.821345569783,254.818587090987,-197.801595050207,172.498113621538,354.982096336199,293.05840559477,441.829839610424,102.599465317019,-143.882519255167,-201.217836615219,365.545005629968,163.880573452672,345.842761327585,150.872526319956,525.784456462641,-40.5691846298397,107.197638083783,230.706068521816,243.176026417968,397.678512100822,277.033233150388,147.007410775778,-326.544988875374,2024-10-18 09:00:00
233.935998100092,458.829980987331,433.01285738917,-120.602704319949,101.74855968874,-104.656225927441,142.42520930755,277.260820381789,194.843462682561,178.685890043264,382.213057984659,129.672103130709,228.351207196719,50.1614483342871,326.362775994548,294.69016106017,-134.285300947159,-426.966936768627,324.601590457093,294.657753313345,54.5815842936745,483.544932051917,12.234400951936,-256.264964689404,-23.7972707242364,-60.2330038026265,285.382640325643,-148.30583535392,244.773923318043,-214.204473697486,153.317203019528,352.356919204074,282.337724829127,430.379759521377,85.3176457668324,-161.484734822623,-213.673193662849,350.173539374213,153.228201795333,336.939275594906,131.97713620259,520.312547267043,-80.9454200513094,102.326963164837,213.63356331972,242.156962152923,390.211578934128,266.664316278408,125.822180411202,-337.354642139357,2024-10-18 10:00:00
227.449333630589,456.288021421808,423.89584829002,-132.041997923832,96.9110368489135,-118.317691131889,143.809033634717,269.735513816729,184.425313363355,163.2958502448,384.495173089471,116.58544587201,224.611791286897,50.6077102172561,318.798903858744,287.994255733439,-140.903420554822,-433.410450249966,320.717077904926,288.272311982587,50.3860529803924,476.313161855674,-52.1956403736013,-264.478296661907,-26.6792798132605,-45.797885097029,283.674285162032,-143.00486419593,236.574568759857,-223.21213971219,144.807365503671,349.778714155883,279.14087394646,428.802221749726,63.9863802598695,-167.197850681189,-225.872235673363,342.355364579681,146.752875202997,332.566447234093,131.151803496892,517.777048950044,-103.074317919922,89.0432298491074,209.120760521991,234.560775621254,390.980943637598,258.673348960921,109.82765564521,-338.760031802972,2024-10-18 11:00:00
230.627840593164,453.117350507094,423.403466056084,-129.249366675601,85.3383551207773,-107.856026025091,125.691822125305,264.032493563788,180.588260180924,146.418501549705,387.498163585959,120.283829129957,230.174256818878,38.7676912243136,319.0785763029,291.302313638842,-134.49700949872,-441.570934772064,318.188871570194,289.055160188958,64.9243993877179,478.794904936829,-40.1968370435183,-268.319807163914,-39.6009848730505,-69.275235997012,281.93176947017,-142.8816085138,235.501031079714,-229.867796761392,136.714719450193,341.586196225213,273.279489006849,428.154575583165,65.6170144813802,-170.953520321396,-230.949770065055,340.652038527943,146.699440065833,325.678224936309,137.947353538017,515.466697531463,-112.577421276592,86.0951061331282,200.119261476989,236.830437403477,389.300591916213,252.207805344625,116.793350280939,-344.365732480904,2024-10-18 12:00:00
232.996289044574,451.044760279821,424.980655365468,-132.644889228426,101.079353651649,-121.995362208062,127.394370716892,257.705800125014,177.602526189079,142.404866445534,388.213735668135,125.824629167793,228.595740598119,49.7191519588383,315.697090084082,294.397777393319,-143.420510683434,-444.076112617537,320.163533745104,287.532025732274,71.6595568140679,477.720634566783,-52.1127841063242,-266.975625526592,-27.4142603380907,-80.2505187100588,273.396581950799,-143.728923979037,242.13095091323,-229.651548600272,141.416026485094,340.520419534017,273.135901183234,433.839457664656,60.4112688619728,-167.890915054166,-237.912840611936,341.330327148168,154.534735172297,318.910229040003,133.051683663919,515.950566321162,-116.497298692765,82.7278021143706,197.491207362583,237.208055572541,393.956273133038,270.077037540834,99.4063059219418,-349.875340440258,2024-10-18 13:00:00
231.541626516024,452.647094910241,417.542155715383,-128.900562980666,103.587656459188,-120.820459665771,124.060079553101,248.601147582398,174.612483935403,141.736388175696,389.794264299279,111.366116180502,228.006808050153,65.358916090048,319.936495485976,295.752781793338,-147.438055053658,-447.820484636534,315.866739071788,282.635464428388,62.2588696059436,476.874837232955,-57.2361534417102,-265.019222627088,-43.6925353229425,-76.6757818642479,273.610674098123,-143.182144103428,233.493036554519,-221.442927892044,146.160445520005,336.937397427465,270.015513161182,433.33329880478,75.4328346920435,-175.68407338641,-236.492328673596,337.583867307701,152.265500233367,320.264198023451,123.487041022012,520.023634849683,-134.0118378631,76.6482194619662,186.17455034374,225.094622803782,400.190128762501,268.013210170987,98.845911715567,-350.278442727894,2024-10-18 14:00:00
234.753497410236,450.672487644055,416.263162577773,-130.477213144819,102.464534740832,-130.503848316126,118.898911698505,252.327661677883,173.376269182476,136.597860741393,385.568648778093,104.644262779357,228.548953171687,45.8467475294358,320.195709481856,291.331657558477,-152.880540582768,-450.360349582035,312.658635142999,280.977767133719,67.6282944092176,479.870127704814,-66.9670509669595,-265.005357258536,-38.4187015404442,-64.8289244800199,272.043078732063,-139.711470148696,225.550713546593,-218.818052336002,134.71127901962,335.347622038585,264.379458107359,432.581597444885,63.8228394972467,-182.661616789618,-232.094080247108,340.63890026644,143.878649098178,327.309636693584,122.036494663245,527.248004511839,-133.280342955615,51.1645173423727,183.978316189886,215.729391212751,401.673816056507,261.309482920211,94.049329735013,-349.752494124961,2024-10-18 15:00:00
230.409421580916,452.193863114423,419.294460066757,-126.388261829123,88.2708893653402,-135.365104790608,114.584587040064,249.252837511648,185.440072423687,126.498187023724,392.932202972694,99.630583494933,220.594647339237,21.2030489441457,316.813264575333,291.342209010351,-166.625508678227,-455.466829251559,319.73103426875,275.893323014068,83.5454306561389,482.398356748108,-80.8917144490914,-260.499169426007,-27.6988856300694,-55.1622091127573,265.957899349555,-141.452020746194,226.483593156209,-222.133565706795,127.318795873964,331.599496963569,263.086217497841,424.876010982281,52.0463463857722,-182.826253104131,-240.753993532059,339.131877527708,142.26799958716,325.723326248696,121.028751828347,524.890556886366,-114.269194280115,46.1312755251278,183.158679492043,221.815971119811,406.30513548556,255.987445097422,79.6643260316621,-342.498249181558,2024-10-18 16:00:00
231.168527683739,451.954803452683,427.467350162859,-126.034438693012,89.342891946671,-114.783798689562,126.081529387181,257.674662782615,188.98296726701,133.242387935245,396.347823901767,91.0647585003536,217.724129672489,18.8333950416697,324.860696413613,295.581929360467,-157.380201351262,-456.290700961544,330.992866631579,287.434401201829,92.4272801058279,483.61562129009,-63.9964914954244,-247.315919861256,-15.2598250249793,-40.2423040185552,257.339152030283,-134.589969311282,226.731048250994,-228.223983837304,124.86342337788,333.474949438184,270.547009096543,424.701145193717,52.5173923770749,-187.236481198379,-240.87021506729,342.593802939852,149.407521301591,330.655735127297,135.032635800669,524.986905665541,-123.299156375013,61.7184291664384,180.052272022188,215.577960584531,413.290444187646,266.289246502983,72.4240868647731,-342.585757985296,2024-10-18 17:00:00
251.989144659688,457.525201012671,430.928437224212,-117.529768135968,113.569293793976,-88.9983875355341,145.568827699043,266.573666502735,188.892825280972,154.572113794046,404.328595627415,106.825319647273,226.206628302529,50.664178884971,345.217232062114,301.293374824745,-145.078027539172,-446.799290821239,336.581266628668,301.68090817872,98.7847987078056,494.776711841798,-45.221463723151,-241.917397413817,44.4210839535238,-30.8068971371341,262.802023624916,-113.082926065206,236.455766078989,-222.630035460732,143.889117290421,345.75841112578,279.152178638793,437.279578972667,70.2873627942753,-175.756608631436,-228.789312918676,351.353920762889,168.286923977754,340.060130313704,153.038899522088,530.286529786549,-111.246991713248,82.0889861528098,192.719574334541,224.139201769979,419.48025330271,283.709383936149,92.1611824957487,-340.94997081619,2024-10-18 18:00:00
268.589810829966,472.234911516539,442.144310810439,-101.933563283585,137.971607203896,-76.1346683013425,169.672932994232,274.8201424846,213.761823064522,178.837732404776,414.120939121524,134.47271448634,237.298460499075,100.661269670243,357.708704214597,325.107409443362,-119.166859584075,-438.368512041164,352.934503230512,321.344281267178,129.148297863345,508.75103342463,39.5727084361273,-227.750048311709,80.4096010685391,-26.3879378851352,279.482978367673,-81.2135629049556,252.478273255902,-193.918770886019,154.160677126487,360.345744886661,289.980432690732,451.037010087368,88.0206897304243,-158.683988345334,-213.501542679341,360.737331373289,183.052283277864,351.331156242874,169.790666796611,542.287631228902,-85.2229038173824,123.154986228682,208.185472180551,254.607375220017,428.136052984724,294.889969295269,113.198342027295,-333.288687174647,2024-10-18 19:00:00
291.944238664746,480.970719463583,459.250200846786,-83.1336559972863,158.491699909821,-67.0641235526133,180.596852494125,285.932781828989,236.548028972745,205.123388906772,428.780771096022,146.965888729754,246.203062884607,132.019195605703,365.616932594301,335.258542810681,-95.9255791904883,-426.223250388533,368.246000643595,345.533386255813,150.877523612371,514.496960172138,72.2446165227423,-213.761839334218,112.99379758921,21.8209162769,295.029087258869,-55.0327305853726,263.180826751141,-178.653036453441,177.870742241717,372.905736619082,302.955875552184,459.817446886572,96.2061479801541,-158.811939817237,-195.272823847648,371.56077762989,201.113480127375,374.086524471223,189.189458938679,550.635776993291,-55.4474987763336,147.720193851389,223.381754784372,260.015938889721,430.257150131282,308.760876006196,136.344024761499,-320.808277696082,2024-10-18 20:00:00
288.58184127994,486.849446400875,466.108867428102,-71.4010089905008,165.489282495891,-63.4168329252679,192.454706534043,285.08600263341,233.138979415905,205.056596934815,431.738589931301,149.743933908365,251.710995422392,126.787468138614,369.9536195575,345.060730355407,-59.6022668721832,-418.800433112415,374.49881512776,349.192893429261,156.498469174188,520.109063128646,68.8961006960518,-209.940603394417,107.540611031132,-21.9532171545399,296.664123447375,-50.8199525224851,275.201678935832,-178.715405308993,181.310385305959,373.620125518642,304.581814585121,458.697895536908,81.0820460258642,-149.421698580901,-197.864693953863,377.005938745092,208.966175096826,372.776469371988,191.625115923983,544.200252025742,-60.1319187390095,165.945048286353,229.866294757639,266.218075753364,431.796823705219,311.056026811645,142.546129019661,-319.855887457065,2024-10-18 21:00:00
271.193529499333,477.507484800069,455.608917962903,-102.101406599407,150.651051084779,-99.7452614830393,173.845132623616,283.189460471616,227.478520780066,188.576529762087,422.366677661356,125.139000993607,241.622263612673,101.334229674815,359.677047771351,336.6402322798,-100.044216394594,-429.444899745691,364.066280323448,342.18759738482,135.594204719237,512.280232917827,32.7856239868805,-226.627532163534,84.6938353622485,-62.2900931968051,286.941144476968,-75.6937293811877,254.520987864054,-203.920287640867,156.88745030385,364.865608232452,287.71222578744,455.70187242498,44.6769028915368,-174.228464634035,-217.26192023329,369.438755230096,191.108069771896,354.599266679903,180.817178955105,537.742636511896,-83.8142565127751,156.463562980984,205.213079934158,252.417450753385,416.653542510835,296.520520234924,117.217128262678,-340.674753317674,2024-10-18 22:00:00
268.41934596742,470.49437929621,458.303074334269,-113.418683542975,149.045309665029,-106.694107313403,162.662124676729,287.14687634555,225.062258084881,200.535735413312,416.646153928913,127.162296267752,236.072562997262,92.6954207455804,358.05841020548,337.130793156703,-114.755437752619,-433.220092433071,365.98534550706,337.179067485177,121.535430262366,510.425795910508,8.73564800499666,-224.506798717122,62.3525190076566,-70.8898924184906,282.093889060272,-80.0652545864371,234.841394280763,-212.856872974764,152.421609904316,360.994269091893,281.755451002817,454.87047851174,13.5214450128901,-178.324458314484,-217.757279795289,371.530003609863,169.621319609789,344.673109755382,171.624005136443,540.943496393621,-86.7300698714188,160.298422140277,206.37995896447,249.215838029626,416.587320006624,292.978423911114,115.444865538228,-352.503504136871,2024-10-18 23:00:00
265.3338131814,470.239014641911,457.732174004457,-100.126000028081,137.406230874182,-111.843802404534,164.306934728078,296.033281550317,211.437924029565,200.353768247684,414.5727083778,132.362960975068,234.40848016385,72.1023342639447,354.81123771019,327.99366677233,-112.79021894338,-442.752515780897,369.596543967067,331.803707317459,122.696669572947,512.433518492959,-24.0178630372649,-219.054061603956,46.8736386240299,-70.2943057498807,288.162384567114,-94.5671462053048,229.981901366755,-216.883129207236,138.059328492965,357.270409959316,277.463037818746,449.372170386168,29.1410728401958,-183.802179262472,-213.530656496444,377.084732770625,173.099814008217,340.413996880215,157.240951423504,543.863617392966,-94.276046297893,145.546107498259,198.886923921036,246.651938842292,422.064936733542,296.190451688052,120.439333045267,-357.179784727001,2024-10-19 00:00:00
258.256291271017,469.239689855144,454.912133335741,-94.5421765332384,136.993027477002,-132.112196762112,162.432103245258,302.749502628697,205.186134816268,192.739955439355,411.883131126598,127.535646192406,224.923413169484,44.5020337554699,356.411144313625,333.906550733755,-124.322401643565,-441.288981295175,362.402816292531,328.412691595913,130.541109927535,519.678829770924,5.20526299453304,-218.961348033612,31.4316697580987,-64.1850696136036,290.328291884565,-103.882953035393,231.613991324806,-202.687133478308,128.547865976491,354.488106617725,280.38844673895,444.872483375459,-26.2282594681326,-191.8753251373,-223.96226729713,371.212461689102,186.183385131362,337.818982106071,150.894133116636,546.907709909303,-97.1246977219141,152.949428620383,200.581949052626,244.062269112308,419.017268836177,286.832530238529,107.689948661587,-358.102233217481,2024-10-19 01:00:00
257.78404380551,473.864954237628,454.501965486369,-78.8841255611284,136.412447278129,-136.02972707631,160.772108189115,307.942307552889,202.395383960761,181.776209479853,412.786566868711,122.518710515271,223.652991955443,17.3869105030948,347.782948688036,333.027210337139,-127.401594702474,-436.471247096965,362.722621843805,321.576456201174,137.088806319426,522.568875464056,-32.3318835483733,-217.632941748343,14.4275575412327,-75.9849498389543,289.159127289489,-117.254773426622,224.811688581251,-214.540450814604,129.802938307446,357.47399173531,270.643019288409,449.813122917677,-42.5087639837813,-202.717313377406,-222.571367007059,363.936049217559,186.848192009169,341.496479872463,149.192748616723,546.332059697888,-106.874577469667,150.342240041564,196.658788695412,236.934685540912,415.55244920361,279.545840240756,109.73532174634,-360.458199089472,2024-10-19 02:00:00
252.199214271456,474.740987458237,460.419147706867,-59.8124241020587,137.413849388236,-144.143673742909,151.41060490875,312.093936605319,199.250253730987,172.715817762017,418.25788258943,125.100082236045,226.509604121417,14.5153717822202,339.367337580645,327.806560295057,-127.434509253884,-435.618818642647,364.214799624755,326.435934723333,136.330351367826,527.766906942759,-31.8710670139583,-226.795771112862,3.35769609670888,-66.2512250435549,286.543992122782,-114.918403884502,226.05935961198,-215.518690657992,123.171555747268,357.918854454995,259.2484344337,451.24077439351,-59.2352982826142,-209.042505928689,-229.550175016034,361.99594005822,194.213430503681,337.793076471826,153.484442453558,542.543643907293,-102.759313858058,147.118274881041,190.634932212975,238.867599716027,419.956635853083,279.132585649009,103.76091520085,-367.748720773087,2024-10-19 03:00:00
256.196390337315,473.801483458931,472.54936446859,-73.6697247847206,123.865663522926,-140.293233514545,158.070825800138,308.276324018507,200.891904833447,177.78024748532,416.006181490051,121.267856582023,235.074745625225,40.730405574449,339.164247903164,321.928771368158,-134.406100334504,-435.896661258146,370.449117951473,321.700074449253,114.153802184596,535.755738434893,-34.7597178586019,-225.801330504777,-20.3918145138728,-74.3723917060835,286.874027554625,-124.137719512913,226.279390108037,-218.521343590295,123.047489178859,359.643475686897,255.798395017079,449.880005507487,-55.0892072798007,-210.37807241382,-239.537176785993,361.019360908988,198.197583823074,335.530114468353,145.535817726483,542.59270131058,-111.646209652132,141.214188513124,188.823688480963,229.445078708918,417.051748488837,276.000078651038,112.905214633677,-370.410247153197,2024-10-19 04:00:00
264.905758344584,475.421207716516,468.862988547875,-81.1613768792735,118.406650656104,-141.94984506384,167.052958955457,309.505002360397,210.483393550388,177.7845336836,419.686174121032,123.573646628482,230.945545974942,52.7670292833868,348.740826326694,325.797780367397,-137.872171205942,-433.215710523566,377.958528675102,322.515503937594,88.1885288256432,533.655500182044,-29.6206026968998,-227.417678790042,-20.7342900984323,-71.0584502627217,281.478587190515,-118.764657795025,218.059127172445,-219.908906828878,131.16997668577,368.519914078767,256.919566616154,454.239469918381,-46.7565082419339,-204.956430185959,-237.76802742373,358.11572303712,197.749775789395,338.765678506083,167.342543534931,546.058262969609,-115.297977788455,138.501060529401,196.57711914503,222.008683659758,420.136328849097,280.972973004214,116.533265229919,-372.958797339911,2024-10-19 05:00:00
261.482452574898,472.449741386115,469.122703293921,-92.5139667523925,128.618929228288,-138.997214206109,174.110331025767,308.529101604715,212.956092068333,186.469480475285,416.440014926401,135.957585673859,234.291294273899,54.0855217037055,353.084607581477,326.83953727117,-128.050081065506,-441.14347702413,377.641312853368,327.011498838692,105.417631518999,536.753207878359,-16.8792139551249,-228.159121091349,-11.3381830838505,-69.9178710134246,280.275625836852,-121.089327027817,217.126106786156,-223.897623827648,142.161310191277,370.014730043189,256.5498358586,458.675396854311,-27.5054393445265,-209.179453121188,-221.869539154737,362.052731248612,201.137971305005,345.333412039996,170.571864618773,549.226857444644,-115.565596113585,141.800860769032,213.217296517064,232.323545705143,423.086715440947,284.902415888475,128.231363489801,-366.143404909865,2024-10-19 06:00:00
270.065361841175,477.522870778132,475.408566187515,-69.1628010404093,143.049142820436,-111.513798230011,187.073637418063,309.526608146467,225.041472102128,199.121602531712,428.578399114306,155.502845039539,238.786768637686,70.2044843173007,364.567314585748,343.362273444299,-124.746329426638,-437.0068743094,384.029478511293,340.681679048904,120.093891696634,538.123906276816,-6.9408754230699,-226.90353544841,42.5025071865117,-73.6790916299963,286.921429256749,-95.634463620906,215.891370951103,-208.005168212163,152.196031682509,375.317634676031,269.022816388422,465.180902164686,34.1546121066442,-196.066972426467,-215.596610568232,368.815850762873,198.544679690542,356.212156071003,176.8005980524,559.889984742309,-95.8612766327121,139.020122916783,225.507708308456,246.565586449545,432.487725118814,293.60343327766,127.060574871513,-366.934953165112,2024-10-19 07:00:00
268.302644875543,480.863682990093,475.247790141532,-38.8259394992186,142.952126349628,-91.8624443360344,179.199705179616,310.161983212769,233.127017485155,192.503571795796,428.830768777065,149.843211771623,241.87155721168,93.6557537908813,359.391434681448,345.751972600099,-119.978896739602,-434.113905779544,383.048503660086,343.70144509396,118.728465879712,537.442177007984,-49.3742921641662,-221.368181261183,55.0998866306323,-48.898859871006,291.419489236507,-94.8075611162642,210.902695706298,-204.968924416393,160.676856037046,372.574173106341,270.785219256637,465.987255423447,51.599178370213,-192.487490759029,-210.163241229385,366.646714223131,203.601966312654,359.818845115421,176.517404385595,555.803614377612,-98.1145613655276,149.894712970966,227.729379151364,248.971542969759,436.809162987023,303.583481551263,115.517342413216,-367.094794725179,2024-10-19 08:00:00
257.657979560992,470.397082091303,461.562721941311,-74.3696499309536,118.948845254568,-115.957635549453,172.036525257064,294.469991293065,215.202768498017,167.517156987735,418.425757110406,136.746263015032,223.705745269171,74.2778715945147,349.392294904801,328.127878355082,-130.115499919016,-435.002281741138,376.974799171829,326.679371255673,101.596358505633,530.031773875244,-81.9500079338218,-240.654186188826,15.9842941341482,-85.313311486123,272.464886062147,-104.291344073705,198.490968991651,-225.492634694199,144.893804100218,355.638552994762,258.349127102423,458.883086593651,29.2917103851315,-199.29558444114,-224.841689156906,360.468047232002,195.31878974976,352.182542996962,161.135422333184,555.435566721551,-105.208628902209,130.108619972111,210.369988454651,230.432756561412,429.192620373053,301.517605113477,98.8088568787806,-371.605720367125,2024-10-19 09:00:00
253.089677779458,466.626893916488,459.375916092724,-102.268298247138,79.4272573285557,-127.984001220947,159.383259644021,288.822278754122,201.225276991549,149.505293750974,406.69805890549,131.052741424512,215.747889890261,44.8805644739296,338.536411688648,316.474751683933,-139.468626821288,-448.869531464358,369.101676030377,323.007828690507,80.4592143852845,523.883365227977,-93.3875129038537,-254.827443224066,-17.9599265792923,-81.723999571943,266.257018099117,-116.657192740834,189.943561430656,-233.473076030683,133.142237093208,346.530434822903,251.799776185962,448.171576024039,-37.6969144582394,-205.028835129574,-241.951255016558,348.216177246619,193.430205969676,337.838466536462,140.881345096233,552.198553464671,-114.122318506198,124.59578261393,191.403671217729,227.394948574724,425.582037791182,291.111140443525,81.4726055372242,-366.31234288948,2024-10-19 10:00:00
246.776962505152,463.904925453886,452.639683750812,-106.945871917593,77.1378278238394,-125.453230615417,153.600221848626,286.81177553031,194.152946232872,138.916506062446,403.484920592553,135.836942140558,213.193916613702,30.7122315366657,334.450826710291,310.23612905189,-142.64377727921,-458.122256336049,371.766067980337,310.608664025259,69.5251327232034,520.066722055518,-103.91727364867,-264.353549323602,-46.5885304021856,-85.1339140044342,270.471906951239,-117.756700318063,178.03897551393,-239.785095070336,127.188840032514,345.782689878548,248.899429940842,438.968585474525,-50.0295534021885,-214.468320899518,-259.533305531366,342.909267473947,184.436857297109,329.445500610987,138.283425063241,550.534502009022,-111.970831576847,124.762152574122,189.395030071698,224.036084896501,419.322237756457,278.135865857436,62.504372426683,-365.467879587275,2024-10-19 11:00:00
241.157085422529,459.541342129801,451.554897731808,-122.370776280785,57.5418750957019,-127.81886294163,146.682806428816,284.203725712022,182.282040250378,125.369456282088,406.74942218883,123.622052123781,221.230856232548,53.0898502287519,338.06736523399,311.408224867059,-143.944090740865,-463.668130560168,370.624197274635,301.133696943724,74.3692397746659,517.995840373795,-107.427246167778,-261.675230459507,-61.4780131216193,-101.499997378245,270.200871654804,-129.431356603842,173.223774665479,-245.901267351988,116.324105251797,341.004207797565,246.763699183182,441.722629320488,-61.7104528607946,-216.129676064319,-266.872503659381,348.62522085721,182.848007027097,321.051448210895,143.053753376629,549.886362562682,-109.871018761866,124.355935424666,186.489607505308,231.271333798046,414.852035522137,273.048032594536,60.8086629329411,-372.178365843353,2024-10-19 12:00:00
241.944877110602,451.561455957304,456.651696456875,-112.401384484574,63.0133572008667,-140.206230776545,141.170353712107,282.53087108562,178.371734212389,116.260668285873,401.224053636041,112.201379365908,213.930035724525,61.5923595543533,329.994023960326,309.046131138286,-130.804210787457,-467.177116281511,371.530990433909,301.938758542188,92.3408669166024,515.842885825605,-116.509649971925,-268.130627585183,-33.3866982635358,-104.8216859918,262.052875310687,-132.697743499834,175.385771628897,-253.588716601079,122.001935464656,348.996267062745,248.084083070199,442.310360941751,-67.6884232245821,-222.264311431983,-263.270205905806,347.563681587875,198.049724482754,320.969583836671,140.53583708604,555.750676464923,-118.075553399554,134.707512144955,178.019410688079,227.279969074999,421.078651893496,284.738366869507,63.8833581734993,-369.220680205931,2024-10-19 13:00:00
243.242362837397,453.408237688988,457.182690576542,-106.161319178057,74.9547848879506,-133.976195374737,137.716115971801,283.648186717364,182.730780099386,116.476678200882,400.161828212271,106.91348883448,212.59656044464,65.6280551564171,335.938303405425,314.536037719702,-129.935369245132,-468.689910355363,369.156457724665,306.197640290695,86.0388376803099,517.419434981,-123.689271473435,-267.114852492765,-31.9042277490119,-110.096242381866,264.53071967442,-134.208787678952,179.369083120373,-250.934607855844,112.365092310793,348.918228376456,251.186025222484,439.117663014407,-69.2273402407752,-218.582133784853,-260.757342345698,351.227977975544,201.628199110277,307.510326301453,143.557602450284,560.325119978209,-135.800431817469,120.581783282879,181.735209645462,225.611204468711,420.912813840992,270.765358748719,63.5030569966998,-363.133607106872,2024-10-19 14:00:00
245.849604072101,454.603428981451,451.938718670945,-124.403509571133,71.5035444834395,-144.317596925072,142.489912159702,287.019193269814,176.789518711531,106.604936230814,395.569569484532,101.664055367225,210.978141368461,62.6218080050083,329.599247282214,310.20712001073,-138.806082763497,-468.720268037199,364.953611170109,304.811898163885,79.4061610134308,515.041647286254,-137.021722940837,-262.065750918894,-19.4271213021212,-98.4481905649302,264.150696140609,-142.773653881368,170.448494950571,-246.968224626621,99.6764423090949,347.084858321698,250.519862346752,443.901922638442,-68.1215276145951,-223.029628157033,-252.468676707443,353.876036214975,194.846028410759,310.989123238337,139.620649000601,564.868444358637,-142.667354554759,106.17528511866,185.944476099549,218.109805973533,416.240905996,273.681626565033,58.803004061647,-367.835500390996,2024-10-19 15:00:00
234.720398668398,451.237715776503,458.194948954803,-119.295863893297,76.3481946461819,-147.907410518502,151.031918252804,285.872225838601,176.655125097918,107.537989191055,392.607299586155,108.938827439731,198.603600540097,44.1127498630194,321.376934708406,310.376110322245,-136.6598354739,-473.692622162174,363.877616783769,303.283109219224,74.7555794905139,514.10934909406,-142.14662777684,-256.789688535983,45.1988120336706,-97.449238905121,262.693419616938,-149.21787891791,166.323379621015,-243.587188705107,103.409621764541,344.532740804498,260.758647843764,450.42837780067,-58.2291659962866,-222.16522517389,-254.744123548568,346.719552945326,194.435591297685,313.443110538006,140.052040136485,569.276586481452,-139.28077171491,103.13138723742,181.661842800909,216.685441098445,413.105793598988,276.995461178892,55.6630423917479,-370.309647546532,2024-10-19 16:00:00
229.231277640632,458.074912226489,461.575872328247,-115.626462538029,80.697291959094,-139.120107697382,168.124827450211,283.718113217205,175.627648334209,110.896785678885,399.366202142677,100.899588148437,211.590448974358,48.7360694706431,328.593884744529,313.23205328564,-125.474880773537,-471.983579437661,363.476346266926,308.904020820453,84.7047482234625,513.837625726828,-140.989533056271,-250.2348831194,55.8322340548118,-83.6339071445705,267.064968537512,-143.895057850119,162.919387565823,-246.854122744456,117.173841880889,344.929024466107,274.999218995022,447.935591568375,-53.2842833980079,-223.644374679696,-245.756691437153,353.486103512669,202.130203414822,315.098980491005,136.428681176347,574.095656835694,-130.721208813723,111.854227567903,182.736813595894,216.071657138366,411.616811969653,281.140638451487,52.6810872158557,-373.284190013914,2024-10-19 17:00:00
248.555257563769,467.160137540503,462.988937336689,-117.549689576632,102.986206602866,-127.089994688548,179.102252669054,287.223884774156,184.625105674948,123.494655206028,406.211087424662,115.83371690577,215.560811426404,73.0590221501631,347.771980079674,320.307502938859,-110.035837241404,-464.461282830843,373.741140965442,319.765898790321,104.575283473182,516.369695304376,-119.517571316844,-248.031158402526,81.2280966688104,-71.3210716397939,275.765001166809,-136.656493968216,180.809827778512,-233.842762858798,132.987223093738,346.47867117687,285.185786492774,456.580637358396,-48.3055907654113,-214.719918569759,-230.424561287483,356.301111552455,213.481391642574,330.406164124244,170.267828928101,578.241340478498,-127.944864758544,128.844486063738,192.532596040163,230.139292895567,410.447600381492,295.120906139693,70.9578395715378,-365.469095664575,2024-10-19 18:00:00
269.920348343627,482.888395745334,479.56296337978,-93.6488155094591,119.649926557575,-127.531777261969,194.803202931301,296.916249590706,212.745310995451,146.097718924924,419.706477448981,145.290165943266,228.708046169058,98.2866553490792,358.360988244947,335.161731274429,-77.1694305187015,-458.462132471026,387.888828006408,342.656643008947,132.68742492653,530.975435221171,-101.201472263238,-234.347862451056,108.040367286411,-61.7825128074376,285.759616560113,-117.711354409265,207.256385665044,-216.812064786689,150.026926359399,363.229752832851,297.908459679956,469.379389528351,-23.418488469402,-204.015041684901,-208.273319994632,367.663482837139,227.130432695745,343.120434353947,183.842614885602,591.775968638813,-108.439106683198,156.251937634568,216.649797497988,254.644045204883,427.820049986511,300.194404135466,94.9233981430977,-349.853869651759,2024-10-19 19:00:00
289.73551177357,490.181997600833,495.73193208822,-74.6513532683272,143.071697017711,-115.94564399856,216.393602323254,308.573535560784,227.811193103939,173.389268321393,425.787922125887,169.959642832764,240.17408442062,120.783653618355,365.20656042049,345.766364348207,-58.3900079572024,-451.65214095709,397.206292287802,356.002312326607,156.454179693534,542.676086009092,-92.4860415098754,-225.89499169208,141.176972718673,-48.262476763586,300.295271670975,-91.9127989600608,219.689140523789,-201.03878581222,161.250159187284,379.605628599924,314.653271618955,479.816690247994,22.6280332758438,-195.890288303986,-195.981000725216,378.008667772908,253.234189297587,361.152070956707,198.049327356085,599.687428364012,-81.9559411080976,177.497729421923,226.828267003622,262.373389652921,435.004615842738,309.331804981919,110.444024091708,-332.911175266995,2024-10-19 20:00:00
294.427964218822,494.485532698248,498.383467033674,-77.3181101754861,152.884301630448,-105.248227610888,213.455160749245,314.754913633379,224.063403995479,176.12289657107,426.844897088249,178.77910690699,244.289451946341,123.713979467799,366.086560939166,353.716657593977,-12.5359814294057,-446.804605328021,397.880023768087,367.252176108016,144.796544201712,546.390338517181,-106.76035943193,-224.696827478627,128.429236125168,-69.8750734949312,304.382791285534,-77.6803863736407,223.793671930053,-197.775518667538,167.631538636778,385.384084989869,316.039170207455,480.748262408744,15.8215188889209,-188.043045165493,-203.599565625226,381.184093577991,260.996248083866,362.819619574111,198.841930629263,599.873363278093,-85.3583025310603,180.988064614464,228.165040969838,261.982214820371,442.686696706602,318.775362810888,126.018564585555,-330.901881331859,2024-10-19 21:00:00
282.861497699275,485.223999424841,487.742169419401,-103.738517486845,148.106658106362,-133.19239222009,193.331294814474,310.990156066299,211.978601551151,154.193771184498,415.660152056201,157.132826505898,232.748192151995,86.241988179638,360.499840900352,338.692777453005,-67.2446794273867,-458.307208859221,383.764902725404,361.987530680474,121.712282853021,537.440139918398,-128.0641367307,-238.641473784173,103.996944773954,-90.7679202557114,293.602710041868,-106.904367689851,201.299166387737,-210.447403458438,148.323841978325,375.158892604342,293.01139263123,468.100899738238,-41.5600732644974,-209.607220223167,-225.251559032106,372.782819446604,239.313348009178,346.209888819605,191.953303459074,592.349715814549,-94.0053825577825,166.554428700367,207.606776164103,251.106565168312,431.022389821575,306.071214534787,111.0312737956,-344.666397427488,2024-10-19 22:00:00
266.43044473892,483.28607874681,483.883253659157,-102.449554877907,139.899703937104,-145.185589581597,186.597032605368,310.055563239946,204.868055313407,145.149543750806,407.967512751749,144.440428464176,220.85677291713,58.8602952738897,362.93210856218,335.780804761529,-77.8925214802715,-462.880933038202,381.241853243689,355.330049758321,103.91938863965,538.089694993024,-134.056960730935,-240.921993578159,88.5295249131899,-99.8384993756773,285.704282262496,-113.977632230542,190.795735458368,-217.591218859592,138.03087713915,371.003483065555,283.628563171998,465.19552902819,-68.0937835805185,-209.617968549717,-234.169610756124,374.934461833643,233.743852431246,336.231550143368,185.585613987012,592.983190817751,-107.28000764039,162.01886418649,213.085338571255,240.082839100366,430.01937708999,299.229662231365,95.0623490655634,-355.795298907984,2024-10-19 23:00:00
267.007934324716,479.913063841093,481.762588327954,-86.7976255477493,131.184491423407,-148.615281195838,181.240829186517,315.708608909843,201.520442619188,142.193179760842,410.33187577547,150.926146591603,215.166276785809,33.5045811171525,361.864383603189,336.161999461119,-68.9324908199847,-464.010039907779,371.243907138483,344.950305139596,84.816727901583,536.529441215,-142.8224712251,-236.818053461638,82.844963828632,-99.3208520119001,289.220242463876,-117.732166361314,192.96889649383,-203.424859466477,119.804704929846,364.893157802886,288.641211255258,462.408655650947,-74.2587631868004,-223.419326196136,-237.352140029466,377.97961826607,231.362110357531,325.136220136432,176.385946056282,591.972345689159,-114.950241948433,145.264170989328,209.521537839225,232.832365227822,431.283023082346,296.611375578586,85.244319198234,-363.366043121842,2024-10-20 00:00:00
261.690455503671,478.527054138891,480.90689108245,-106.82293836079,124.665075216671,-164.396086136798,170.799619106991,316.162513091938,195.054381090922,140.127189615097,409.150519930253,152.911405623683,212.63385254164,38.4348869490793,366.008997482306,345.759317754859,-88.1027970047238,-460.89550499753,367.450569718806,343.69133043947,85.7998342511908,540.25017516144,-144.534093234011,-238.450411404307,69.8139764440265,-102.289823650811,293.214832505533,-127.838106913495,189.47034147938,-193.836519503848,109.422900603342,366.053163382951,297.411616662858,462.641085854605,-86.1361334887692,-218.968461059506,-244.088367902032,375.388142183718,236.16510016896,313.144524028895,161.309859593423,597.258825454075,-115.163355878021,145.677023916765,216.784446774022,228.340364088269,427.869507162162,287.506989115193,92.763615759349,-359.434752423065,2024-10-20 01:00:00
261.589062647909,473.965617029859,478.993438738193,-99.8096543462675,128.411900169628,-166.170911931493,171.337734200365,311.724988340385,197.00830883179,137.995923070081,408.30254009586,138.738076373158,208.176326333336,-5.93942782251092,363.061846687636,347.165718079307,-81.2457963464773,-458.706725644216,372.180132155725,346.100626720658,92.6724834964995,542.337473296777,-143.908859852294,-240.005938538949,82.6404065971646,-110.516782473368,298.064071898271,-140.345392919489,192.526273148806,-190.313594688891,93.7151374323763,361.547152275424,290.530229398886,461.421710908346,-94.4673205016485,-227.322096910836,-247.557122253941,363.584700183758,233.860286059946,316.521118698227,168.74330407056,594.48745578544,-134.264972132172,142.389764992648,227.744959888968,221.013116628963,431.311455226234,287.020476354098,97.4291486755906,-361.354725843448,2024-10-20 02:00:00
258.748666925704,471.27583189438,483.931802494532,-99.0089083387637,126.209307506805,-165.155795262734,176.943292299778,308.667795763,195.774621315056,137.970136837889,412.320813295204,141.852321658618,208.541373210828,-44.8142202437981,358.904322496905,334.208647581467,-76.8117364179326,-464.23553114569,373.554701876342,352.574002701354,92.4872496886759,536.514746203823,-153.735065551458,-245.817470276089,77.7811527042496,-100.491815366539,298.7102393016,-133.43256922661,187.310182564186,-197.810370255934,97.1546859916948,362.183025972191,283.634545018016,464.258119706608,-110.460205874136,-234.505258060874,-247.536126959261,366.590174565145,235.374335400005,311.412381853771,170.501357765117,593.455505296711,-133.082241354765,140.92033381295,220.464673278243,224.123797354128,439.049649458434,289.016889802071,89.1025808326886,-365.203233810607,2024-10-20 03:00:00
263.794073426211,471.86882775988,493.950156201036,-98.2703062119832,116.295990767123,-156.538984073889,174.174850161741,300.636997825597,200.559113753539,133.473097350926,410.295619755903,141.235231856149,211.817227391626,-42.0122333949249,357.377361039656,333.291391563393,-89.2094103956999,-466.884888683094,378.078528454701,353.734794549498,78.3381747924944,541.139091323717,-156.680061270795,-246.5525587368,69.3980589621691,-97.0173728711581,294.620383950797,-138.702730074969,189.256244411676,-203.714064173224,82.2908181247209,360.122112627489,282.528243859828,464.301115836621,-111.579026320186,-240.416668028402,-243.805933234168,365.797435676601,231.510513533387,305.428783196546,169.550354234383,589.370252072643,-132.108904322163,131.187873017054,211.93106574885,218.937312129474,435.375548107492,285.577999547113,92.8979434903804,-364.850298820989,2024-10-20 04:00:00
267.231397567401,470.564100009513,493.789513729278,-98.0647606221254,122.681080866761,-165.224835647012,175.788180883433,295.407928096354,197.863336353098,130.381804751397,415.598804923233,134.829001355078,216.005551697343,-15.1926502966686,366.576178669215,337.370850583306,-88.3791201077014,-461.089645147351,381.950585032461,350.44056076523,57.3226208058539,538.690209348025,-158.137087131309,-253.120154571208,70.5493697079977,-82.6484023731993,300.791678114801,-146.527221902572,197.456207656085,-206.656524965487,79.822718399458,361.856512968453,288.871003833088,463.636445095578,-101.527064457343,-241.442425119425,-244.23438333707,368.096418787921,235.486845082846,305.691050344121,182.549202182004,592.754489478369,-140.201054400586,133.020163613668,212.760733312806,216.909888082421,436.060610943474,279.162075866016,88.4413992242809,-363.381827541188,2024-10-20 05:00:00
273.672122405121,470.815310613357,493.25407064773,-88.9569277746051,136.467670657341,-160.307076365876,177.439073768116,292.805100099333,189.295930750628,127.148575325481,416.73831028105,146.066117491468,225.285487073347,-12.5788563851455,365.240774068238,342.607099628306,-85.8893561839389,-457.883561648381,384.473969849809,350.0285441381,85.0141799918142,539.132984621864,-158.14619405073,-260.926967919654,67.3792772316406,-75.7967885782131,305.080391371317,-144.859306969028,197.563924014979,-198.671037268162,97.9045809309128,368.179282022978,289.796099160759,464.827768276991,-91.9361634205066,-244.849043031534,-229.522648215263,372.371582655895,234.833743175094,306.688583882614,193.0716408022,594.638119692323,-130.833058493108,134.141163319909,229.823437551973,214.545012006276,434.277481539555,288.358056786054,108.318896025597,-360.662526534459,2024-10-20 06:00:00
278.229626572718,476.824083140483,502.77139252473,-82.5597350028259,148.353630388715,-143.055012941721,194.182602169114,300.84244584267,200.36205517904,147.2951258191,429.573274607405,168.663183181207,232.129590230587,44.0976337261719,370.448519329659,354.86667674131,-81.4633772403565,-456.369303831318,387.253368347325,364.47669777124,121.620354547831,544.839366591712,-145.45089865837,-263.235860251129,89.0357906120561,-58.9247506229991,309.909544819698,-135.923216097562,208.274328253211,-191.108133364733,119.303275506169,370.191250151615,301.761999328221,471.98440608765,-67.4508498860452,-231.014481901365,-218.135577482861,376.122051065492,232.583681164239,315.838749435824,203.959586154598,599.308653438605,-112.995736568519,141.415243922204,244.178220050762,224.444042955523,441.408981903692,293.65040324084,118.076431843403,-365.627041261121,2024-10-20 07:00:00
275.040040125927,480.932480392194,501.672655359607,-66.0450856010236,152.868352732997,-134.166498298026,188.82789917968,299.118179003084,202.299392913904,144.349179023301,429.432551377327,172.057664537016,240.020447508866,55.1785938782512,368.620261529726,350.717095899337,-83.8208111696692,-451.425642942621,384.312602688836,366.639498957929,126.913755970254,545.8771401015,-147.391904597276,-256.625336651547,104.003372585354,-55.3114144708422,316.29948704824,-140.851295387218,203.658225009978,-203.111061309886,124.811197471719,366.445511588094,303.845169637868,475.958448856948,-66.2595885932474,-231.227163106155,-214.736323328931,374.185281718291,239.310707403455,311.181385396267,208.675072258209,592.832416078912,-118.759556789128,153.329681321716,245.104376843615,227.838238251823,440.600186613023,300.472520372113,112.629190117867,-356.51111578193,2024-10-20 08:00:00
268.853073830094,474.889319015918,483.38961010132,-87.0804072029338,136.872696802331,-159.518944455738,171.913474901013,288.621309155511,182.730573379312,118.478935728379,422.068444515969,155.69220112528,228.51529024492,-19.277498081815,356.975256226732,335.157628843192,-98.4014748744752,-459.829474779253,378.319979902438,348.405828254267,103.347934129002,542.403627435563,-165.302281157637,-264.225627482171,87.4967641946094,-87.9901720706536,305.198041504175,-162.800840250447,193.166726519707,-222.459047260068,99.9651668446679,350.997075800594,295.28062489124,467.322355088551,-88.0053948570581,-252.487906920252,-236.245526493439,368.43194328838,230.513510305168,296.191782414059,204.609573000498,586.129678083944,-126.742684828784,140.214773635198,224.971048424149,209.2212768875,429.895793018367,295.53251492533,94.8836911967554,-368.496792931726,2024-10-20 09:00:00
265.006768339151,468.188228681145,480.990515748202,-99.5644000645768,118.94986684551,-171.502064432998,153.262549060849,288.877052168604,170.349677262982,102.396212200031,412.421863201628,159.034632855869,215.917436561087,-50.2687183077385,350.096858264801,325.100181050528,-113.095504622769,-465.587288715961,370.584952984963,347.683709853083,85.3617329484229,540.807931970419,-177.774028103478,-277.079968815101,78.2378488397834,-104.151133905891,304.713310443953,-181.062411517607,177.988249770716,-240.037229224469,87.8405853850877,342.534848099252,288.977060422054,457.890303543931,-106.184991283151,-262.070393795933,-246.94181198978,363.527749401171,216.262530704948,282.713427055929,182.578184851474,583.275880740281,-148.979346856609,133.412382444898,206.095547434154,213.947800807834,419.748095700088,282.442277508699,59.3384419528116,-373.428016633508,2024-10-20 10:00:00
267.74249657132,464.490707710226,474.028145669611,-109.819418121455,116.868966120251,-180.760078543499,139.786503734923,284.574111052587,173.880495823473,88.3565578618668,419.351000246039,154.189277934732,208.822017384744,-55.413658462025,348.320447643329,316.04121321776,-119.759637779849,-472.280767163764,369.492150726513,335.9811773173,68.8370644530459,539.855158814702,-173.344270181159,-286.118167651753,72.2502848878651,-116.924500396703,305.505388272254,-189.927004647966,170.381567509163,-238.93703349975,93.3248399787135,343.954488089062,285.953678696856,454.848920850253,-114.576212492023,-264.718276666153,-257.057729500149,361.49659789817,218.654153562485,277.729092894645,168.904539296211,577.674011374985,-166.686081882962,134.411246266094,203.186583485941,216.138646200778,422.831558069334,272.707252896872,58.6647063912554,-369.501632840774,2024-10-20 11:00:00
264.508480222671,466.869055720687,468.098446723944,-110.836198752831,113.100242468176,-180.259272412371,132.28465226484,280.447710075736,164.950744663053,69.6075881218073,420.534624513946,149.026127887022,206.643989130188,-57.2241121060531,354.22745572489,319.178818953569,-112.699491492632,-474.935944741852,363.001861802143,333.575843188312,62.8967618271556,535.297315211085,-175.515512162248,-288.802067653077,57.6263278172561,-133.374959208846,294.564311094609,-195.959889065244,165.64660343025,-238.637464490404,92.0020110615279,341.414090090457,286.713181394887,455.350129174331,-112.320570502357,-259.024778816596,-274.973218320472,362.786253478118,211.275817496923,267.554452546549,170.662790542238,578.561537856162,-181.035369368117,130.941182027372,185.823155417602,210.754285333952,419.136453169963,269.682108953646,47.6109345393731,-367.528373205182,2024-10-20 12:00:00
269.426200908071,457.164905870515,475.275556695954,-112.737330926083,119.430685724411,-189.79609211574,134.385693898346,282.960273562943,156.599538267732,80.9666562141317,419.964521298765,147.910487156305,199.002544386446,-52.4306436485255,350.351928982413,318.773184853601,-99.1172749171915,-471.968025343104,359.271857085289,324.904406373157,64.6295793418252,536.08367590583,-196.337671970786,-285.698646559481,63.3671021034753,-138.090275993889,294.979987600117,-187.89525765706,168.607520164105,-240.441278866564,90.0478126536069,346.446733633358,288.25889165286,451.13867894641,-111.129415796787,-266.150976372311,-279.769564027631,360.035441824283,208.433006826196,270.09278299162,165.797234347732,577.593797282239,-178.930104019753,126.595213356426,182.673847432628,209.854003353193,419.369101454408,274.042799665942,58.7642546803787,-372.064980634166,2024-10-20 13:00:00
278.243825417872,456.661350860488,481.26558605185,-115.280087496523,124.817982935875,-189.123311398914,136.346280454079,281.641403516172,169.007446771632,75.5274097020987,419.1095639207,147.309156281173,201.824539721408,-54.9507491206435,360.58397448884,320.359206274398,-101.454487911027,-470.25603257669,351.83484656207,323.670349323592,56.2856188872743,536.608516376513,-200.65104154799,-290.752703560944,55.3571930818821,-141.421204796343,299.050453119095,-188.6221129096,172.86974486602,-238.419478216494,74.6780308352816,345.32028151612,281.101404726438,446.834402973927,-106.711044928681,-273.878731173763,-279.00542578762,356.97063487025,204.463523275378,271.193494003393,162.087011057224,575.101227116135,-179.019925334097,110.723709287463,188.560912441082,216.163687483751,418.165066980908,266.103059778683,51.0125318163197,-368.114381339157,2024-10-20 14:00:00
276.071669956719,462.924157958347,476.866888572649,-123.159791728937,132.878829288751,-201.707361582825,139.478616191049,277.804841077627,169.422537539993,80.2524949404012,406.214400932073,151.820173962739,206.359531188817,-73.5600661321242,365.532362518929,314.711431760273,-103.828601132105,-471.185854671038,346.613848849981,318.190980753734,59.5202718965751,533.174719343262,-200.965663664951,-294.364348296717,58.9555996569728,-133.463845079262,289.591509907472,-198.503102160693,164.716642013487,-248.176221467114,72.7420541001611,346.349472048243,284.308710271766,448.865575476279,-108.659349133549,-280.233110958879,-277.550408047869,352.992831400349,203.466464100426,278.662070483578,164.912353472918,575.40995912769,-184.533290133598,100.920569257168,192.5003577809,215.19115553114,412.903920732343,266.324736986142,32.6856470948652,-372.029120374,2024-10-20 15:00:00
266.762521597537,470.306583158883,483.5996834161,-127.683406752485,138.074930139836,-202.07565401823,139.354340888141,274.087203487721,173.601495545355,82.7833541578449,399.613910141041,152.038221001656,203.813981132859,-78.8510916771095,365.555040456157,318.133780338557,-96.253730970892,-471.034599831673,345.505903647773,318.538564618047,74.1788463577782,534.265790620487,-202.610477440666,-294.915546391551,66.9087616958512,-128.11557372633,284.773645045017,-208.392687211985,169.054464103552,-250.922121103413,88.7067052485974,349.428509417419,288.639549065177,449.213057439311,-113.466902090226,-273.618289710959,-286.546288489388,353.602801943486,191.358372992902,275.701368504693,164.555247960288,575.158505206572,-181.482623808355,108.920652566069,192.13991242995,220.093992731193,409.21437637988,276.193829886856,44.8513212850426,-377.708665544485,2024-10-20 16:00:00
266.894243215456,474.472588733663,488.207319623589,-127.846455303717,141.211771696824,-187.486355653764,153.617814373129,278.866992097032,170.530318787343,103.334334546511,402.699576076229,152.615826361219,209.797362400467,-60.4372318892896,372.696922261829,319.292106886211,-83.5745304839074,-470.888970208306,344.958271288843,324.416763900981,89.6626295469388,535.30423380372,-189.826848958515,-289.645671840982,95.7785812080158,-124.903938439687,291.059816230229,-209.248050130307,179.732442513063,-247.630436181042,96.8677713598695,346.180211148892,292.523792600454,446.326149811268,-111.476103348452,-279.806619146871,-289.651258847604,364.79897884094,194.540024053706,278.561037255488,165.191888775068,580.071515694294,-174.631718076155,102.970653580046,193.645116066078,223.888098916669,403.002089461695,285.505836862303,56.9473925563972,-381.237019348891,2024-10-20 17:00:00
278.017710251316,479.360817146038,493.644824066796,-107.601918751386,149.444646944966,-171.322840052356,146.309475511238,285.021881411751,184.88072621396,118.638223142196,411.104225170297,156.989098294406,217.145074676453,-55.6341528294547,385.858656116908,329.612686405516,-56.8275115634416,-463.382352362997,357.130166559031,327.480260326125,112.946512025608,538.817322201526,-180.151126591181,-275.539809647568,118.520327991775,-116.278774846211,290.955530012579,-190.892401366015,195.834564678458,-238.836185252764,105.162821196967,349.336990076976,304.222364812646,457.798979125208,-87.2399591266867,-272.458003023445,-280.187674780993,372.683181231404,206.647953405966,295.459816531633,177.642076960777,582.0450005172,-173.311696200353,126.047731133462,206.72575047003,229.186202623515,411.223582118764,298.601558081489,81.1618053120404,-379.941178192598,2024-10-20 18:00:00
295.045998232382,491.847685673386,510.64164487238,-63.9475003154093,164.977758436014,-151.70374724003,172.354616744162,298.323188177568,213.24252229884,145.226210230932,420.694545277778,182.32350695162,231.618795075053,-18.334207325528,390.521234545986,344.594839504989,3.10896885301561,-456.137176386971,369.415574430081,346.482695035394,138.163795617796,547.782485640713,-156.88995548572,-261.718018059638,149.304784850571,-89.1856756053776,306.190688694434,-162.273323852207,210.321196458631,-213.866763784829,117.804619161451,361.363456783245,318.979096082171,473.17068419815,-61.8074226843258,-256.743016557896,-266.650198541033,386.327746993409,220.394719828909,305.98683324968,202.767810793518,596.351298077348,-148.117927498111,159.65696463014,222.53491561823,247.572298799121,425.51608230969,310.86509781824,100.469178741151,-368.651279021519,2024-10-20 19:00:00
319.022905448778,499.262505435173,523.627025834088,-13.0471040758932,178.778964605535,-144.936284523893,191.996238807246,311.591032727313,233.240168970693,166.945231306028,433.09817912562,205.984317926645,246.484122749127,49.0724516589946,394.271155692213,353.329095040326,45.6809642834269,-444.429323907521,378.105154623376,368.91212621647,159.924361282966,556.667370232815,-145.110760082892,-246.319416488586,169.673207439501,-80.0247743694728,320.710930735363,-150.667045252308,217.136216967551,-199.522542118727,123.921849572142,374.835455421314,331.809823666289,479.226670995294,-31.611364596041,-246.262514865198,-257.107385202652,399.655444807489,239.984003446412,329.770994811412,222.905273933934,609.100989965213,-132.624186047531,184.463435243941,232.968314591375,261.398768503758,432.791125939066,327.979830692535,114.003962315534,-360.571398819307,2024-10-20 20:00:00
320.760920700186,507.712056697609,523.673677980895,-13.4738624983072,178.893809552179,-144.040896619822,191.133521551777,318.233725670851,227.20300806494,160.040313098673,440.130639286268,207.914684409819,243.198951349456,35.6085725036452,391.822929319883,356.991333489707,60.7204846669705,-444.545236414548,379.234703757476,368.367493579815,166.256618145478,555.116189256021,-151.133216374799,-248.009545181574,165.700228090271,-87.8104206819209,327.8940518769,-138.864963147808,216.213708443466,-195.503842848837,123.270598145558,378.180374838971,334.792166496189,477.145172398927,-54.6276062975514,-237.314203383017,-262.053862402106,401.488449796683,247.80613531682,329.79964785819,230.229412305712,608.030962707875,-121.620733969661,195.321500633468,237.855047187394,267.31921017902,435.418397186499,334.072995254292,129.911522432001,-361.521562372762,2024-10-20 21:00:00
308.14812671497,496.340033942701,509.570171796754,-57.1095337012054,163.516432508534,-165.692473097789,174.033835313583,314.481496042112,221.247394632948,137.179325661147,434.434135112029,192.240715553518,224.375848186974,-58.0884986906866,383.924426262741,341.35053478471,-13.3991507244613,-454.511735588736,370.078935443617,356.265331986525,137.535413359739,539.918859399382,-172.789369216021,-265.698448385206,150.403732375231,-114.603122963302,324.700147117889,-152.113477411856,200.49241667138,-221.785920375228,92.3136615743246,367.110980012286,319.689852056149,458.557286471055,-87.2727299141102,-252.888632530559,-274.563499535284,388.674525111712,232.261242151149,314.185590822274,220.861449396858,601.573917127513,-132.858607965803,183.785115561078,218.19116822455,245.666175557125,421.633580211045,316.008710331753,114.099164900163,-379.343242340513,2024-10-20 22:00:00
300.206186877171,493.876812014987,509.457629619437,-59.488943435962,159.407194120337,-169.874970889672,156.251391475746,315.026708381478,217.475437414563,132.032509071554,423.772936068145,188.065411644053,221.879991534242,-74.1030016185523,388.498691377876,346.328026681846,-40.8278272384427,-454.129744759569,365.900475852515,347.801366565988,134.825487680566,541.884323218433,-187.607889001626,-276.033803417667,143.045853654233,-125.762498216057,320.275449481017,-164.732642616829,179.316760608733,-230.536976114629,79.0172905270767,359.565512046,310.015154334255,459.600988733406,-109.617162000962,-249.470713269277,-281.656839754746,388.024731467137,221.879626893293,304.832773419202,218.103491489643,599.969922150933,-152.187309361373,189.321813034954,220.970445720125,232.802984983348,423.195903829936,311.574859193628,94.3744784242753,-390.612346451962,2024-10-20 23:00:00
297.418747958006,493.868859355232,500.578174351674,-68.243369089789,143.224543004178,-170.005785673796,151.810911666167,317.751919177607,219.800089547115,124.642291516906,426.079513123306,195.381793220627,215.200998711922,-93.56180258608,384.672986867533,350.005883292598,-44.3170173127783,-454.931077422912,362.116796452959,345.674617591308,124.876602581125,541.325369468288,-192.832027379637,-282.674239050957,136.566610798668,-125.864138259059,325.913318310615,-182.333241663998,178.255354211915,-227.402235773642,60.5064429087005,349.789213567046,312.040664925555,459.615528182078,-114.447822814302,-255.971041611306,-279.953123232301,390.133720513706,218.676335028081,303.801451559201,205.994419849816,597.561224330258,-163.827342020474,180.201624845559,219.314919667371,239.131135251694,422.880327100474,314.473610237048,85.4465115359515,-392.825403452557,2024-10-21 00:00:00
295.328058623118,490.200633154489,503.087140486305,-72.4213130092171,133.997686068777,-181.475953465838,148.72251948018,320.974960543586,217.918934015645,122.665957276745,427.917064446418,191.89306526738,214.288432089738,-98.1390112795569,386.529655895126,351.462081592393,-43.5884613902906,-455.018097547326,360.364571658147,342.403557408767,115.164288664144,543.103235202017,-201.141975779079,-291.176560633121,138.285842343328,-138.598661136918,322.832387092431,-192.438874344904,178.291878816901,-219.293622009732,41.448415402502,344.265436561411,314.515913620746,459.642392112151,-127.322564927363,-261.418178888353,-285.937726271698,387.829539420695,220.588178776044,296.839810213193,197.686764870315,600.924715836776,-168.948945087827,179.586933248775,230.707062371006,238.403358551205,421.443731459723,316.79098880769,78.5316845644223,-392.75552152278,2024-10-21 01:00:00
300.547818366571,492.214292349859,497.501215877293,-76.6895962521983,138.182905403012,-173.964669056397,137.317453287575,318.700291371281,217.12509144349,116.10326998779,429.446764884419,193.155599828417,214.377822483912,-111.21370724024,375.798769540346,352.511701234704,-58.3583328160534,-446.897918527774,358.401308315965,334.338062741052,116.077219820641,549.100807552042,-203.31869418628,-288.64896737371,141.486969376084,-153.194598698138,321.265343527795,-204.304094619279,184.504588405673,-216.214635646613,22.446417259287,342.7110917661,311.532134509955,450.534748408875,-127.845748676227,-271.230576109043,-286.971259327243,377.177785901641,213.913437360682,302.149802990208,195.058932197018,598.443768466355,-187.87030791834,168.310927815619,232.151628035877,224.295789487144,421.836309438441,316.308458322437,72.4992238295599,-393.995534471701,2024-10-21 02:00:00
299.751984001334,489.578509451611,499.501165951166,-81.780629021225,137.49059572227,-168.451977869138,135.109437774571,317.319510773307,223.347448994314,83.22800805421,436.740312896672,184.332293540933,214.623467561633,-130.567243722125,381.084645784358,348.992633704689,-55.2751450522547,-450.444299246477,364.591518369675,336.355540351685,108.381976390238,544.128774067288,-200.502077495797,-294.541629143754,129.567942166297,-145.667246554773,320.656193579627,-206.871137652291,183.821031404247,-223.654668680857,34.0145122441295,349.325773059034,303.591672264049,452.103729860251,-137.223948706876,-278.303463922524,-285.338509294883,380.418624755567,211.373295691243,301.120461226531,189.257490050227,593.672675036857,-183.784720421044,177.053421228589,234.98003432241,222.874407998352,417.194559624176,318.578445785706,61.2715110164396,-396.957264196177,2024-10-21 03:00:00
304.417896057721,491.577782506876,504.546381824841,-80.6113622454645,127.944379107581,-177.0245766453,134.732567916928,314.469090887165,230.98530234848,78.6306028192944,434.479267918553,193.632140073975,215.555324038833,-112.74135779318,379.468513209902,346.394938611129,-64.6160217298737,-449.652048752861,363.749794049827,329.635524194259,90.9835561521878,553.305968548221,-204.699239400068,-294.055671643527,132.472814457283,-137.912949109938,316.324659383515,-201.567394978807,183.271830258591,-222.882598093725,30.4916909302035,352.748791115718,297.149735394612,451.771997198916,-133.810659449506,-277.976838876856,-292.308822178198,380.883147387389,209.826258195128,304.276729378961,185.253399089698,595.084137537732,-187.447776409992,172.406858360064,238.011825318035,225.24434731388,417.792860341778,318.549920401557,73.270025601643,-404.577284524061,2024-10-21 04:00:00
311.385786496063,495.908794897073,509.653846922308,-89.1401608783492,137.561222578599,-181.273373709215,137.840295936451,308.889683539318,235.575465036694,82.7336788355623,436.738723024593,193.380119299583,214.051688105073,-109.835014578551,376.906528091398,351.586582542565,-59.7230808457009,-451.82866850885,370.08036580801,326.684949727111,72.8392402134568,554.212082139268,-217.445252946808,-294.482158278286,130.218524932456,-141.684534781621,315.124968037895,-202.06476161761,181.260418416834,-217.499891875651,5.66816294452454,360.08324770173,301.81927068066,457.251391707585,-136.959974087882,-262.987455578575,-292.348796122049,381.753940840764,204.891909604548,307.19774203407,189.081620782233,596.710474814825,-193.734331878473,166.26327068221,243.447220554979,227.060466880259,416.906380454506,317.695337220115,74.4928519992468,-404.006373327357,2024-10-21 05:00:00
320.628397064661,493.517582595085,510.405080065135,-88.6979061807617,136.895917800876,-182.897929980712,136.121335312763,306.729037963578,230.637920325863,85.0696992618336,441.173689245896,193.00861666219,229.405914213906,-85.2698301247814,381.337729134616,356.030110052538,-67.7414198565935,-450.55691230935,366.155866293087,325.685615487364,93.5108661505651,556.454169399165,-216.127301247071,-299.558722199002,126.71872369778,-145.187300150214,318.961480909328,-198.10561933632,182.792126033645,-217.465958935769,38.8772354671762,358.529806449431,297.873799848631,455.463389491191,-129.675072200185,-265.341136729035,-287.440489400457,389.369701143284,200.863007252971,308.235745136767,193.640376875886,599.629678379051,-194.428007271929,169.344191885706,247.907513964316,235.52279922851,420.235121382061,320.704787489078,81.3905051575709,-398.609539340028,2024-10-21 06:00:00
323.316153657397,504.182604745692,515.440606196011,-82.23539593542,148.82551682436,-150.44913421329,154.619803654389,311.142650443426,244.209532391243,106.671914620602,447.017634407563,203.414090986188,233.560885718182,-70.4847826112065,393.934536786181,366.166393742052,-58.1455276440297,-443.487571858886,366.841001025116,333.110411629663,123.18175682933,564.678531505944,-206.747141494743,-294.990547560824,145.738084596172,-133.861329958367,332.466029840398,-185.017059094896,178.466925328507,-209.384443265522,65.1483314440885,361.09309248397,302.12026564517,457.983047928256,-121.523931461843,-256.080571927101,-274.488232554586,393.604928717885,202.384316343482,319.327846950756,204.928313228343,607.355170827523,-177.459186551327,181.009156013663,256.9690077398,241.750747841145,431.904444390931,330.927241543721,82.1682412680497,-395.910070953739,2024-10-21 07:00:00
330.788906823711,505.37237569162,517.446077841688,-69.6623906087542,161.679180965882,-145.549894477677,143.636879830954,307.555858162046,250.662020779872,102.811550661097,450.553490129555,193.540638964627,248.728290865884,-58.3618147648639,396.518059514457,364.885568913944,-49.7866939115767,-445.754647775382,375.337130925281,332.790932862304,121.851394099016,564.04126365644,-214.89343749675,-286.60789688793,154.476923348111,-122.226719219649,340.560627927834,-190.532681113792,186.47625286591,-214.292923739225,77.1425627298157,361.528131168959,298.549796527565,463.914489042278,-116.172457346165,-253.656491837142,-270.837376397525,390.439842579046,208.620780081876,321.552867543514,210.957176167865,606.060333482539,-176.884214585428,192.848400091191,256.363197385087,256.56727394683,432.534825629164,334.997311327229,77.2810237189412,-399.070323942548,2024-10-21 08:00:00
320.286305792798,497.168165579509,503.76978023627,-88.0221312888374,142.105661969755,-159.965922037838,116.694987591852,296.10702270026,232.390927479913,86.250166830021,438.982739814006,178.381159519417,238.856989897925,-84.558065510463,389.038088640108,353.761147121526,-77.3032205589255,-453.009231679524,365.09606453709,314.418467447784,86.9528213226473,554.887182920578,-218.185443351719,-300.708545075452,140.054019921926,-148.54751914442,331.919599379089,-210.335274067187,177.093276643191,-229.920764575941,48.3781705206423,349.041343047681,287.913541349947,458.237563505245,-125.996586037455,-266.414053257892,-281.293573591212,379.987713405625,197.50438538772,307.979353865455,196.310237015002,602.954555034303,-184.19505139005,180.280545257741,239.902686366525,240.336808337905,422.548715114998,323.636191192857,20.7517674318009,-408.314070961005,2024-10-21 09:00:00
312.979537172746,493.494897288356,499.481725239882,-101.440408757792,127.534597749186,-170.104761094194,93.0704185877666,291.310278621602,221.231827946874,65.0420626656452,426.547685515033,171.865149617933,229.221985538781,-94.1142490990757,380.367411606458,346.974015873279,-91.7330133923711,-460.907527741249,360.543328508251,304.899901458282,58.0277983012568,546.3005510166,-228.85194572548,-310.967594320872,126.038559367346,-154.180064858542,325.288860595955,-215.325935325412,170.653575462832,-247.658922787591,31.5743246891994,338.276201348181,279.104578436258,452.732509167676,-138.036536267351,-279.7668872113,-292.568287409941,374.051434773101,190.106427926562,299.137339521908,177.324088200159,597.141246719444,-187.71580861312,172.334442333548,231.148331885033,240.717726043619,415.390449594756,317.979496082247,-42.0465378717095,-403.608614939955,2024-10-21 10:00:00
316.253038135904,489.314205239057,498.690911415425,-119.017689518318,121.220116755307,-175.603971407744,91.2703297407852,283.527104120906,216.995638765216,42.0061106226448,425.876545538679,162.496084471442,226.805051146408,-103.201897761325,382.279808572706,336.84486706264,-100.546395903196,-465.74663488064,358.909149335019,296.732291993955,46.2663575704037,542.902442026562,-224.866372680842,-317.602247221206,127.420341241349,-147.506411789736,323.523238316274,-221.522666230772,176.482117733503,-253.560628388134,13.1274952336074,332.730752523069,274.416215452996,438.416153649967,-147.760600519951,-288.332965039246,-301.585630738613,370.072137878779,180.327110260589,290.447480725426,179.5348218148,595.587248788478,-184.671977136773,165.127021463766,223.15771334967,247.546515189921,406.866819473677,307.490408866987,-35.0043068120529,-400.839473269985,2024-10-21 11:00:00
318.341734159914,489.111498730648,497.911264199763,-116.498191757538,112.54587694987,-174.105206277718,87.9561041485526,280.094273999378,202.668095872872,33.6415163462333,428.97895739916,155.854562687077,229.844719901519,-106.226123703682,381.797794236472,342.910274222077,-88.4944553404291,-468.486570425479,354.098780019721,290.043530863405,37.7673127451463,536.16580887153,-227.975397516672,-321.633131441546,131.376448788173,-160.777989742824,312.203666208046,-222.972249664863,165.383120220115,-255.938295432381,-20.0071044536116,331.17685000387,272.237737670836,436.198411930709,-138.460465768583,-290.461557291743,-306.39660406526,373.699454598925,183.258341289015,278.546274838378,183.673575012434,592.007082833437,-194.319023888378,160.132217002758,219.570316577333,246.47424651788,401.188866515192,301.588966859337,-52.3473373088386,-400.559563169076,2024-10-21 12:00:00
315.173051081855,481.706335679957,496.89165019334,-106.154563386971,120.367616035257,-180.676547729827,89.1389697408411,273.141603697772,201.298142201933,47.3843775131436,429.149262329976,144.730280607676,218.583706232893,-98.9726400785849,371.806175543525,343.463246990649,-81.5896236367118,-471.472875654593,352.235561688494,287.553957261718,30.2611287854566,533.13923492813,-235.798378590118,-321.029571787987,134.661470800607,-169.903158823015,309.289878115521,-227.497796352925,172.966534714433,-262.812200080131,-0.650866523281455,336.349868254885,264.974238622434,428.777630643656,-133.149688688836,-289.164881680236,-309.363480080609,372.110551336237,175.194671315724,278.12660628807,189.782252441691,593.386674928683,-193.901600854482,148.748578044128,210.636168304079,245.817464438832,406.347718886772,301.274666399403,-41.6727757815365,-408.692587432694,2024-10-21 13:00:00
312.54332986954,481.659628376557,498.072910290737,-103.531659978632,114.081160634196,-175.358416438136,88.6032632560353,275.069463227257,198.065585512122,40.934434714682,430.731401085692,145.433890376379,215.070612616493,-98.4835992237907,383.081622888227,348.032208975273,-81.1918082485599,-477.310283188168,343.252248845859,285.249454696762,47.3946063047633,534.450137131275,-241.857769769548,-321.806595756732,139.111679117074,-169.522764216083,307.145572479425,-225.351121401669,181.904767069287,-265.143811025224,21.1041466254613,325.701946409263,262.301147161986,430.997752966234,-132.129934881434,-279.552653137604,-308.72254649997,365.752815262816,166.949951015171,275.5457924616,184.994557910982,596.467641288469,-189.802701322249,137.873248865665,207.737397584987,239.934626383762,402.703142073168,289.903091741466,-39.8878879075705,-410.737713925196,2024-10-21 14:00:00
305.343997074045,484.896056588601,492.412006598934,-109.770580086497,112.297121076232,-175.644479455001,90.7236602748079,272.387731635865,198.875792918912,37.0034675872442,432.364175869785,145.572907134959,216.778048175222,-114.230644881114,388.917449086632,342.835456074856,-88.94819836087,-473.629730046554,338.712900940304,284.962326724161,45.2003482265764,530.290637386133,-247.940815886356,-321.931771969263,140.824337058117,-159.323631172887,306.924870356332,-228.516010657628,176.123847196892,-256.111534952736,4.31078559899093,324.395021743783,269.632702515914,433.36938216483,-136.343200187104,-280.456111781454,-305.700888734137,365.695759307145,167.756715724987,282.34288159026,195.811038481907,595.864753804822,-197.906496994252,134.332093632288,212.249300087179,235.308646849396,399.205550189007,290.424297207052,-49.6377035719079,-413.945644390032,2024-10-21 15:00:00
302.220045962976,479.922145856328,494.156822245213,-108.131456893734,118.409209587976,-185.688416024931,98.8317765258827,280.330896001389,194.712538194254,21.0446468504618,428.639106534635,146.465571812711,207.01078276877,-118.412037622596,389.848077793271,342.283585239149,-89.6925988712995,-476.791518694689,342.21511562591,284.532367790445,58.0382129441217,533.526455770943,-252.236872304444,-324.807812825112,133.596651646773,-152.353673197786,305.405151439475,-228.893304336792,176.468373825669,-261.431703435549,18.4540574334855,320.782828882768,274.096173296507,430.718000661089,-140.093196902844,-288.051359623083,-313.24539450844,355.204434555374,157.175524221276,282.091224816927,190.62868977653,593.137930285518,-195.057695943617,142.307139197237,204.76918954431,235.438495974764,402.376186907573,296.771052865994,-55.0793577688716,-421.55589548144,2024-10-21 16:00:00
305.040152164269,477.738735853092,502.794966848204,-103.57476463126,125.673810586216,-179.543016871789,116.000525705218,286.684687771025,201.751856979892,40.8178284817514,436.027597843797,161.995373663493,206.037704445611,-124.316110643313,391.148112268666,344.143870087042,-79.8755133141384,-471.537934062498,340.194737763347,289.988406532227,70.0529970116647,536.508760644582,-249.572039593443,-324.245213114114,135.839844627749,-150.968576445708,300.483542025934,-226.262154364503,189.398819241091,-254.186195081482,42.82969979039,326.068347944662,277.8560949956,429.350324526266,-130.537169322808,-297.486424402793,-315.850450283476,359.556741778485,158.683548443279,283.515455545334,193.531270194053,594.777675819718,-181.575035694361,145.286619318798,203.69637791509,239.61869803567,405.879765095657,300.271005666019,-32.2031131695899,-423.906115651982,2024-10-21 17:00:00
316.620596103609,481.036427407837,501.482055486903,-82.2040876492823,144.845455586083,-168.738681665826,133.013850596649,301.915300148861,217.600818769664,78.7416166637932,446.476582667574,176.839610882835,210.886904237469,-117.139021393916,405.735479971798,352.459141403939,-67.4142520552729,-470.775724701807,351.673215662313,302.173032771573,102.837271698758,541.129449412648,-243.902589100019,-302.722554563632,141.469579940074,-143.678407557521,295.034524795346,-224.902156224062,208.753913373206,-244.866360843296,75.8038367262088,335.457371751349,286.503377966563,441.101756587642,-126.027458148143,-291.714084205556,-301.761282299359,359.332435052729,179.50296735196,299.892344040274,213.159519851149,595.940433137311,-171.82295253433,157.740786975057,220.851179713206,246.156163469384,418.243273760299,314.328659793011,4.39678159691446,-415.728267193168,2024-10-21 18:00:00
334.10766408255,487.303118672502,508.746261469727,-41.251972379082,171.187263138432,-155.980685181087,152.103482075036,316.151855547018,246.813782352711,118.482273077899,457.154295640723,192.701077474314,230.604961367817,-93.7563214647064,415.372174170177,370.04964704736,-14.5248168662673,-456.041090369048,363.29691392177,323.274022629897,129.991147588633,548.771899740196,-222.478302468494,-296.857064579498,169.938782052105,-128.922648561421,316.438089775194,-199.22511359951,229.91085487464,-222.640112229532,109.414811180673,348.587409678853,306.397821060709,461.087098887989,-105.825313116882,-275.210375487272,-283.801856086354,369.612294316705,198.619702827985,312.940551865928,226.521973268389,609.500094734982,-154.651968199975,176.860044679807,242.623340332369,254.260115525603,434.738381718908,329.923572463163,56.6061715493998,-402.410124283189,2024-10-21 19:00:00
348.809839574429,497.847168247118,524.863612029731,33.2105334877427,192.5799805572,-135.205144825842,169.04353234967,326.75585252237,258.437420140756,148.783949695243,464.268941223593,217.728221666126,241.90715037367,-64.1963666525774,427.535264003178,381.808191417342,11.7249922075041,-447.42516001148,374.265242418796,346.099590055065,152.819219760707,556.555490836815,-209.615770179762,-280.246962845955,191.768812559633,-116.847999758592,332.744367065049,-179.14674209314,241.746842619225,-215.055327616142,127.081756596047,367.013776357341,314.040164873238,469.76583402735,-82.5847122131849,-262.248252514442,-268.365087628967,379.34947573267,216.570136464562,331.339781678198,238.677585395319,619.202452042841,-143.335941495909,202.990665110549,251.625292513237,257.166520080206,443.318501270897,340.283704642729,97.2233768807365,-394.201729372492,2024-10-21 20:00:00
347.046503400228,499.823144202141,524.625842963157,34.2629384020332,187.553762132419,-123.645912402947,173.916122712737,333.071312024719,260.558661387995,150.473440067485,476.630101962907,212.90770329564,238.657866451364,-79.8297101481771,434.504681870751,382.030442109968,34.000972750169,-446.212413037062,374.541251977653,346.544205052705,149.308672353625,557.729827407117,-213.633432374956,-271.613617445745,190.799105054591,-119.406257043065,336.762755264371,-176.939718451102,243.671112695348,-205.069902980274,120.535098243741,375.717831562713,323.231133283366,470.115252426878,-90.4843415706106,-260.098840017154,-266.572440910977,385.419207625838,228.801615582218,334.158956194516,245.205576049577,621.588765627387,-134.664837826507,214.368786471674,254.009087712892,248.159316036418,443.652814272224,346.555026150302,106.133035558774,-400.995112765373,2024-10-21 21:00:00
337.647582677255,482.780234850868,515.152587488569,-20.0881911663724,174.286193003333,-151.903937545496,158.296978364055,329.060307499754,249.959553245437,127.201219376452,461.86600052871,208.154994652018,216.862848927219,-108.705952706872,424.911034671774,373.661492262094,-27.931696155319,-454.117494648059,366.19558536308,334.228610833878,118.497068839777,550.756218046796,-228.414295727133,-293.083344552862,168.656373518523,-139.868958642366,324.089754551747,-193.350308217928,223.476965816588,-225.775940449262,114.741771831574,366.430174676087,302.694477032274,459.069802379599,-117.394072671509,-273.715862016131,-283.617875871191,370.826699025962,213.23584195287,318.420239669689,234.640188803995,615.944469450562,-143.949194404911,198.93259215381,239.037696762996,231.989849058707,436.403553301997,337.71765269147,81.8358897585073,-415.638439105041,2024-10-21 22:00:00
334.898601669423,477.218247357266,513.429786160332,-26.2129951189591,170.038667556535,-156.353783778909,143.427554281498,323.652849889101,247.782892012023,114.463638346853,454.143154418233,213.46563103796,202.925001359794,-116.815876349574,427.177652001619,374.191049128397,-50.7242116549316,-456.620139619222,368.440045399222,328.884686003267,121.777284521711,549.67295992073,-235.10886474987,-300.288026092569,163.655245625562,-149.615058156807,319.290070812278,-205.161479593404,214.907179524068,-222.474867405731,112.63876313903,366.498744598033,292.354850036227,458.535922855258,-136.495426458287,-275.634452019971,-290.659331195101,379.695155910451,214.471520004441,309.727895206965,222.797464942403,615.446812857149,-167.457269216451,200.769357549995,232.843953384186,234.078485983474,432.211002058342,330.480537927668,64.0016887558997,-423.291189448148,2024-10-21 23:00:00
325.904576388048,474.228126058058,511.293455999675,-51.2145137904959,158.485731424435,-161.990733542026,146.577260070089,328.045846796473,241.954284429976,114.255377404674,458.663014410528,209.797214566498,203.121233309285,-137.411415478594,431.007542171691,373.023793672543,-46.4187024572094,-463.312600270299,365.773300563055,323.67645766806,121.571007637806,551.472234825217,-244.678355344703,-308.510864130929,167.642293178543,-154.501300358679,323.099271651405,-210.167764261391,210.216054646871,-213.746143864328,105.443611630964,362.007696077986,285.558635939153,453.284397235723,-134.25039273668,-280.557658525659,-293.838824852381,372.877924001465,206.264066292736,309.03530063041,206.092501372192,613.520242859742,-170.878273728352,192.436908982898,230.289347021402,243.981603405728,428.959407111321,335.936612892434,70.5522085056596,-422.009684015973,2024-10-22 00:00:00
322.287913642594,475.284924066424,514.387884830827,-56.7621346297707,159.043724546898,-175.894392197646,140.910924452654,331.652123363337,239.370682444608,111.636799167586,452.112259360791,204.633455314187,203.611053971377,-136.619734383201,435.724681742389,368.17256793957,-22.4741579948128,-471.757809827059,364.497348192757,320.046618682776,124.5472242338,559.249207617858,-246.895649318845,-316.524413284263,160.447573330031,-162.95166226042,320.109970004531,-211.092728826433,203.253842983336,-210.495853226933,105.705049293082,361.233958614575,280.785886495534,453.632437539733,-160.087090404242,-285.782889921673,-299.91269692338,368.546850356929,210.15131614825,301.448243660669,202.45451501699,618.932343980248,-174.724500007842,185.957167133345,229.326563905092,244.707452310007,423.889323374527,336.573031654793,63.2431149558279,-424.583182368129,2024-10-22 01:00:00
319.695977769155,472.279924311981,510.233878702754,-51.1177011344883,162.690883129469,-173.786895371892,133.971329351049,331.68264316748,232.078871347556,102.564383047408,453.281731168008,210.667956683124,196.608016294196,-146.08529560484,431.570128138558,367.795140364617,-11.2420606331902,-469.95411396134,360.466269534458,318.324614147174,124.566772621768,557.611987049076,-251.317494799883,-315.840813847094,163.152763707775,-176.393779178094,318.037210803342,-230.784499664268,209.437621436195,-220.991170571342,107.942808447184,356.732057216462,277.161263680639,454.78380830229,-164.019444414798,-286.146370317409,-304.501430292514,365.281107325847,207.434280539444,300.765503914374,202.935207899574,617.067253676752,-186.803720693747,182.51952805061,229.735538675793,228.873878674394,417.373574792185,333.630811418437,52.939167497604,-432.166886595534,2024-10-22 02:00:00
309.541311615542,475.110762535185,511.354802068949,-31.1328690338054,161.980817795858,-174.917688956855,138.294170350904,330.063204381202,224.759458333128,99.8121908297116,452.094930611539,200.921057247738,190.067335307195,-165.658710727683,428.4608504803,365.08877181728,11.9289744165734,-474.750088666547,368.262660187448,326.841530846612,115.608477497421,554.343910616519,-253.466089081422,-317.63810921701,156.946730053005,-177.397052403227,316.883526015614,-239.650004727316,205.346307588522,-222.484133938039,118.992559230111,356.921682134783,273.178395498686,456.636841738431,-160.409476002889,-288.288835856808,-306.588053826348,361.282169668763,211.550965415744,295.944289756829,206.936396994342,615.58318146453,-174.944358494755,185.107897343037,219.971248912378,232.290782350615,419.662377857015,337.271932240618,40.8618628221254,-433.391665726739,2024-10-22 03:00:00
312.08186502416,477.464023234183,514.533502064932,-36.5286080588357,154.763361062988,-180.416762875647,125.820530759584,327.08986091206,231.546597024427,105.274643772464,451.370612155689,213.568092622682,191.870260761788,-152.560146031125,428.869907805007,361.103549443404,1.09686950432304,-484.050521018071,368.852320236559,330.100816386753,100.215826694433,561.272995045784,-259.011418222846,-319.371916345373,153.255360818041,-178.826864896326,315.483144549903,-245.878540912342,200.564997001168,-217.228610692486,109.149626304802,357.387658375737,266.787203156598,449.50693592601,-161.412210449542,-279.7942447443,-306.307364478431,359.527522900644,210.435486658777,293.253149812844,215.748182603693,616.003048547074,-166.402406949286,181.211320815758,218.899661202135,236.778112616457,419.387496783158,330.509464418045,61.6475933065687,-440.452691842325,2024-10-22 04:00:00
316.156710342627,480.039639617705,525.665020521137,-64.8700674256199,160.924597755242,-188.866120994353,131.835102319387,329.360027874658,220.755802094656,116.555189801042,461.804073928095,221.590380396492,202.948944711022,-152.123418043468,434.116038815795,368.937278092065,-34.5831041135468,-485.315281653729,377.193991106604,324.482251454794,97.8386684048299,564.774164628463,-264.477758134985,-321.153810971254,146.763231590872,-172.314300681223,318.216212352117,-245.90619621376,199.866462426891,-206.255668615845,104.491513710084,360.018063609419,278.813497862975,448.443153007163,-162.399888477204,-272.729914648204,-311.598872262559,361.61444510805,213.760916384764,297.518831182965,217.066017070298,623.801040211567,-172.368011478701,179.522491138847,221.315552127023,236.422398299998,421.336039180644,324.32793177124,73.997354410922,-442.033989064326,2024-10-22 05:00:00
321.915326462367,477.641302076894,526.517559850665,-64.5253857389157,160.212301785096,-188.542337651012,143.683934883971,336.387414643222,217.368929569987,125.576702643909,464.275231803209,230.714793336298,221.168569072647,-142.273461108276,432.726444833429,370.50814334998,-42.9062537701405,-483.417041757933,385.395169504243,331.379931334032,118.993545247847,568.298620611988,-262.488072010052,-321.169812786241,145.547194977899,-169.586323673855,321.28768610099,-247.816764186113,207.371820094111,-193.153600164161,104.055394367177,368.079281805323,287.544978414442,444.388358734641,-157.118591163732,-268.093936035235,-303.223097365234,371.741397730299,216.756623803545,300.424731043891,220.459225373357,628.238387673608,-174.65376727157,184.510531983529,231.497335387996,243.72363565079,426.24675352679,332.431093300043,104.564035796453,-443.053970756786,2024-10-22 06:00:00
327.234719786397,492.026947789721,532.034450894675,-59.897095535732,166.517854929354,-169.524524185608,153.579527165586,342.660291564076,226.391489507159,136.91589521581,472.50160882749,241.759262637095,224.759021406143,-116.194212067219,435.979914425369,386.793488508414,15.2244271048036,-479.21829473361,384.581596461217,344.595836415632,131.37620604444,568.316687798879,-241.750441495446,-315.213684126204,169.744024734185,-146.509141148167,320.244621051548,-232.685671720531,213.33130605097,-181.222937864804,101.031785717923,370.130294386463,293.491714728253,451.374327438184,-143.171343377156,-259.402864531732,-290.248148315627,383.611635860104,227.780626094114,312.552812255817,224.952193688085,638.041459407471,-168.813202006013,186.940223962031,246.89562505244,252.291596129528,434.235258628797,344.628223719646,118.858638125449,-440.281188323246,2024-10-22 07:00:00
333.910281393887,494.052657263946,531.524916724083,-56.8665946536518,180.364147225242,-160.675560509763,153.396244009147,340.719342027329,233.186607092293,134.356895650519,476.493954306942,247.725585307775,227.130547237961,-104.153998308682,438.171009372623,385.486451073617,16.612789081223,-477.882288953042,384.897759681451,349.78797664169,135.082290121443,566.489733894014,-254.006668452687,-320.296917371848,174.813264990962,-139.130748842305,323.220417666894,-234.050506482068,212.9539248283,-178.775180782925,106.205648716148,372.031361071088,295.83508945443,453.27860341883,-150.664426306166,-265.403520573328,-289.356554040208,386.475721380001,227.327901380146,309.173691856189,229.864495567256,633.570212149521,-169.003507504851,194.21081919681,244.49059667145,257.578191404395,436.79595863198,343.158187487187,117.561904152776,-437.286441294537,2024-10-22 08:00:00
324.747614051508,478.477888240003,519.904830783635,-89.4736882796505,167.694679037708,-182.71964652392,132.106459849143,332.61309098826,219.11939653265,102.027871374143,464.210886061758,237.348174126942,224.11537762882,-119.922665699995,428.754068911222,373.018779279295,-22.5069004453786,-483.450603022731,380.072525658922,336.850690252132,116.253052140982,557.013380087256,-263.54492920957,-326.072974869911,160.016569863443,-159.518133042084,315.238151960312,-247.95197403248,203.783987877592,-182.212162156303,78.4122241649521,362.361782465061,289.867714208104,448.510464419754,-162.29085462001,-272.754409182889,-299.335397478539,378.437637439606,222.01196201219,300.65145123136,227.469500518815,630.430189258808,-179.57465481555,181.555033791758,228.707014655435,237.443216882893,432.14734297418,333.292938178893,100.625901371968,-444.623625448076,2024-10-22 09:00:00
315.220504017542,473.580404090494,520.574993007141,-112.572175489114,146.789317216357,-190.603382393438,114.5789984657,325.254471240374,201.28965646771,82.3222600459158,450.510979622852,234.542554211119,222.884644178155,-130.720284083059,418.013246450768,363.155982488549,-39.9509857888619,-497.897193792102,374.993853316061,321.604891551424,94.514449731887,549.005681240817,-270.52048345788,-335.642629131321,134.721340615509,-173.385353729279,306.646262220001,-261.131880272809,196.0343366736,-201.760957677908,74.0139666530647,350.124851651807,275.444101194242,442.659921567934,-154.158380139373,-280.425813609573,-317.74180174333,370.976812951867,205.187543672575,282.057828358628,210.636162837143,623.968969363986,-187.40450576782,178.336310314859,216.186980169376,230.975868525395,423.210035386573,329.054407321683,81.506172628834,-449.499667481212,2024-10-22 10:00:00
310.004642203111,464.202003437081,516.25741049904,-115.890526258312,135.261130533616,-200.910459849159,105.450431863188,325.214817140876,204.768963404105,49.2540747612641,449.047291158493,226.90064395968,209.640555492921,-139.561248305197,416.218841313037,358.44483817451,-63.857907270703,-500.039809707621,367.761693262559,308.899536549933,82.1192967526993,547.007588049487,-276.033802559563,-343.945083546217,124.778487433557,-173.987674278126,302.239591473876,-263.448400551221,194.769750374942,-206.726933162763,77.7018397386871,346.558911258434,273.097141135807,433.797693111173,-156.771369581122,-286.049468200771,-323.259668567158,366.29881439817,202.643714288908,272.627763138502,218.058973945895,622.526054456287,-184.328421073321,170.969772561441,200.104512834264,232.136079178603,424.508880541875,320.160282333838,74.383638067821,-448.997633559297,2024-10-22 11:00:00
307.212173738862,461.466719671804,513.957142048868,-125.66063319875,120.163291597537,-205.721692680276,100.98835344276,315.921628935714,203.210192950515,32.5071489635753,450.998812211274,225.505148809963,203.746267399612,-135.823286873795,418.992819635618,362.790246043338,-55.634837480775,-503.097778312303,364.416131867069,307.926340204843,81.2746903255338,543.213267153535,-280.720476728742,-338.566036711213,115.285035790585,-183.067209793717,294.906209918295,-264.184797044679,192.887488055148,-213.69840819421,69.2033301723506,340.128150330071,267.747069548009,431.620915064335,-160.193178314777,-283.62595438294,-329.70059440123,373.115805276129,195.923798270842,272.686603063028,222.480126308184,623.095621787666,-187.951728705182,167.328939557334,201.094108562576,232.063053419176,422.857925679272,309.549645156025,56.0074055686971,-449.517591499169,2024-10-22 12:00:00
308.209940104617,456.540523385379,516.845130977499,-127.993893005875,126.461044551971,-207.871157767118,90.8681455280782,310.178236709917,207.190183933683,35.6458593004995,447.608639821132,217.083734118938,202.305658868344,-131.088029118723,416.258456345451,363.967004382522,-57.0593530590933,-496.052201985385,365.62744948071,303.051787411194,90.9090111258399,550.045829338901,-286.578688003631,-339.885923057293,110.759579959266,-192.226991997279,289.742382851136,-265.34417952493,197.799922202749,-214.225697179439,66.9358415699394,344.580295154766,259.87928101172,431.10379172799,-153.596310086616,-289.750254507888,-335.314031263137,373.842178925658,195.845252100173,269.774207805871,220.999986188387,623.889629541173,-190.91537802718,167.552249677155,197.499491917755,234.616593274889,421.914404744744,312.272660679417,45.3514442722539,-457.226273114612,2024-10-22 13:00:00
303.486905984181,459.250638462072,514.450896304366,-125.713435951204,127.727514548747,-210.087081672669,88.9317264054893,311.783559805234,204.141858450223,22.3597311457979,447.521212735113,210.015004482734,198.39228131411,-132.573013916113,420.433577788484,362.90411561164,-59.7315808978234,-493.951051438057,361.886489264556,307.233511145458,102.860525509107,551.33955509608,-290.16074460189,-339.922542755964,117.306345277417,-199.63008058313,285.028488773444,-266.325173807741,198.042974498814,-224.426133671663,79.873866058695,338.903396369678,259.598191305884,424.293599295893,-151.480480593542,-295.134813101901,-328.595034369564,371.947331839137,184.917501771741,266.991691881746,217.178035323374,620.780841360167,-191.303834220256,151.827725338939,193.021379113395,226.348160271195,416.964537194812,301.163639709937,40.9746400206303,-459.403399437699,2024-10-22 14:00:00
299.530428466085,463.23199083874,518.466474473902,-126.367721697161,124.60583733426,-215.62971716347,82.965279434945,304.554935463552,213.269366778693,17.5631171260393,446.299033873817,209.394618638482,184.405100984246,-145.775442119926,419.48990282311,355.68686246807,-74.1689557719015,-488.278259087599,358.143708771092,307.237336360723,102.835885223513,547.291960165106,-294.955537380445,-341.350608383606,127.678663837119,-189.96235725367,281.167582662001,-270.108001160187,189.279515469932,-218.655039466515,80.859024746119,334.305757294723,266.129191387961,424.292419468072,-156.405095595698,-294.800335140887,-319.735994117005,372.948407829132,183.376790801012,274.512456040515,212.475712089813,621.476577989236,-200.537448415601,130.921296924375,194.631371496426,217.583988728845,408.594501733716,305.929409465988,43.3200260757335,-462.822144754284,2024-10-22 15:00:00
300.989237681565,460.579409516568,517.530224366819,-128.58508719011,124.501040128329,-218.611409781639,83.7012475441325,319.226709414562,221.802775867999,-35.2972639544404,443.947753492115,215.090936087084,179.504541245268,-144.85727385569,418.312181600473,356.637858261928,-61.7406187409808,-491.619102406474,354.687254071629,302.569870296763,115.387164118314,549.192307147256,-301.837465818616,-342.672931653543,119.431372795267,-165.533601503293,281.294436938739,-275.297915060443,189.424787576815,-215.814874602678,97.1961258503615,332.281651280715,275.18808834791,424.547491167304,-163.88306962291,-300.546387423735,-321.033482517369,365.485017191314,188.16612924487,271.14579762638,212.277254090568,621.95327003561,-201.531488950905,139.377675437358,191.17869762242,213.350138900805,400.271619227866,301.327937616352,35.3213513723439,-461.62320131063,2024-10-22 16:00:00
302.916627496051,464.924048964611,528.634058575844,-131.643246309207,135.882696616679,-210.791608713172,105.62784802863,321.924936672843,231.404446500233,-10.2260929037782,447.728281875221,221.055485424801,192.474664951884,-147.752689170304,421.937923649721,355.276929688503,-42.6171512191928,-491.39469022242,362.919105121555,308.761587289658,121.287046209897,549.966170324334,-294.100691381552,-344.029116441085,126.1514862102,-160.529999752103,284.218335489857,-276.968968261815,196.431454880262,-209.55798006344,107.028928051453,340.745955346274,285.723852222592,428.362250181739,-166.075520822079,-306.707191507744,-318.540421397764,376.175658789987,189.048089463101,275.177417828629,216.452000255143,628.264548685013,-192.725538361743,151.222091935248,194.036606981078,222.743478932507,404.046197684378,308.621681222706,21.1269417481582,-460.901057922967,2024-10-22 17:00:00
310.525104773734,476.389491795734,532.339023845129,-119.48833700903,149.56919118707,-194.395274740805,114.005182510957,332.159711100716,237.00797512783,62.2273774636502,456.668553113237,227.755357496922,200.313954721528,-134.847277124788,433.647127573307,359.983750256473,11.1232320699774,-484.458386409103,363.776184233618,314.892484350718,129.030916413855,559.167528749173,-283.92922258799,-330.313539743337,127.089241423165,-151.123181667562,294.186660556427,-278.767689612458,206.465731770559,-185.033548451926,121.368850729093,346.551897173668,304.051583968565,437.066533031924,-153.461469230245,-298.336107192361,-311.391272564635,382.429245713969,206.971285571628,295.010516699565,240.61918688585,632.931534417186,-190.684668034453,158.360674212587,207.149517931503,242.158976589522,412.534137976516,319.087778536905,21.9929493688681,-460.367136470949,2024-10-22 18:00:00
325.019729115066,484.277269170714,547.013202264422,-100.698379295854,169.539731912589,-181.619570914117,137.233773221116,337.850289512381,257.075240542606,105.306002681065,462.204775986575,240.930703264654,223.179641874569,-103.264089083391,446.461215322633,380.063924876158,72.7779655861048,-473.798100719618,370.916905901729,333.107360317236,148.425633591535,570.525600461246,-268.391111245371,-312.812960724312,143.204676757614,-132.475386764599,310.572599665188,-260.091016681596,235.828748166252,-153.817098776618,142.313544201497,364.859953844478,308.421117803309,452.563444722288,-130.559636421908,-287.248178256866,-300.406140757802,384.302983411919,222.476163974757,300.737920420655,265.915479529124,647.06887965105,-163.490352367665,171.092928424105,235.920842095126,259.307982905066,422.38705088692,329.817157925008,77.0458785465684,-448.31198448834,2024-10-22 19:00:00
345.449982507877,491.847324505215,553.996144650243,-67.3569292938168,190.200237104878,-176.74911111798,156.618002535846,356.585978724091,272.990518449455,145.392078153712,471.198144893808,255.48483280389,232.282816297631,-83.9516813787995,459.535773152597,392.687919105788,75.172170314224,-467.977748908901,385.247525713694,346.04303799511,160.537364297539,575.28346186962,-252.103573674167,-296.914075993335,170.374569750034,-114.173848855467,323.648971971374,-242.439413595591,252.320678812296,-133.821085532497,163.545045546473,378.207650957301,325.113663467963,464.363433217582,-111.841839906602,-274.937805162346,-289.255817655096,395.251458397043,242.614577124971,321.840705209411,269.539890784284,651.059558710919,-136.215792090016,188.554604294365,247.467207114966,266.402226101004,432.150247935551,347.07878645113,105.850449857105,-437.160512812048,2024-10-22 20:00:00
349.20152623382,497.837665181827,557.852843297325,-83.1419501256815,188.671104328151,-177.642223467166,158.777402784882,362.670749056917,266.518037724386,145.134765140813,472.338995214646,258.262690979054,232.243614225935,-77.0465455163472,456.525953675715,401.862348987943,88.1249769795857,-462.332391266311,393.273849456579,351.030235870954,168.856434609147,578.037345701692,-253.283471207236,-296.901317329048,168.202778625645,-111.215092892619,326.378680217371,-243.357233036788,246.154749502219,-121.488656967437,175.995393925165,381.56045062254,334.622596999005,462.234853545839,-119.578045531862,-272.523251184315,-286.019930086469,402.299446622358,249.436679725528,327.391668865762,278.295008416055,657.051778095088,-132.076763446828,194.722944480197,248.900815761029,260.944453427507,440.390246905826,358.540238924565,115.565146948189,-434.28462627273,2024-10-22 21:00:00
341.477066221092,487.304053036988,549.504454539877,-113.227136502238,171.00559314859,-201.066040351239,143.1057598917,354.402455270772,254.490220078154,120.266247621159,459.41111590791,245.612221400986,221.671937744125,-109.964727984041,449.930476983728,394.792760476005,48.8351415227607,-470.315774622056,385.890182658705,340.522954660515,150.632914362473,568.763786256359,-268.152934744336,-316.509947970346,141.829720839442,-136.296866817598,313.304818049761,-255.347283676069,226.278798980727,-144.23208067937,160.070403698318,367.897531420969,315.656907253814,444.751619993064,-144.568227417859,-288.263163647636,-305.38495250491,390.470657295788,234.394897033884,310.831723450853,267.289751217551,649.471301709667,-149.771625134242,174.878505150809,235.491477630374,247.948150034693,434.978553490137,353.324890692748,74.1298590103479,-445.690246716487,2024-10-22 22:00:00
337.253871034307,485.14946535611,543.49935910169,-125.596080977123,165.845439277196,-212.010322430602,129.540684582472,351.657730608568,255.835937423463,125.28842477714,456.96680805144,242.878367688583,214.246074492787,-108.039253918073,449.443614274925,394.963741617078,16.401532223769,-472.596258602239,387.627889333141,338.143345860654,142.638567979871,566.436898153041,-271.813053298356,-317.514287931391,116.558007062333,-157.921969806006,306.959070619393,-264.822300884234,214.052048358661,-140.067382947173,147.430991470073,370.602389559467,311.780427774383,446.947222645965,-156.651578078946,-290.088700085965,-309.445525892731,397.015739261726,221.102764735916,304.284918393696,260.717042748128,644.908661825714,-163.290971993227,170.650487077839,238.706511198108,252.254544457389,432.467481963049,349.806951418571,70.6756183044931,-455.098059228895,2024-10-22 23:00:00
334.412694725855,487.615913597682,539.075394052632,-142.126038164321,148.405371173063,-210.95380187855,131.174316894186,350.889476239636,251.99119561295,125.601477785595,460.011712270554,242.063518293075,211.861846811279,-119.002467528621,451.534721982678,387.851100075784,-14.4527250393799,-477.883937895418,383.634562439202,342.68798882481,145.080613053644,568.43385799737,-278.283201639954,-321.903578484145,113.989843069542,-153.547228156567,304.171196195455,-272.808841529566,209.06579348277,-138.011670062722,150.805011237002,362.690319785363,307.562771952472,444.017118628579,-151.803167786624,-290.218028939099,-303.36021678633,393.601508234156,227.594586247808,299.486753297051,245.441393495349,647.499192857076,-174.175564398208,158.162364025534,236.552127829677,251.86541053762,433.403054813094,356.715122941731,62.6648514033532,-456.74364529349,2024-10-23 00:00:00
329.22601272108,488.252241792311,540.07900248424,-144.428571138686,147.356489976956,-207.358142708268,121.818596057063,345.270013453716,249.14975798693,127.046001719042,454.38213588011,230.617795782286,209.500444993949,-135.860153496951,446.123643270906,391.340673509303,-22.5384518977552,-482.518277363183,381.408935845629,339.330703790625,144.195356090718,572.444942578748,-284.691505934044,-325.781908473126,111.868991265721,-155.343063649118,306.768699777443,-277.537147721869,210.678616061506,-133.898759390701,146.581300838214,365.362958247099,308.299301525251,446.271452118131,-159.800168973073,-293.54661796081,-304.931962227311,390.017809130978,234.886452984289,293.515088353905,244.725050026522,650.559183709097,-174.991658060927,147.46941122942,248.666236031064,253.062048969113,434.768879682609,357.29711312642,28.4338420291384,-455.699051083717,2024-10-23 01:00:00
330.922118572746,491.029177445164,541.722261298431,-133.071677720016,158.040398214323,-203.04000946985,114.424064659578,339.708415634262,252.363735118866,121.364120484799,450.020669557828,231.661400075182,202.539546946359,-140.326745618699,450.55635868212,388.441883641597,-37.4707279784731,-484.505962083054,388.252458030925,340.06250330451,147.759187942839,574.620408921642,-286.997967852886,-326.093609404183,125.507286527097,-163.228126310037,306.442590474148,-298.089734253498,198.076111467691,-132.364088157793,141.453746612997,364.172968854179,308.601480928253,443.210151763574,-161.080847249039,-294.407146190777,-308.222792735312,384.443359072962,235.938098355759,291.697822326604,249.777225853286,646.714832670406,-189.711361010742,142.144609947227,244.074908277473,247.355636531582,435.466397258428,353.024053302815,33.9823326910351,-458.313034911739,2024-10-23 02:00:00
325.900811646441,493.660243267898,541.323368806203,-116.171614648812,158.061935050587,-204.828611631879,108.831229936711,335.632361296588,244.857137934951,113.304956619404,458.268541138822,225.509870963762,195.876294315321,-155.590333819058,449.110369334684,389.78743776984,-50.1718930531616,-490.22992672004,396.761381557121,346.993783573815,148.89061480828,571.663635762525,-278.839753959426,-329.972971630405,132.892692590253,-168.924640155089,301.38926589195,-298.880456306579,193.254643961571,-151.171814411783,132.143822020052,363.728904658282,302.452370602269,443.855181641252,-158.625738722324,-292.898024858283,-311.492965055602,383.818336914459,244.613673301643,286.881501012984,253.63622487995,650.6416217139,-191.93847186914,143.20120246913,240.081452250873,237.779528834196,434.886430207297,351.042195476946,39.0099787095679,-458.287979219532,2024-10-23 03:00:00
321.676907929468,495.801634399375,544.464068155473,-123.819256034127,156.483258580576,-203.722474784707,108.594942635931,337.322368342485,250.908742624923,115.7318788373,450.658021863125,227.413975626832,195.107488805828,-153.994543265484,446.495805049716,395.475546539763,-74.8342650096101,-499.459318794448,401.196590828903,338.288914637177,134.475582751717,577.352152834461,-280.120619211439,-329.482027309721,125.954265511843,-170.306524224335,296.071864409833,-302.483698088215,194.447454233145,-156.198667230933,130.594945567152,364.310964808417,302.576959457844,438.678670099427,-163.413219671054,-289.477965101793,-310.878908221474,388.0566237633,243.082288125415,283.34421722169,257.174607720106,649.529265043746,-193.311973247848,138.573119755825,235.103438541722,240.116927645022,436.723480507626,347.167589795883,42.4187599687781,-462.142128537032,2024-10-23 04:00:00
325.908960452082,498.624431898223,553.270310016522,-135.113085163439,156.608664778057,-198.504355908219,123.357394193316,339.534859634102,256.298601758138,120.211805125836,450.913607443806,228.993156291195,192.694835786904,-148.752431134505,451.734415074822,396.645915793341,-64.3274673839384,-493.359139730182,405.264198759071,330.225410097033,131.858978909258,578.147458331557,-285.342340208187,-327.086976899109,122.333383104288,-166.656968057182,298.916241828083,-301.597142017762,190.988528795213,-149.78618532977,122.138605372803,367.841006083502,303.414222812812,445.467697799987,-151.348354888585,-277.50398823965,-314.942832660384,387.940241428893,234.944073197891,281.34731109406,263.277752643716,644.56253187559,-197.352854992411,149.327076500466,239.314339555144,238.916749732348,430.912709327735,350.055611541575,45.3823023976541,-466.77701630858,2024-10-23 05:00:00
339.425202773771,502.617254441416,550.103249854709,-137.98970266272,160.80026290935,-197.572758719652,128.340873661893,341.903187361329,249.050491755154,130.418665880759,451.612214152352,225.735505935703,208.811840189438,-133.730037518209,448.899373316399,395.777523503125,-55.0352758104722,-488.693547386073,400.689336694304,331.6043664573,147.48630159099,573.528775345133,-280.170118687817,-332.271717533399,123.021199722374,-164.909327940199,300.377779906166,-288.872117938867,192.589243172564,-135.307417172887,127.927166515279,370.864801616694,309.503396226114,441.151951707948,-147.031055052601,-272.601285677389,-311.276458858232,386.944560264247,235.751248448062,286.214122864099,267.094377965121,650.837978918682,-197.847187603768,156.086817894726,240.818270404914,242.46788187873,440.168869331712,353.475273617033,59.8623469992072,-462.148482132624,2024-10-23 06:00:00
347.574178113548,508.894010318273,557.119289202401,-123.803083148818,168.587280471521,-177.575988318882,124.95924099538,346.248233600776,248.764767092605,142.995076290163,458.422317698034,237.778173820772,209.929650142386,-118.701940018449,456.033018118331,410.942676865351,-42.2633197772015,-486.289020051409,397.829895256822,340.550718611088,157.534504181744,576.270429838583,-270.867630875014,-332.488769612008,139.818152949586,-152.82359797971,300.486720559816,-275.863224758349,207.798411007064,-133.483276789684,135.339161080615,374.089294439373,324.949957079579,441.634491715584,-129.957742719332,-275.801548676838,-307.175458521543,396.572810189902,240.200758611292,298.630823027669,278.52628787973,658.389522246996,-197.047461489308,165.125578043709,247.368256397812,239.543074333064,450.289387788426,358.939357739677,70.6255529046427,-457.195561870232,2024-10-23 07:00:00
355.304061513747,507.117140580735,558.679522140355,-133.082673202722,165.765827928309,-167.592257363712,115.86787169705,351.450313251816,256.674067556638,136.044000809246,458.314988722305,247.778170342888,213.010229707461,-110.431441154964,458.046601834781,410.357696844417,-13.9599437673825,-484.766617420755,408.2092386351,343.902929688951,166.434739100726,574.386440263299,-282.15519240453,-331.56416185365,132.205208822318,-150.46337987538,302.168589505769,-267.727078065908,205.799629823092,-126.42019751998,138.493584965436,377.108797758319,327.013605094847,446.189689825251,-131.108370028107,-278.463996666513,-299.805060185357,403.391488554059,237.89462333094,304.167428507354,277.93434406479,656.395376682204,-191.719719467616,155.030732996561,245.743114608261,239.491553905538,449.612821338384,367.256929733061,69.6096320043117,-456.491639188611,2024-10-23 08:00:00
347.425192624406,498.458676829631,544.95961680753,-150.751601312639,149.712976144935,-186.913164463026,88.5777740703763,337.618524473811,240.929996369502,124.40352992672,443.183847119962,245.34968835134,209.724757064867,-135.67434159085,447.389367283931,401.578638320853,-56.8512471752474,-492.28869139418,400.59028056784,330.29119384759,163.193851767349,566.5834436886,-295.71622456583,-344.759767140455,117.262212416202,-164.034211951162,287.314693619292,-277.526043476851,190.996516171831,-136.444244372023,113.334768749619,362.530633217338,318.496504023309,438.720655192605,-134.915343807946,-286.511239653087,-314.901178801493,394.880624797012,234.144638903507,293.826549757687,261.415145061418,650.490511510993,-203.195177600717,141.17830433937,228.442533098044,221.606890487437,446.377984378095,361.40045294913,34.1423424011655,-466.071599289031,2024-10-23 09:00:00
337.694050063286,493.799731760952,540.220482413933,-166.67202222374,135.490529675274,-196.595301319742,76.0866095671216,331.150921207476,240.678693042489,104.207835183239,431.64172029136,231.808368747723,199.972294657278,-161.171951067277,442.067367914664,396.619731565867,-73.6849092699148,-503.339848958844,391.381783824597,322.463944166953,155.679306607601,560.441328082333,-298.010881081866,-346.373399533449,106.751745498223,-172.739728535948,286.443615738487,-284.170623447381,175.668495239688,-147.34291624448,101.44245254714,356.671148911451,305.581174621044,426.853304703072,-148.134537229145,-294.395203550815,-328.059991348279,384.121767743794,227.890343255285,281.270325677186,246.03074946654,646.176295032243,-218.440219858944,130.528007214837,217.330509713845,222.229294479234,439.205912973514,357.062215443702,15.9665943925774,-471.31112588645,2024-10-23 10:00:00
333.484914575324,489.82405850423,538.700622440454,-178.744390808589,134.871576762611,-198.933245368608,65.0549556579768,324.749992646364,240.992180781038,89.7070900861966,427.327447166701,225.629190109044,188.294779276111,-177.55267225886,438.549778728926,390.866320905712,-73.8151598395615,-509.192250020587,388.061154098396,317.668209294386,140.759268864547,554.804019352042,-296.852307096516,-354.280057836578,92.4884884563732,-175.921171432568,281.779054071143,-291.187580127409,160.694462489614,-148.521293909427,98.1947764936301,363.391713376863,305.988024904389,422.799030321639,-151.950297320345,-302.799236378438,-334.852529298702,381.002536759701,221.34600928547,273.778472396622,246.051390754228,645.639303213563,-224.224896160549,124.372299790928,210.466781322723,216.115794425115,440.486846733884,350.134156988337,-30.627091489314,-477.747246208322,2024-10-23 11:00:00
329.657243773213,490.496534155307,537.283949479263,-194.569930060298,134.078161159291,-201.33979699437,73.9090267579466,322.605613962075,235.38292224001,61.3070432957186,426.131506008514,211.667236390688,188.176377788619,-182.856849880417,440.253200780787,389.269273519199,-77.0379508831849,-510.316367052469,381.194878334532,317.004100533621,138.330970914511,549.388262944452,-300.897449878244,-358.315448984286,79.6867734169243,-187.744334733928,275.504390672858,-291.093002935224,140.704656976976,-162.165640907171,99.4406308306557,354.874935596109,299.243421526552,421.455975669996,-157.601865930268,-305.157287388273,-337.937888766192,388.013955940003,215.870797211628,263.5623692854,245.39575969933,642.318339788985,-224.600654789806,122.464020439074,209.595932217042,210.003921809072,436.667586000512,344.051641333908,-31.5950233425228,-478.51389895163,2024-10-23 12:00:00
328.048995578902,489.660059023168,543.71578569774,-196.964261026266,127.201532549911,-207.313348689762,75.6662879181106,325.935944335823,225.505689289084,51.4623416327446,427.001509334137,202.915677021566,184.745658595923,-174.616034244144,436.773994878869,393.726145806317,-87.0126652722151,-510.07807732554,379.642693748902,311.17954227134,144.203340128738,551.777746714755,-300.357149831249,-360.895493074256,78.4963543676599,-186.070936072853,266.744420080317,-294.195414475054,135.744431844932,-159.646093196245,108.27682273749,358.243787765015,297.749834405366,425.050872658303,-153.955740267246,-308.558028940624,-338.832827046479,384.015064818386,223.056525890461,256.343522757369,239.660546359857,645.747189287492,-229.643672353853,113.629103607311,206.5699180734,208.639526300157,439.626149352603,348.584073968542,-21.6854680266871,-480.772245359328,2024-10-23 13:00:00
329.732105000675,490.035118542594,540.606268483219,-204.435373384016,129.863069461284,-210.190513220577,59.8451092889152,323.424702334691,221.756890792442,73.5252188044954,430.769373497857,207.430666216965,182.251709301407,-177.726651601013,434.323668160702,392.325741914846,-90.8108866697843,-510.420731885771,373.862213309912,307.360627433144,160.775415686009,550.964123430553,-307.691658908481,-366.813546437558,68.5090699851725,-190.499023411625,270.258901641259,-298.391832487312,149.844474116773,-162.187080043508,91.7976374154993,350.055237360663,296.005743658935,424.708370367293,-152.912545244535,-313.465465652888,-336.121917734896,388.155842762203,217.281375245786,255.406819455603,223.364995618866,648.86502951103,-230.737761320587,106.198124568625,206.020292581769,209.035867975509,434.616142549185,340.200546312191,-44.2444082994381,-481.639926716764,2024-10-23 14:00:00
322.6189024526,489.705476348886,534.812765577787,-209.389083759414,135.57454997422,-211.426402807386,62.9800780451326,322.624053290275,217.060545251433,72.7558997118527,430.503730218947,211.593504813358,173.576183682712,-192.134056325026,435.696088905716,391.64115785115,-105.136958675273,-507.066670645537,374.145757537608,305.458145611678,154.031911248937,546.87906475543,-309.544403626625,-362.987771459004,66.3367041566421,-186.930866941453,268.170465735523,-301.143619728119,141.886806325191,-161.169815165963,85.9047250951498,347.091211839881,301.88226943333,422.875834131955,-160.402961790816,-305.578263460993,-338.613764986129,392.196893404125,221.933819730016,249.46576134299,221.471691419835,651.657391848002,-227.19195174549,97.1199031811854,208.093211011359,196.717405502387,431.229729130107,337.468819999951,-52.214841736118,-484.458516100809,2024-10-23 15:00:00
324.036216031515,489.801670311607,540.320280603106,-212.656683426816,135.389833736561,-213.403970752748,59.6066077569106,319.295622711387,234.254238366237,71.3262503809007,433.185709315634,211.101042340901,164.867572074227,-194.80627248346,434.811998373526,396.008768461628,-97.2402528511315,-508.507471861689,373.777259960584,302.283337230629,162.201301954406,549.189013165914,-320.942603128362,-362.968020487405,59.463495681845,-176.68050831379,257.117231704559,-301.635010130481,142.266028149003,-165.912707311144,100.799975772907,348.715140706899,303.627315720068,423.11867123049,-160.589852928326,-304.177248288563,-344.399039104175,388.651674608876,222.003646888195,238.836237368696,222.537793009119,654.744802728823,-226.315082833498,96.6956951340625,215.942038273126,202.201098758144,433.248477473173,338.164821381589,-54.6268191561275,-485.166459441787,2024-10-23 16:00:00
330.024516983356,496.005957858725,544.839950615166,-211.957506125872,145.229339626112,-207.51846883144,76.6031768128218,324.727822518321,234.335636535769,86.9847215503118,436.018866604014,212.705015056698,175.152833349077,-198.650677396259,441.780072566996,388.765688105699,-80.9185126670997,-507.217441426914,372.235172127221,304.697846043966,175.754469553918,551.226699143054,-315.635013307715,-359.499393646321,60.0635154421372,-166.411838788692,256.569855305558,-302.031717407419,153.265955815448,-157.111513292637,102.866218026934,348.308920521438,310.714781203278,425.324626317506,-146.874473959583,-308.523704241646,-343.400364704926,393.098270794151,230.977286982835,250.836814854929,226.314883743728,661.420644479792,-219.475991284273,111.415803810963,208.649406750887,202.925690792623,431.557552308772,344.463363499109,-68.4148561572689,-483.170246975837,2024-10-23 17:00:00
334.468140047671,505.35152144102,549.554785323568,-197.990614774608,150.755327014004,-193.636786945034,88.670557582401,335.175249731594,245.202714461219,96.0310153358732,438.180375318915,220.74227024288,168.741141664914,-187.186379278523,458.544289843972,387.435688498431,-59.8701130707739,-499.850845735885,377.874520906443,312.372371178177,194.366460437036,557.182494074223,-298.799949464649,-351.618254096682,81.4374728378108,-151.738167318084,268.496632676414,-298.758948625236,174.420450403403,-140.079905514346,112.890890674746,347.568720378095,318.536393491072,434.478044525785,-136.654542475397,-295.710493908384,-331.439069166201,401.490124391922,253.478441890327,269.711621297645,239.004957475276,662.751767960986,-213.918385249081,120.333560473541,207.942845180896,217.792110912119,441.199721605339,357.235777158559,-69.2099312665679,-478.408280821873,2024-10-23 18:00:00
351.380915077771,519.752194177267,567.109672701284,-182.172386686802,171.192706411859,-184.068944916777,114.310865220871,346.773385059013,271.749912823991,133.710039631734,442.583073117022,232.697539879621,195.452387543788,-163.946264301103,469.171402021849,400.373813732018,5.70703246521516,-497.921338056049,385.050582063834,328.584176651657,224.54066904522,566.435242536428,-290.03358871261,-340.185933221391,113.09975839704,-137.25584105624,290.399429243159,-276.384329082185,202.756193197632,-107.156651424253,128.423805265895,361.69578560471,330.01739406888,450.989743139224,-121.041740209922,-285.146679167526,-320.477950158518,406.900827829598,265.950520833796,274.358386080627,253.546846263637,676.687056475274,-195.750428580083,149.749675743654,228.46979710517,236.157343804971,453.262847744077,374.533222080186,-22.4522207765826,-464.846169682778,2024-10-23 19:00:00
377.239881979018,528.91189503195,577.045927725897,-170.021994284706,172.768065850777,-176.904162098794,132.89042833222,364.393277730957,284.90561849929,156.083030381724,454.974934657832,250.11422060904,210.970866894266,-140.364599299926,482.8856150601,416.440459991645,-11.6258002013809,-490.639441788804,400.004507007059,345.653745362694,239.934238657933,574.795763588545,-280.686640020243,-325.415776987577,140.289371174738,-122.463228497662,307.995396010438,-264.023077561565,212.063400227904,-94.1950301026534,148.246098429134,369.276879833263,340.206538634585,462.948906744246,-110.169709855685,-272.938714886365,-307.932749088927,413.975440018003,280.094331790426,296.018582301038,266.675681214482,683.623712388582,-172.363590903011,170.086463913269,235.103918775323,244.075171036114,461.195663007588,385.669378578316,36.1337724766695,-461.675077749527,2024-10-23 20:00:00
377.705486956994,536.595400408103,583.889313142501,-174.391648672227,173.101262381514,-167.736200013529,148.056762612047,363.49527277613,283.937019811179,159.437486279093,450.688136450812,248.775833013941,203.844589059576,-145.487185479815,483.16727514358,419.114933850951,25.5713129422092,-481.884291915305,404.359116335963,351.496649832239,239.344654412492,579.469680376099,-274.535721904953,-320.304559670168,135.409269314748,-116.125342639502,312.709693693611,-267.090764017953,213.627807210225,-88.7921390930255,147.298875634904,366.193189872083,342.667326702839,461.916946392306,-123.099253032461,-275.162294721896,-304.289719193971,423.14569286871,288.517835758724,296.550216427254,268.821231746802,679.820990733636,-166.717183319306,179.688741730094,236.224870347569,244.44982955582,464.057347635289,394.709022615613,39.7778857553447,-464.716844580473,2024-10-23 21:00:00
369.208339229865,529.765069834951,569.994112719279,-196.85039565446,168.405392870664,-193.070739698445,137.799006557338,362.081851471549,268.146383749945,130.81007091844,440.718758526968,226.157848667707,178.655858473666,-170.252011185719,473.932401451185,408.754854780826,-40.7778344292395,-490.731024581977,397.51877760507,347.970536269239,219.432121607834,571.996366091527,-287.015604682611,-333.460864798541,111.125641211776,-139.738700074684,301.368905756563,-286.255626979415,205.566280016614,-100.575972710083,114.840220460789,355.085646089373,325.319743317615,457.44182030702,-144.212067856974,-292.512595812736,-322.015563630277,412.313103675243,277.851897089744,279.866633508297,255.704002066592,672.784410883487,-176.659505137588,158.386563198173,220.972739169767,215.818931863412,451.322322091222,386.313363922983,-34.1945296976483,-471.93222553741,2024-10-23 22:00:00
361.700371486503,528.424531591825,569.618864428743,-208.756404899808,174.115811146503,-199.512481300215,117.973291282442,355.275814798812,266.482039191483,129.492618343079,437.7890429854,219.290158934224,165.868651676895,-174.393470639236,472.420938472252,407.686671041392,-68.000040343772,-489.222309062642,397.884803120806,350.803584448109,211.713714614436,568.942374701355,-285.314165767059,-338.048159621356,113.220739968675,-144.685722319284,296.059433262107,-297.428478430083,195.882178258883,-118.905685505947,111.629202527428,349.033745320931,322.365526017297,459.129278817899,-157.64023286243,-290.224357662035,-330.884523490062,413.177835409452,261.503182256501,266.651182729864,243.61524970847,667.010551295233,-184.111680724233,171.223739826787,223.320053666549,204.297779634114,448.760049150145,386.198999577778,-55.0604252590531,-479.265810264145,2024-10-23 23:00:00
362.234754462334,528.884660484553,568.215601495275,-216.578113773022,146.768704006585,-203.653588173713,119.799606933956,349.640850098057,260.029847146517,130.901265701933,444.976444065532,226.921090908159,169.58940219071,-182.669497235793,475.796617581317,394.219358150105,-69.4866893439928,-495.133125033746,393.481261012246,351.705675730865,201.233795619688,564.052442740771,-287.693383203513,-340.756464689066,105.679774096429,-155.864437723264,292.829978125716,-301.656534805303,199.543202425667,-106.833492292561,101.89435018107,341.713458967063,321.723618344948,460.115302055694,-168.247669887511,-296.079777243609,-338.673317983869,408.501457121399,254.606841831935,265.853623999738,236.565090476164,665.20370813493,-192.874447594782,157.782425960468,219.469156893816,208.093360552888,447.34739474891,385.436639288197,-56.9378002387014,-481.868960697145,2024-10-24 00:00:00
360.32575658831,527.31386311996,566.090977095621,-219.439963599031,145.148743490337,-211.576428303201,123.399865314227,357.44872272642,252.557873147062,125.442180686862,442.553001037357,218.715705973627,167.932918591595,-189.582074649804,475.74466457349,400.666993459569,-69.6339527693978,-500.55973960418,383.261173385698,353.798881874715,189.034647651028,563.62138474141,-281.168206681362,-346.003411565477,95.810676972969,-157.166642870832,300.244496023529,-303.859550779297,198.927323188934,-105.095520433752,78.6464676632519,342.598942781915,322.078502058361,465.344392814039,-169.17110360911,-303.120115283406,-345.052310445271,409.523759307575,261.488804100117,266.252369607453,229.877167457771,665.122781846549,-199.363249776585,149.505244901014,215.67679009323,198.748468580959,443.065288165778,383.138290605264,-68.4554518244682,-478.498738571764,2024-10-24 01:00:00
366.546281168756,527.445797827222,561.466552161714,-217.878739695028,148.117915940451,-208.803830497264,126.773533664541,358.935421324458,253.675214677524,119.771343365182,433.54012993212,212.497269242584,163.771397892324,-200.149141124228,476.428668314258,403.424709308746,-84.8371299684484,-503.277719889161,387.479417552207,349.21608414852,185.518496406295,560.877846472159,-282.392001974808,-343.905002169551,97.9827225979183,-164.372927682958,302.295001003061,-319.350154740682,192.301533304936,-105.342687615337,75.5611482877564,344.194550949964,314.72553483325,461.165689436121,-171.664181180691,-308.365993744495,-347.091454847584,405.983764813784,256.434548234231,268.937104906407,228.974520137864,660.883802572363,-211.891793261313,133.209328507626,215.316096833619,200.520539081949,445.5915730841,381.366146302307,-66.4582534557484,-480.865494002237,2024-10-24 02:00:00
358.86969346294,528.740956504908,562.83505843223,-210.943859369043,145.613808425454,-215.087575133527,118.087209680631,360.585315805808,245.305380875804,115.451140550451,440.49480219025,195.717229862088,162.266196294529,-205.196770645217,475.166356145573,402.097363824008,-74.6177135004278,-506.143175038342,391.914262086631,346.081458568556,179.990205224091,560.309845639383,-283.214060178574,-343.448704546344,93.8442470335074,-164.424409402308,297.065124758891,-322.39067464486,188.634969924913,-121.447265271112,58.7977803918783,348.014564214963,309.970242983249,465.30960112159,-175.462897892796,-318.799894535946,-348.145849486459,410.62789656443,259.485617885072,267.676401703366,233.945081740628,661.061574699161,-210.515555952014,129.521316602925,215.296208388249,203.230181370825,445.895996491059,379.297085188305,-76.7357367977893,-483.681180444141,2024-10-24 03:00:00
358.32178653354,529.81886705481,567.644546133704,-207.824916291653,126.228385841722,-212.759445355623,126.129899512953,361.713637614328,240.698047853184,121.153216806849,441.382348788477,199.099393388146,170.804686847668,-200.393053479238,470.191168874076,397.306117907925,-81.1283491556054,-512.553160952198,391.821818653735,348.073334415413,163.270196364824,567.167842592348,-293.730694018076,-351.693060507539,88.7474118002442,-168.871443181191,293.727509037116,-325.743065581194,188.64964315339,-125.538102407163,55.1090891294754,345.786260068338,311.965741759809,462.894010964768,-173.171232752752,-321.676854089006,-349.555300118014,418.327411763105,263.376099151387,267.855845210148,232.648980891299,666.837149912952,-217.959388417975,120.342513134398,213.947846900967,206.050419530306,442.078305295488,380.992602957735,-70.3070717443649,-488.376944050989,2024-10-24 04:00:00
360.456208162054,534.296000217413,572.466507000936,-210.509661678973,130.405396851031,-211.329118975376,129.892854315141,361.059896189957,246.984199815216,134.680250360367,442.925840844423,201.488374344792,171.196816828183,-198.051092169079,474.459343018099,405.150014677158,-75.5870596169207,-507.265425035695,395.826254304598,342.84827566684,158.607572878507,569.961301004295,-302.240428287312,-364.637839687978,93.9122196060982,-179.573706032312,296.200564251565,-322.058889528064,190.054158985779,-130.783565426133,66.0844524757776,355.189090308276,316.782304259643,463.318604894609,-165.358776711696,-307.763051638118,-347.378823387048,415.227547744533,268.182053238487,272.23069432272,234.074206799392,667.618552993878,-213.052438096018,123.382220467475,224.925258336456,205.459384436026,439.508981114066,381.439823873541,-54.1766732106132,-492.936841322308,2024-10-24 05:00:00
366.366174284534,535.207811030999,573.406078096841,-203.079069595939,134.565712537008,-211.008076515942,136.409437719064,368.022679346208,245.962969894396,157.909010959596,443.065147478528,203.682927888091,181.151912173964,-192.173711383386,471.442298370427,409.828518319728,-74.3000161528264,-504.588310360934,396.740076180038,344.595291714607,163.868826794543,571.412484320603,-301.076424621157,-364.499514638983,98.0572236049172,-174.690057740046,297.009230925757,-309.298548904599,202.828183646844,-132.340800128532,63.2636182200975,362.441804255429,323.568977321095,462.356104860495,-159.572249180176,-299.009726773816,-338.669773385945,418.578851667505,268.018697384995,282.948207689034,240.966840984256,674.607939975218,-207.943833622604,135.24446940203,230.375292132816,213.621319574937,444.549904052657,383.58017182632,-23.1373095324438,-485.335108155313,2024-10-24 06:00:00
369.473105549872,542.511488569907,576.887790618262,-196.854939079016,145.292673734511,-193.151021673965,146.135398656305,378.353574998317,245.398566326709,171.083644330924,451.561568339071,222.019075149373,184.130889976629,-174.858430417289,471.942094672966,423.944412315994,-51.3449914670514,-500.835078179938,401.746608904926,350.932572765054,169.677208908678,569.451617700636,-287.677961760288,-354.73890762712,113.732646252192,-175.112682083646,293.745148502892,-293.554369487514,203.731858310662,-136.361764498,82.9209464557823,364.577384192016,334.034868357702,473.346482150675,-140.588369663234,-288.897237207462,-338.613909690605,421.856383475397,278.707779427834,291.545762069088,250.44852064358,683.55400089767,-198.352193259228,137.705311248612,241.916486769425,227.939620928844,446.438793068974,385.828425734545,31.0109692486881,-478.628140732729,2024-10-24 07:00:00
369.809158548882,542.267282017564,575.565971232884,-186.603852602599,147.769837250657,-186.181827606937,129.26907698061,375.023879288066,246.235148872072,176.507050769523,453.604517276642,224.952175056726,187.333912450844,-158.243693311752,469.473171227247,426.747896334502,-48.0336348351546,-494.811194621719,408.124157365842,354.404918856997,169.690087528133,576.347489033311,-294.065601193896,-352.403549792504,118.233498720599,-174.967303678705,294.957228182031,-295.787407995525,211.689654089039,-124.145889784261,103.282814402702,365.551981813072,334.140466456219,482.020227780481,-126.956447651992,-283.7910192674,-336.222378689449,425.852209785541,286.756436877655,299.736198697007,250.061860264546,677.972635770456,-198.363316498581,141.964900890497,251.633044921866,230.812401462878,448.80342861515,389.57464163337,39.0647854865049,-480.930375896204,2024-10-24 08:00:00
363.003009601675,532.486493273355,565.59415294749,-197.364838677953,122.331087323508,-207.893698206748,108.344462756917,359.360579414711,234.613026097998,165.721255570227,442.37109657398,217.688821506022,165.386304571929,-164.13089815909,454.754751207855,416.038046415043,-72.2045323596279,-500.731545351099,396.034662959527,339.638367295172,165.733644465901,566.714078903723,-299.538069512664,-362.741915373774,94.9177572462619,-190.237030074276,282.507750703748,-308.006954515417,199.515427718146,-135.02394494809,89.5400589921184,353.942427446356,326.015639342893,468.857622808945,-131.287895617859,-297.841160597771,-353.363477863184,415.836466331849,279.41522780481,288.149771967241,242.335963460139,671.413079694252,-214.543289713289,119.904217630265,238.811908513907,208.925326795324,444.723547695492,390.054921888712,-24.6432392011941,-487.043041981565,2024-10-24 09:00:00
351.545302221491,528.155894966041,560.543013698038,-216.236838366959,106.563785059592,-224.775485277677,72.5998037975978,348.780696466655,221.631079195001,152.151971623217,431.693628435457,206.468725256707,153.549133051807,-180.344902560931,443.095648187753,411.308729436821,-97.0869827600706,-511.488462453622,388.34547625482,332.862212855248,152.065640741383,559.545636421943,-296.240072892546,-367.77796981672,70.2629021965317,-198.908169439717,275.945811042723,-325.026770139762,192.480298494823,-156.64453657421,85.9908553703479,348.93531551586,310.391284695382,455.129386201504,-142.933293992993,-303.831432805858,-360.684126277854,405.022940558271,274.470126164452,274.277769407055,232.303999423656,671.011164163031,-223.114513669685,107.921235316763,224.486297173082,198.317751210952,440.542484335598,388.799604457011,-52.5082361244293,-493.481363120584,2024-10-24 10:00:00
353.727397147881,517.523815728353,560.881451221123,-222.015220797214,107.410768592905,-228.561066920664,34.273167591228,346.521174440198,222.737521045771,140.727300660205,437.827695301946,196.883264633697,159.194594446614,-188.504969598898,438.04029923004,406.041649091266,-109.355865511761,-522.504846988908,388.279972698291,326.030535692392,147.650776843351,555.220001056555,-295.718410405397,-377.555575649631,65.9399057175898,-201.751611606717,267.701400795741,-336.600576010441,190.250759736929,-163.747270975387,81.7679726569636,352.941544133471,299.88079554698,446.237441099702,-157.148125456685,-309.323939920794,-376.859839245616,406.068697222057,269.886003687195,267.563571434833,225.702315478384,670.687153047865,-219.727671277088,90.1315273174041,217.684682409522,191.791162175881,441.481242605988,381.747662693712,-85.1624243751176,-495.434385587901,2024-10-24 11:00:00
346.758660257795,511.817404274919,559.575429487957,-234.421010892776,99.9560508101223,-235.254046155347,35.7701173554267,334.26665793041,215.849511180317,121.953893771481,442.14179501094,195.780711147479,158.436643972722,-192.749417793242,440.680717300448,410.261674453864,-110.693125308669,-529.837074595786,386.578874359398,317.066488534099,140.773850910509,550.16179118072,-296.900894097301,-378.747834201883,64.0785294841835,-211.707757849227,263.627861446925,-342.1997975359,176.86608793227,-167.142879696632,69.6976985593359,347.719647540891,298.354946350323,440.535771190636,-162.00516114359,-316.880939570851,-383.796698772976,407.227720867942,265.751935640826,264.021237100471,222.819752959204,670.191964019143,-222.616766319206,85.0240612284972,216.642946423637,189.674888509811,431.440297665698,374.749065761911,-101.781948427087,-502.041850860707,2024-10-24 12:00:00
346.328210391424,509.062777026777,560.557040734375,-230.974421120212,104.169642650805,-240.16725130196,39.2396558152023,332.377195735516,203.463232208884,126.118580707378,449.057253477203,195.183556326782,157.732657158055,-188.658140898947,436.447722917382,413.631662291046,-106.44255038988,-531.746081613232,388.809111351296,310.396437621342,143.628643112492,555.660681494501,-307.039467207062,-375.10264230939,63.2970371233163,-209.844104644251,266.501342126131,-349.917282315704,174.771726371754,-177.890520830951,66.1029376056961,348.560106578875,302.885244959461,435.672962762772,-161.569537565848,-319.985761144467,-383.235069689155,398.678614027276,276.94196594409,260.886907944748,215.269598002333,677.880674661089,-223.505286018683,74.6586797918991,213.62799042907,186.871972758435,426.86305069709,379.789800349013,-105.69774913486,-502.357408952425,2024-10-24 13:00:00
348.871950589567,508.974319923456,553.346922159848,-234.227332441476,100.722686537699,-247.900265812386,46.5553290014509,325.688153040208,206.31041623813,135.853493944853,449.12154265437,197.462363921223,152.449090313149,-189.077399335527,437.069899410661,416.320908259651,-108.952961557165,-534.456808273495,377.509026702035,319.695390898101,138.28114681598,560.564350778753,-308.741311491564,-380.675760150768,52.9628792762979,-212.9077522404,259.735811628292,-351.826086011137,180.078494238741,-176.453491626942,48.6051958465556,344.508452089934,297.505023635213,438.939507017497,-163.513815696818,-330.77114515612,-385.238262155438,393.994044480482,270.7093675028,251.406541226642,210.432712727776,674.602701975063,-223.040484856297,75.9071890605532,217.404963160017,192.125968267254,425.666997616525,374.197580957499,-120.327561533472,-503.762735887204,2024-10-24 14:00:00
347.664374463934,505.271619986983,549.085424856197,-240.282036790541,112.029103991772,-254.520909980993,51.7220874326811,321.982500551929,192.802548240178,131.198463143904,443.690499970816,200.745028215096,157.517883524387,-189.773986127032,434.132041742253,416.435775668,-122.715503041843,-532.923138937567,374.999239764339,320.558807166977,147.47571858774,553.279795541964,-303.773630021101,-373.32314378749,65.1179221400413,-208.263788463258,253.612939448472,-346.679501297132,184.35047662053,-171.351218068206,39.6292581317485,340.890338752091,303.130545801404,438.566606000936,-171.628391912887,-335.251028711988,-383.69085220484,393.297468871829,267.762270624409,247.918695294288,209.485010014071,678.850687836989,-228.242739133454,53.2232132064313,225.572212143533,191.866547413169,417.662108785738,378.496152372644,-117.110634317785,-503.358916444721,2024-10-24 15:00:00
345.461211737714,498.952495612479,558.812109096356,-243.066654735664,111.655817627023,-254.677077780511,46.6075822745603,318.202379282539,195.261914615195,118.841898888655,443.258229029316,200.22211013113,157.045988783632,-192.70845432966,431.987626030644,417.038535828209,-118.357836619933,-539.228153942756,377.477307078384,317.009318409225,158.615340312086,550.710997618608,-308.582201940814,-372.417951057732,74.7562939984306,-215.154916832023,238.935860842892,-348.240154216114,181.405146308266,-166.970814717109,58.5623373150327,332.748775095604,306.426775713943,432.795266545465,-171.553003633517,-334.858887691399,-396.238547980809,388.176634082264,267.534616255015,244.237735987311,206.071232079729,679.8827498559,-224.814201167998,65.8807344385139,227.671244997169,206.745505232359,424.182552707096,383.551424766584,-113.050630938882,-504.28554524694,2024-10-24 16:00:00
348.367014142634,500.973305711478,562.47118745086,-246.14098807825,113.674910692995,-243.033633177796,56.6087507132444,327.412962491673,198.954290280473,127.51301590325,448.914406583513,198.767476459888,163.141445059888,-194.355162698467,440.636162563162,418.153806319231,-122.748338388204,-542.95913195837,379.208538291536,321.516501941176,156.424870538136,549.591535017269,-304.43143433348,-374.022154229623,95.3293319494179,-209.309679574365,241.081905996018,-343.829701227681,192.905206662235,-167.459201562822,66.5078101860046,334.616480639985,312.087199014097,430.814407610546,-157.587194174238,-334.519932242051,-394.168068386277,393.442808038891,269.995976064643,249.410437979262,210.833928961642,684.616125730634,-213.149070152027,58.9895165071478,223.510973067929,209.610270680503,418.59313651704,385.718180721484,-119.360949074382,-499.807836756184,2024-10-24 17:00:00
360.498005090908,510.832136296276,564.381044220176,-226.817823278693,134.63322155814,-230.290010809326,78.3004133420471,335.915969535482,210.761752754438,147.990950010111,461.836783963222,217.453665851391,166.584277830321,-185.708914788771,455.729851544303,426.328089222871,-115.513502812813,-539.131288799212,387.549651327503,330.485944685731,180.777891947864,555.716189900809,-289.981628384474,-363.07047401579,113.918151971602,-199.218629367269,238.67672791744,-334.407112740798,213.0844859697,-151.974826675549,87.7305976670132,336.156228179908,330.024681306869,440.678748638141,-156.47904263474,-329.224212949391,-383.481143933546,399.253933606348,281.523785948475,269.966389192887,221.612439466353,691.639996684204,-218.060887578428,67.6742122070128,227.105060519255,217.165970240824,424.089309003946,391.610081484182,-110.373467981815,-494.714936355984,2024-10-24 18:00:00
369.691380415167,527.606981353021,579.342572628626,-203.902278245692,162.476146437061,-223.711614927753,117.548025990246,345.68607611124,235.161113527654,185.04100520165,472.315786505654,235.947403146239,185.82576643902,-165.429458856762,468.519790117605,441.98157229984,-96.5865735007018,-527.472610675359,400.405679266327,348.198554325437,210.911717583408,567.349158655246,-274.298056763825,-346.892478158576,145.983799298035,-182.775963918074,259.893720562103,-313.758867847018,239.014412390882,-116.259917419199,110.150696128708,357.45249361996,344.809620876005,452.129097079255,-131.386429592766,-317.65474372762,-376.206784132039,414.597918414784,288.959444112778,277.902785234197,240.914088734018,707.743199791807,-205.302399965573,110.24138431454,246.684707165149,239.207182007361,440.52206120702,401.584472902301,-72.6151246916645,-476.420877957695,2024-10-24 19:00:00
384.286956192074,536.844019179206,591.436630002116,-185.118925893632,181.382720119316,-215.398944761802,142.680102086156,364.846378525188,251.124667981265,204.355634787799,481.730598944002,251.361268826158,196.105935275088,-140.060758919503,480.400873296906,449.664227679709,-74.7594602525165,-520.273240312157,415.927299367212,367.36516415315,227.823065558161,577.043376522608,-268.992426385585,-333.644642741164,161.37222635952,-171.110085621359,279.889312842792,-306.346619349546,255.553887264875,-87.6190322321678,125.334383405909,376.574540942035,350.273437989088,465.772117922668,-118.273497222155,-308.407017900238,-360.517699386244,418.65593744156,301.25113370416,302.743422512021,248.911011389236,716.419552172531,-185.425429068394,144.508533293333,258.418023132223,252.919426578987,450.487316811138,408.145630232135,-36.5682357568469,-466.081733748503,2024-10-24 20:00:00
387.161297105063,546.162354912512,596.868118990325,-184.696322060458,182.78223607601,-206.741490482197,149.99011776109,363.042094565004,256.583832575008,203.847563764009,484.368906539317,261.170680841077,198.255345280875,-137.971977693769,476.865527165152,450.775298769151,-59.3715000688189,-515.578816580184,416.766874236118,366.970869337121,223.951620557478,579.724766088021,-274.331875004827,-329.75383399529,163.631060608131,-164.865192089806,282.201010648657,-309.515240363273,259.670342796632,-82.8583848142956,135.615744497508,381.939338357065,357.196416695187,462.043979465081,-120.450710197071,-307.025691909731,-361.103361127471,421.163122169894,307.579509650919,302.057224697577,253.985806238017,716.831189396442,-180.974486460973,157.110232493917,259.102068402895,256.870527252754,456.329341894043,414.335532669013,-27.8007650502108,-472.822265856452,2024-10-24 21:00:00
374.478512879825,537.726798491683,584.283542746449,-199.860335451083,179.913014648119,-223.314054158387,130.502022990056,351.731720234691,252.270754871178,193.695895473181,472.491368112028,252.291799397913,182.149114804693,-171.506942359212,469.535220402161,439.316319839751,-92.4773951925913,-525.191163502591,404.736672246431,361.537185792994,205.536681329431,572.693508690959,-281.94526938394,-343.425549020884,137.19618737422,-182.300729473069,274.77745169611,-316.763287795824,251.545915540086,-98.9738397025919,112.958304665954,371.342306381913,341.977628375326,449.365394168408,-147.905935159316,-320.598812464467,-373.336195355291,409.88242700676,297.080784318883,296.862439292924,248.299450446975,707.982498953103,-201.22844307421,129.289958035604,250.635146982685,239.384233743497,450.52896956954,398.444650159005,-66.8950484873042,-483.833146364004,2024-10-24 22:00:00
373.907584009029,534.971111872763,585.716655352277,-201.136544691025,174.044865753164,-225.848597647089,126.350152594601,344.645725639827,259.071377256063,191.035105246216,468.325789306893,245.992530101418,180.221637042484,-180.946813159861,467.457698531465,442.363637089499,-105.880551488863,-529.6385771757,401.961112853752,357.478318379861,199.244813291681,567.36074789103,-278.126027530941,-346.572571009184,124.406619797154,-190.365283520365,273.834001883905,-316.632882401132,245.003029056748,-95.9255883200301,105.742245287477,365.050327509564,341.866362124008,452.41907694874,-158.913591195924,-316.406489166304,-377.355545556406,413.056990346031,286.452147247967,286.593111804388,238.461084747003,710.290002670632,-212.860034516891,131.842429004934,250.422239040029,236.000007643916,450.93393201203,394.81829232415,-73.9867162880488,-492.206968134359,2024-10-24 23:00:00
374.390324403959,535.102168566951,580.467040055921,-196.192344796619,165.379326962491,-221.279957456541,110.317419496422,341.97177328617,247.716758583638,183.300639288468,467.293714298078,249.612697517772,176.304398917046,-192.960469575508,467.376512568664,438.77809665963,-118.149457953885,-537.795166071274,401.273191887925,354.09816239895,204.249239809337,559.788001310496,-283.218360838849,-352.387530377308,121.055481863261,-195.703071153443,277.798355736954,-322.509127551227,246.326528309393,-92.6764425250514,107.49011345909,359.995477538486,340.514744215864,441.12383236597,-156.061542495794,-322.298181067395,-376.615833525955,409.454382854915,281.263647593681,275.300607982643,239.238739450402,709.833755225048,-211.886483130007,127.974358582139,250.300028993172,243.988877321994,450.686602088552,396.583373616533,-85.9319090466119,-496.204832776953,2024-10-25 00:00:00
371.711144595577,531.306117864256,579.658980921775,-193.385799365695,172.950101845721,-226.78385502324,113.828427478058,345.076262021928,238.43101895388,181.828948450207,465.0780318018,245.289536224867,163.346559597217,-194.906571942874,471.657162788972,439.678805024978,-125.205938206438,-542.422345689939,397.066347731192,352.264493682713,199.858128993952,558.617807287279,-279.212429640512,-356.965257651942,115.525113378118,-193.355351022733,284.261943606727,-324.977151905909,239.2482589139,-101.412787089681,98.4156684802705,357.180294699343,337.703957854723,438.443880752373,-174.887757010666,-326.739197002422,-379.845906685774,414.799262613039,281.725108040929,285.020354382411,230.327715006747,712.248463783286,-212.302935095354,115.99539808593,247.683895251364,243.485758680916,452.115142071852,394.228654605502,-94.3979814322424,-499.498029090311,2024-10-25 01:00:00
367.607676446382,531.191660748501,575.811556002147,-192.821850006632,175.794605731342,-220.803933008804,111.670647659347,343.161721957306,230.887745861897,191.118117049636,461.359275155898,247.428786902498,149.058071515409,-202.252270566232,470.138240426569,443.841006255515,-125.123515250963,-546.00442753008,401.308196245002,347.695574956089,189.974108735765,554.52052155896,-287.187253585226,-359.688203381636,109.614371499523,-208.961942151544,279.983549823453,-336.812275312343,234.440006666306,-114.707552891484,86.4714234974145,354.910006889025,331.742937623278,437.095447186291,-178.598986690658,-323.182929016142,-381.54865864751,409.870793432119,273.086707438474,286.557079273964,224.886576490214,710.02229414894,-225.121858178095,96.492882071823,251.286205604657,228.793383040544,449.947888943401,388.322351610334,-89.49355386751,-506.425057909885,2024-10-25 02:00:00
363.742086226561,534.544394924589,579.122614633168,-188.902934168287,177.519984711269,-227.385542335637,97.9424934718907,337.274466870932,222.921826687978,181.900977014212,461.927919395218,239.702441859148,130.85012085171,-207.358307760525,469.551859085028,443.115569847342,-122.418949788884,-546.008353755053,404.200157883217,352.295517992487,188.460164489432,554.197806575271,-289.836745660668,-362.683127345151,105.628166124445,-215.075665652334,281.738796811961,-343.652685500709,225.99930890908,-131.241833829441,93.5294847387248,358.237074989592,333.475958102695,441.243386456674,-178.843255590862,-330.629093016558,-383.923619828134,411.916886221812,282.162565246034,285.898394000938,222.917819737894,703.488910373313,-223.638656403889,107.718523377216,252.822284622615,223.993201309537,449.235759660336,388.787593418986,-82.5906526877595,-511.424564428705,2024-10-25 03:00:00
363.538330127253,533.12732858174,583.92616393922,-193.436237154203,173.010775736928,-226.436551626941,105.58340899484,334.997600688424,225.619235100383,179.617397970387,460.412359209194,242.116163904004,138.817811747271,-204.132745708616,468.814197353908,441.699599033245,-124.291981085656,-548.121463017508,401.215237058415,350.443282684279,181.505751003551,553.455248940184,-294.982381123366,-369.230791122695,101.217005564367,-223.771196947772,275.943376301785,-343.763155299086,228.859111488924,-131.705591537887,87.35419831916,364.7367040565,333.450654665485,439.880326024588,-185.486689863447,-334.188981776931,-389.694598044468,419.588840128027,284.02904745333,281.690144173735,225.277785959627,705.831273870079,-220.443439556654,105.473289556331,247.284861215088,222.848462574866,440.116232282277,390.070656852041,-72.488727034243,-522.219575513904,2024-10-25 04:00:00
366.102608724125,534.035409247837,590.591538435937,-199.29746802466,182.792982367914,-227.983013810323,104.935203921502,337.188502257657,229.594809943867,183.902049586798,464.883002134275,243.937110291235,140.503656015113,-204.039166911415,474.421496385512,446.007022528598,-122.466351563739,-545.885393958749,411.832142634989,351.534947377104,180.128312281782,552.583472932325,-298.34293000249,-373.858782605998,95.6841228072105,-217.615137776305,281.548309550636,-348.527441243736,229.217056098333,-127.957108261007,70.3400366606769,368.333166086307,333.877021072751,443.9106889703,-181.86579891747,-324.023343612571,-390.493310664066,422.022368289258,283.07624708562,287.193398512159,232.551060329436,709.489626026842,-222.693430926766,98.267149513755,237.786446023374,222.974209920002,442.418092095088,389.871688317897,-59.3177133182547,-528.069086218808,2024-10-25 05:00:00
367.897291550249,531.279959732205,596.813523945927,-198.649266357765,183.573518653329,-225.609482986219,114.518807726901,336.246940418301,227.160661387017,191.527346372634,465.472276099058,248.323752361061,155.734622244956,-193.466945299527,470.577822781773,443.021770317446,-120.610960693936,-544.716930565393,420.629664569357,352.558770278524,196.523245351367,552.095524264794,-297.897408216208,-369.50590901727,99.7242972172582,-210.825198516241,284.749980320355,-345.300363815288,240.954994170234,-125.626765266693,74.8957646849631,366.690727797682,343.693281402677,441.125107729919,-175.992043412444,-316.921330990127,-389.064234906464,425.505324460949,286.438490471048,297.421893910491,243.930397659483,712.047347285423,-224.536587083878,115.971713445552,241.177674115992,233.425061251469,454.55398543443,395.628174541674,-22.4395005870252,-529.768085296187,2024-10-25 06:00:00
373.760194041296,539.917022366393,601.488535005776,-183.668284761656,196.174339980566,-202.536324303105,126.951390905579,346.254057460697,232.916692678313,201.889003341088,471.818125488857,257.344373369938,166.641473479394,-165.912949327774,477.3979436444,463.791283678277,-115.28004307405,-540.657047215783,423.998727658497,361.500288834208,205.913096290104,554.574587527654,-289.165833020371,-362.753377259667,113.162140858306,-214.280131897626,294.774281727479,-338.813400969897,243.343793822666,-110.966853667179,83.1022044066602,368.849302763404,350.42948421825,445.222611584099,-165.905872507901,-310.043745752398,-382.60920929121,432.502754072896,294.760239950597,311.649482020566,251.608924463734,720.485884004401,-210.558296721625,133.881515896425,253.065882429932,243.836386566283,460.769404868589,400.052224749685,-7.84054284042959,-523.058057789137,2024-10-25 07:00:00
372.764791306672,542.648576125235,599.645926018519,-189.47110058943,190.63502355416,-193.654130317809,120.878627497694,350.19753185271,234.197491422529,204.584027956281,472.513728758952,259.316481495965,167.600651229791,-156.665888459246,480.198661670859,462.68501045484,-97.9892911333588,-537.253084852301,424.134086751692,363.627995122639,209.680422547273,556.161606015752,-294.065251634191,-361.185090057545,119.884383659855,-211.499481020414,300.673517566977,-336.418390835991,246.96238925701,-101.984420986329,98.8726140780881,368.138333918763,351.150847024177,442.966402117941,-165.490921537958,-309.770810489259,-376.787371772296,430.06080241069,297.370255721143,309.776404955902,257.722370519998,717.354379947624,-211.404193996543,140.085083056184,255.328265774861,243.928840469202,461.909402505399,406.030022219615,21.5602287581273,-525.937927715408,2024-10-25 08:00:00
362.729044417159,535.091785528838,587.28504738274,-207.684457512912,184.471113568221,-214.664033287502,86.4270238332401,343.803905788568,214.484341361158,187.38689658674,465.298562024046,252.121592430484,162.130247465519,-188.108562756368,466.279295773155,450.749747024398,-116.688095658261,-543.257434291733,421.585031515499,350.897552698522,202.053400175603,545.156614119168,-307.041266292289,-362.889014842347,106.785545909142,-220.404594619674,287.031901889905,-353.910857385603,234.388404837095,-113.00831241553,75.6885354485432,352.705423929334,343.015844805056,428.601802410849,-176.074684618327,-318.976136537492,-382.734764518561,412.069027719699,286.598720700608,296.887189007725,246.47501457843,715.900320609643,-222.093825224944,117.556140992357,246.875255275511,213.394883528207,455.616114095068,402.473215696935,-37.9701491552286,-534.050744957763,2024-10-25 09:00:00
356.492816742671,527.322868766634,582.796385472358,-221.276297815863,168.397846520448,-227.826014345519,60.241401919606,334.056322780153,199.604842921914,173.849439622638,457.515454290519,243.881544217737,164.593666932752,-206.081652186688,455.945791781743,442.297648255531,-132.950145168946,-553.911156414578,413.493242455647,345.810744849015,183.852291508475,538.942900832839,-315.312391330951,-368.402170160024,96.0616905580032,-222.911131548993,284.506894985667,-368.632068088938,226.836263840201,-127.81766514502,57.8495952440655,349.781631975781,332.583067178241,416.960415624545,-185.69567134478,-319.142028311083,-393.641682452807,395.351633413621,282.035167584435,277.410739562438,230.855257038991,712.064701967654,-232.304234043663,108.056587550834,231.49815923007,216.980229713542,449.383457924087,389.742815786484,-73.1235620637127,-542.734324851732,2024-10-25 10:00:00
351.422412750681,522.362048988527,580.076668347097,-234.695964401161,163.045591027603,-236.599327462878,33.131289030495,331.849996745078,193.059549162571,167.589906177224,458.679262257907,236.073784532131,161.020754817128,-212.997330202416,446.070391869377,438.908626549878,-136.787185407192,-556.926981869617,412.391326695739,341.949006005318,172.888460993339,535.15645947975,-314.052331831609,-382.848670075528,81.9990638515061,-216.943778631302,285.714872592176,-373.201079986357,225.005733195375,-137.701432289887,44.6960912527051,352.664643125079,326.196976517729,413.092096024249,-191.580495415112,-323.517847755185,-404.355033268943,400.633135702991,280.027192905283,274.177270000515,227.445773331676,713.797046005794,-238.24106402401,96.2692913354141,227.082239776367,217.767916997519,446.79873981875,379.333311873945,-104.032773006132,-548.972529213206,2024-10-25 11:00:00
349.90397564376,517.330384253537,583.909397955485,-233.728460289997,158.382214693775,-240.31126178348,14.8363804112865,323.105923201484,183.610347393863,157.377033625298,456.937659674087,234.438555671119,159.013103122739,-222.89135300203,447.034842153594,442.498067796002,-136.238380471194,-557.498264479988,405.02306879852,339.863736198463,163.063968659139,535.043049118579,-319.587476221111,-382.633508051221,76.5553687857737,-226.24999855085,275.605628081722,-372.709008763425,213.252921751537,-142.22846662931,37.5711030645154,341.091963668684,324.776377090449,412.953182731221,-194.118837419497,-325.653641723136,-413.928301734812,401.842011865922,270.781363209674,262.690076127171,219.828141091152,716.285197434318,-242.723760664765,99.0641804474431,219.020208230203,219.621676486303,443.637236288646,371.848139894892,-115.182915294299,-550.858941546674,2024-10-25 12:00:00
344.865041401768,514.186997964069,583.013883299195,-233.947246041738,151.920866108394,-246.774087443957,-21.3904008850291,320.211146854802,169.461085806505,161.185418477464,458.402813313355,231.841340105977,159.108066671624,-218.82099914863,443.701614373825,442.004047953802,-144.008248319215,-559.12866501322,410.203798706697,334.746618530381,162.76745544127,538.154941950695,-321.266099535142,-376.511592089692,72.4853117038861,-225.235361228506,280.904821148265,-381.807713920347,218.488692537388,-148.492684863988,28.7104212030343,346.795872340549,328.809526935099,409.955225467337,-189.329454030949,-332.50759208005,-414.981009362906,396.526259855519,270.709723267642,253.223663789997,214.979327739758,716.189369026013,-242.41396715199,101.146485688887,209.796856073309,217.784137243541,442.45601028388,371.489785645502,-112.688161393302,-548.836675007294,2024-10-25 13:00:00
333.755400871536,519.265459770676,576.550732357041,-240.649628180398,149.093700856888,-244.924946244102,-39.4897772952229,313.708545261326,177.792201409701,155.270283292313,454.742370808289,233.53600877335,160.699548542572,-220.255237957953,442.241043843433,442.177757148319,-145.578620523282,-560.797571453222,411.102597932807,325.774792366129,168.571033029571,538.23505604063,-331.061830861306,-373.828753297057,62.5671081426247,-226.622880488311,279.424737346258,-377.574646520291,216.520064174552,-155.901318864874,28.0622184094365,339.077235357566,322.733701308543,406.175122941455,-190.891505255317,-341.34824652898,-414.75571360105,397.871014435238,266.231200994548,258.11608353583,208.285894849971,720.125198068513,-247.30052882855,93.8918344977986,219.733970007338,219.04618036908,438.209500435407,363.950413115319,-113.187573485313,-551.058175083956,2024-10-25 14:00:00
332.898840712835,517.053742358036,573.478776028475,-249.507363550988,152.500363564131,-249.772188545012,-48.6654722832274,315.428343389442,186.160484382045,147.486427597677,453.646166765404,229.769273278242,167.866767387439,-223.430684418839,440.533707935711,433.849859078446,-149.70517076756,-560.204837782468,409.51966322846,326.268520829663,166.584986188573,536.16139264783,-334.056511856814,-370.284179555889,60.3453911031615,-222.302219518747,276.960597164809,-371.170127425396,217.772675333032,-146.890942706019,-7.15478231188945,333.875159950998,325.554586599748,403.748612502638,-191.547743796163,-337.897300592662,-412.687484589305,401.026712499785,267.33941568236,254.658523963235,206.164042579183,720.964310141143,-253.675209471053,71.3731934981557,223.552881022706,215.503942714524,433.017928831599,355.548979200154,-105.36116802562,-551.622148460162,2024-10-25 15:00:00
334.676935235245,517.92120249651,579.578567482749,-245.786930583132,151.490313315316,-248.121806632235,-31.3713051855721,311.717856979359,183.467410075015,140.883494873633,455.279607320716,238.772434365298,168.650492189546,-220.031658597168,433.963094982726,439.412490322722,-153.874441367215,-562.258221791339,407.921803257938,329.280302416999,166.620280097628,536.43094023655,-344.83838279938,-366.811711301942,62.5316728732757,-223.865497615794,263.444842756291,-368.84656619732,223.96006002567,-151.427449354916,-9.14453333599965,338.060313970727,331.505142788428,402.032451098595,-186.77489152477,-339.13292340881,-409.480244378815,396.573285163993,255.432824235073,259.957199741928,206.007335361438,723.144869951535,-252.659507968513,66.0663561352653,225.033218985794,220.168542436909,440.623903008993,359.551551510275,-103.572402304689,-554.314578626362,2024-10-25 16:00:00
336.03735483723,518.431472243367,586.936265765537,-236.068509586377,167.782808486106,-235.980581464836,24.249587152457,319.600053899993,194.109956648023,138.352787197108,463.937676576179,236.685642553617,173.974794339054,-227.888774806831,442.538302578546,437.962414809867,-142.790183770806,-558.562507974413,401.667533972009,338.716926546179,170.933160972496,536.81053768783,-340.207472384925,-362.648502048701,77.7075262938666,-220.016897811943,262.681429486281,-364.860107562652,235.898091989273,-146.200311421209,9.72385440141048,339.93418459773,338.770688394803,403.839008461658,-172.755978897283,-341.704608842198,-404.471218806906,395.844500573375,254.871102828952,259.126967920084,221.084943798488,727.256377068229,-248.647587285652,88.7180005003872,233.095888741375,227.015764265471,441.390215005571,364.173795838786,-98.9634456319497,-553.550281034856,2024-10-25 17:00:00
347.803135673835,524.523004353937,588.22065679048,-223.543221692072,171.858543085797,-226.38079709331,49.8215456740906,326.217423430384,206.447118924547,154.111598144021,476.504362705813,243.694183363864,182.035269912407,-217.674889213622,452.722386003134,442.128737325079,-136.579316021436,-556.412180536364,407.905102576341,348.817383899232,191.548363935763,534.966311764125,-328.79785123342,-347.54960524466,85.8620520667969,-210.02953586385,266.041315812889,-359.344690504582,251.848240269296,-127.142394157835,41.7540065441946,341.628180109347,349.044038402281,419.037056565224,-163.936939465336,-334.375166429355,-398.441848235242,396.757590006479,269.064996057743,267.038802486227,236.025426750815,735.491306787871,-239.296150624645,101.115096195036,244.150085271613,233.673326299338,453.464633919281,368.550132711246,-83.4623121539583,-548.188282098933,2024-10-25 18:00:00
356.911795133537,537.914583967376,601.059806920385,-204.040359649263,190.224747163283,-208.047168736847,100.810687961159,332.337294770109,228.877563172831,187.874922096062,487.606655872293,264.581332023366,199.881308621783,-192.765555192601,464.889538479372,458.944080434184,-124.887835417675,-548.744060089471,421.907328748401,364.812953392046,210.023174783694,550.0134456181,-310.832438641264,-341.456140511084,117.707230290513,-184.940259755274,288.706756991854,-342.910107943412,278.097208500745,-98.7065090959024,51.5343101773765,351.234009870244,359.3956379948,435.559790421291,-144.067683794879,-323.575213102467,-388.848110840521,412.734456231282,280.413102785895,283.677514514097,260.607111628586,752.629964352731,-220.956795222148,135.624221849646,279.681779484159,255.659167133827,468.917681775922,381.258921817589,-49.2621059780819,-535.335669007049,2024-10-25 19:00:00
372.536413031874,544.87254084751,612.001212863385,-192.580026719555,213.038529697674,-196.481239227216,134.856167314186,352.446424864333,245.504165157959,208.705130486558,496.144620013694,282.140306209373,207.793588037675,-177.038667041628,474.673032428125,466.353319228789,-119.993000289489,-544.327101898629,436.787085341316,381.60298297784,231.547523307947,558.424045395078,-303.963919209907,-332.233096575084,131.187538363075,-170.66140172921,304.063367442435,-334.735982509258,289.739190074096,-67.177377424156,67.5296056352724,365.812272751027,375.585573752969,441.986128439,-127.454148511163,-312.21629647586,-375.04813387082,418.832800913254,297.901798654602,305.974611664049,275.443128437134,759.350634276245,-203.025065914394,167.739952021689,295.729792715598,267.393312855709,480.489756733394,390.71209180309,36.0425209212143,-527.164318441869,2024-10-25 20:00:00
367.536939634198,545.180105437245,618.538806485474,-185.384374710297,208.977558886725,-196.386169038701,146.042381485367,354.013216311854,247.883004989942,200.08185306801,498.168822387937,279.369383898422,200.950869282111,-182.531194478946,475.247419292375,467.314689868736,-99.5979395135501,-542.229824060383,437.868855094926,382.492144532956,230.905371375836,564.899226985619,-316.657136443735,-331.483367560335,130.181438964631,-165.208230841342,310.331777052587,-333.794801877021,293.415696909905,-58.5356942243412,81.9931290821444,365.851959658348,381.65566289611,444.542938002222,-126.361368064476,-313.45123824174,-375.16682573748,427.979298164107,301.003168041764,306.108681760281,279.850708710809,755.299797262383,-203.367253043127,177.558472478649,292.632230674065,266.176574376635,488.355697781613,396.075970094768,52.0696850881772,-524.902799720561,2024-10-25 21:00:00
359.416865126446,539.61627636242,610.338008312516,-198.560938796073,198.125568189844,-214.837346467778,117.368611272676,348.097546864154,238.268151259046,181.16468808962,483.347780580939,261.986681596391,176.353067452842,-215.646077932361,465.749502661357,451.440301201908,-118.689514105393,-550.627340838026,433.362586737009,367.634615419657,216.807060467675,562.071692954696,-328.921066195125,-346.504638690382,104.867046129833,-180.995893246637,304.028380144392,-340.454517848813,286.189259382128,-87.7569516125388,26.6889294531219,356.805553548877,365.410776189654,430.817405486247,-137.564277224303,-330.428098030506,-385.553740768988,421.066599155223,287.188596319409,296.604075729611,267.871507322046,749.094436119689,-215.181949198991,157.162238700309,280.248939468242,247.718205593607,476.338641900554,391.231995998825,-11.9222344950301,-538.597236344875,2024-10-25 22:00:00
362.851624071205,538.06914029135,608.279186530094,-214.156812179804,205.921175281231,-225.364755210243,114.331384500982,344.183482798714,234.051246251195,172.836090678316,478.780749990029,261.926122661621,167.887046667997,-216.816381026009,467.836682762782,450.923639647212,-115.45387911505,-554.431231308919,434.46801455675,357.921707814264,202.959258288863,555.952151400592,-336.731846393499,-351.132153989418,82.6188736504092,-194.76198809538,294.39738727615,-346.394433456359,276.823727053538,-96.6193618262519,4.70434772839184,351.738350456543,356.547241675816,428.463120641217,-148.52863918591,-336.149824732338,-392.563185392737,421.909219442404,279.975151973774,291.168956222977,262.7169004332,747.484038615851,-222.357226855997,157.276690104505,281.748405395966,246.140895228431,476.068374487596,389.877973591518,-45.1864525879874,-544.458313466495,2024-10-25 23:00:00
364.729483040849,535.086326753236,605.540997071986,-218.808925069462,185.667850175415,-221.441571460173,110.600926537979,346.695767335784,227.49355123838,166.923997005154,483.521026676413,274.914881908831,168.538877765684,-215.476136621994,468.203333101336,442.581449940899,-119.545828199033,-562.826773617599,432.005313498392,356.405936892335,192.450804561291,555.632740712384,-342.160438763661,-356.364813300675,77.1862285432696,-205.585566769733,304.056188025491,-354.900992480726,278.360972138888,-97.5300195289466,-21.7983010873178,345.637348993016,349.629530179795,421.710955205068,-140.021225340153,-341.768156875475,-397.705114892518,423.952384910652,281.32396069083,281.564807929337,250.318560591357,746.76347099926,-220.154644899188,154.584331457152,274.96850613939,249.954836646053,475.284822727405,389.946866259868,-47.4101570260708,-546.758449648901,2024-10-26 00:00:00
361.934777167842,527.388048966817,607.279536523791,-220.738347312351,179.384360769651,-232.410218399745,106.317836894426,353.953291093902,226.128966381604,156.002463172537,481.759643459582,280.238627741896,168.350303493051,-221.188751431362,470.653084374879,446.766161827276,-126.200701400405,-565.432318981101,428.13288502154,355.014634989875,184.890944682975,555.914582530212,-337.610151321393,-359.892877367709,61.8944587512085,-202.258285419109,300.83273399584,-354.97648008926,284.051015740862,-92.3520799665078,-13.1223807797636,344.508033344053,354.17492790787,420.73845547033,-146.473834629427,-338.605849877927,-400.246801533029,418.834292001495,288.370096291654,282.936082105911,229.849150897531,747.003060716762,-223.599907345642,156.532789400083,268.316978579629,249.961857432685,468.75342332802,390.209398730661,-66.087901138823,-547.324645275549,2024-10-26 01:00:00
361.200489244114,532.9639718999,600.519464679017,-225.015945974974,175.698410992485,-225.177247804703,105.380301424603,353.002559751454,221.661516596078,141.730106652223,480.313528445755,288.163410911986,164.633130324484,-222.655992947719,470.381946945806,447.640280066276,-121.727697866335,-567.426876091066,428.07662408651,355.445602848421,176.861982261871,559.2301713159,-337.693127888012,-363.773282300272,67.8986479405419,-204.766535176818,291.251200536469,-369.445802599563,281.466898424562,-92.5774617797502,-21.2420236101853,337.640427984703,354.63317775062,426.281409229257,-155.231161562079,-343.657272013068,-401.224288085932,413.039461440612,283.666226450956,278.272397963822,226.451515656704,746.70079991902,-228.54248564146,138.363927728756,271.844699907119,246.774161359895,472.749867410292,386.535167039028,-62.9505065697606,-550.808331365116,2024-10-26 02:00:00
352.344998578871,544.975954125023,601.297338118104,-222.415176698292,177.77437729025,-237.088285327392,99.8932496253558,355.934761778825,209.548599590914,139.05978622085,481.886187038816,288.202326837882,157.699563210646,-222.987414865798,471.105177940429,445.559110315795,-114.043697988028,-569.744888591423,429.585915129029,358.106095327548,179.388744507598,557.423034578707,-334.539658454234,-359.504227858563,53.7089982699548,-215.582087648503,300.589457724033,-372.34320533914,277.056282018739,-109.795298117091,22.1742683260682,340.285644084949,347.600964441255,425.24815855899,-165.840000440205,-347.393147975914,-407.663646582751,418.926351102415,285.5422316692,281.635907412053,222.655149508564,746.080771116638,-230.284793587524,139.811620167406,266.062001903908,246.597104638306,472.215186868429,389.106554801412,-64.1264686622704,-551.705984369761,2024-10-26 03:00:00
355.651679181856,545.984267274083,607.217452171602,-230.847055743488,167.301272624473,-243.552921838994,97.7204974067601,345.313714182628,202.961450654893,140.933178826367,484.308295274336,291.626824659477,150.214829408288,-219.500576175531,469.915166813742,449.880670246912,-132.434535903391,-572.523267574468,429.91740598818,356.655170532777,173.17719367436,561.104121416248,-335.817069463438,-360.282953894324,-3.07405495740811,-215.906610921161,293.879016979974,-371.228459479931,281.726691251261,-117.594165706051,1.46719081979164,342.626247396525,347.305468500911,420.924607945256,-160.971056759948,-351.076179758052,-401.72156666824,418.522948911926,278.565144993688,272.645041231415,217.166372746125,750.979134686292,-235.738208806703,146.689553728995,260.944250202231,239.425619812448,467.602526076391,390.822355906068,-40.8635648004516,-556.889930118336,2024-10-26 04:00:00
358.551687401142,550.001273966731,609.79074518983,-233.488403043267,173.803861419863,-245.45435711257,107.890689555268,347.38116270904,208.944389074533,137.437132303724,489.614935389729,291.742633289492,149.448262782093,-217.249065804268,475.368831561121,445.071615965524,-135.256962801332,-572.979685158314,435.656589639538,353.528680985064,175.732740698488,561.433491805879,-338.587487637514,-364.390832538287,-18.0553984397463,-206.20686961978,294.438814790689,-369.601131345704,280.192186800515,-108.755610518163,14.7154180440227,343.455205599843,351.999064110812,429.793960854108,-147.495062898644,-345.658761570527,-403.514911089487,415.821983875639,274.863134751382,278.564716125591,229.479439671941,755.266336226591,-236.390434029077,154.050032577441,260.52007043914,239.316494361066,465.527799447009,387.393885010508,-31.753301631194,-550.502584562109,2024-10-26 05:00:00
360.857349327943,553.761581026682,610.783184933931,-230.666870167317,175.381876995409,-247.161464357211,112.882320488512,352.358245041977,207.234144215027,135.108805187086,487.767115706626,298.905238213715,156.475834957041,-198.903404238696,472.863142379601,444.734167028059,-132.850299237478,-568.357269028846,444.026237640111,350.763674884169,180.374795442986,564.669966867101,-329.91221422291,-365.038825326888,-0.942294410501603,-211.40539658776,295.437695092473,-365.057386255325,284.838487437643,-108.273329048296,9.09650888511356,346.155528310293,360.922128932506,428.469955446678,-134.959826882352,-334.80312542216,-394.652456272296,416.998261689641,274.287527430216,290.099100959372,238.589598213357,759.022424296032,-238.567115219377,145.489748694605,269.138324876736,245.819153084939,471.259255663331,386.755854803551,34.2947784750909,-546.035802744717,2024-10-26 06:00:00
360.533684563008,559.606240263473,615.089477306044,-217.479840896445,183.234957767974,-223.986964318251,119.675909283927,359.18785832881,211.640094690939,141.230427390984,495.381137415421,307.426312109557,154.793358290749,-184.320521181908,472.214027288588,458.045830994268,-138.306258443498,-569.589067747185,447.274214897363,367.120168696113,194.221779445778,561.12102988703,-319.090260788868,-359.712495418669,50.4707810069888,-209.702466157371,300.248026164206,-354.59675580019,289.96204919173,-96.6403598620489,46.2031599550254,350.678478474887,368.620975546806,432.376998937999,-108.355212142026,-323.652760049511,-386.77527273231,428.440082209146,280.792192714795,296.130158376979,249.56917804782,762.549037682201,-231.274903095454,149.134643116912,278.900498738017,260.386752193494,482.193198780592,390.899542880751,34.6200320185281,-540.365856910611,2024-10-26 07:00:00
361.045126618617,560.086605043156,612.517851556645,-212.038318052319,189.580321365513,-217.759254560373,112.627987363149,361.956729788486,216.088806737979,138.056333565499,500.19616208652,300.169567042482,152.202986553482,-184.287813994503,475.853241253919,460.152144601756,-134.241446174492,-567.697573858848,447.901299659966,367.730800467341,199.138405043347,561.113500864408,-321.982059014895,-358.852828680597,68.8899882531768,-195.844394954229,302.835543812185,-353.08460937338,295.275887047162,-98.232453140182,54.3602653848729,349.05985902223,371.123208574881,435.803857159984,-102.600126303533,-320.434357432519,-383.965413997543,436.056012989889,275.469870859586,300.011721215515,247.22302104108,761.040609768042,-233.819701660166,154.342797520082,280.847111626243,263.905402363568,489.752446794353,395.597841142363,37.8481840804541,-543.730313779483,2024-10-26 08:00:00
348.554258565193,546.094823507303,599.188925780934,-218.451934032596,176.510101909442,-233.335274712103,82.0004107963698,349.895476850441,194.957633397897,127.040853166033,490.145559572894,296.433569352226,136.618731372561,-193.515791153501,465.431699998953,446.055927720899,-154.795157234306,-572.371329141548,435.346233665209,355.072738265915,188.838530689938,553.555144000627,-328.002959822557,-368.233586650155,71.9439997240594,-205.597475463801,292.332454881691,-363.990155889525,285.173168975212,-123.08240409922,10.0308821768429,328.686605228821,368.138146652297,420.918251927725,-110.002712625281,-324.585861660171,-389.71300977575,420.5999026478,271.894276717438,292.792674134147,238.619627943819,759.605751694448,-250.785543663018,122.524746287088,267.964277296775,244.730292961782,485.750888556739,389.410364694492,4.50714129569803,-548.320518013714,2024-10-26 09:00:00
339.329857774697,538.582247473669,594.906652840281,-232.269879928797,149.66332870216,-240.255375904253,57.8865310357885,338.73030095798,182.166449960307,114.477398804722,480.588137599395,287.303296115535,126.187056801952,-209.342917514559,453.991191062955,436.840767692408,-165.662618137232,-583.145687561694,430.905838807418,350.885750351964,177.275165897286,551.57602176145,-335.088449228515,-374.44288971874,72.9816277505737,-217.004288306428,288.875587509907,-372.120679919165,275.711306666203,-138.495411839442,-27.8142639390878,327.442101263577,357.304854324518,409.786090358262,-121.092369059665,-325.108040332902,-388.392018912552,410.783467095132,266.489370399823,283.409678889388,220.100973644438,756.528353210419,-266.967268347866,91.710038857883,248.221577301394,246.411518809303,477.897126877436,383.175535918037,-26.2972008057305,-546.915430313667,2024-10-26 10:00:00
331.40287387233,536.422676776251,591.015481732837,-251.133243854158,141.919861729348,-244.707055538843,35.9322818745089,339.570404066229,180.285646475793,94.6679222613063,480.199942184885,284.397782197406,127.191961975427,-223.047936630567,446.621874491348,429.962234715226,-165.233628649582,-588.554851493023,427.998318284918,349.982547463025,159.381797803643,549.440077969414,-338.862373714447,-384.471739183142,66.5406978231421,-220.458161878969,286.466795752855,-378.974575434308,264.803051358956,-148.966554905464,-41.0685011035404,325.467586096378,355.406028193862,407.299362558889,-105.162842091037,-329.57778076321,-396.441448636247,413.722442995824,258.614576305827,275.273360569781,219.78049737216,756.059445922393,-264.673370835157,53.5292687311753,247.241489026142,245.057076946404,470.167154838616,380.87836847591,-55.0314129334858,-551.565364983254,2024-10-26 11:00:00
334.875255701241,533.050225882207,592.63010889099,-255.357657182142,139.76536527305,-242.802876553607,23.5059632197816,333.818609954685,161.076711477746,88.5061000663622,484.459538642259,273.652701831703,141.357471257877,-228.205642097355,446.499999587952,432.352327791157,-169.71251358948,-591.166865248979,419.058025840673,345.189101073876,158.824973759343,546.375475076749,-346.769784463275,-381.321344663858,56.8364715849228,-234.721625056334,280.088493849813,-389.509755906655,254.875283404816,-154.660710866611,-47.800480917425,322.146865501287,361.8070291663,409.318776957923,-114.187685166353,-329.772587306671,-400.602548863699,416.036584360309,254.656148513583,265.117021515274,220.999543597765,755.993588436175,-265.454977274801,39.4815930382081,249.06771772772,237.062564485524,465.549314103592,382.81227616643,-65.2744147531413,-553.67342523163,2024-10-26 12:00:00
334.247647003354,529.491993690256,598.770187361129,-252.288246884611,150.935580114753,-245.201326836119,25.2322781564085,336.589158719028,146.751818912956,77.4099938615483,485.930238218436,253.766906486421,141.553931811988,-229.449953982355,437.051402837839,432.90936231962,-169.622422203346,-591.592302078839,416.472224601681,339.844862831184,159.544632600692,548.613717699537,-351.066533188651,-370.143693620618,75.473553928389,-239.366495834197,279.159938873059,-397.795791213632,261.690475955196,-151.28777405889,-51.8370799597397,332.447555160626,363.066750730105,413.396634302178,-121.900053094201,-337.148165443048,-405.199145644099,414.755025462998,253.53460965105,258.951584971577,218.31673813428,761.775791176053,-257.766522569837,52.2624251203285,241.92863652757,227.127565492786,466.796500643747,385.96840889896,-65.3640575420085,-553.940928527482,2024-10-26 13:00:00
335.509469825621,530.863648604572,595.771879294129,-255.99117322839,143.289844412738,-241.999196306698,-27.7859258891699,332.763938472477,141.954461476647,89.890418473507,493.78239424025,251.187607536506,137.995508043821,-233.728246796899,442.932558549641,435.012084736744,-170.872041714269,-593.186871869438,421.630725107618,337.115817245372,163.362522476163,548.397504829267,-354.122120601298,-376.11048497307,79.5606495237779,-237.058838754925,278.557199685917,-397.590847265361,263.438489102555,-150.800254710467,-52.0485168519088,324.075097943257,360.576782670128,408.022203393463,-131.191715022242,-347.60829897533,-402.823109730057,414.332861745453,252.155585924825,256.156430273657,216.650672014974,758.43604527967,-260.522809545412,19.5649510614763,250.886288842465,226.13874232647,462.843771669286,382.071900451421,-61.2286860225583,-549.875458137603,2024-10-26 14:00:00
323.440861144754,524.414089527817,594.918681133439,-254.998960520039,143.407787201705,-251.654619898591,-28.1027750570027,327.150160859211,134.468190174852,85.1586308100672,484.584958576709,244.144484566011,149.531571094455,-228.925354567803,442.573666297758,429.473424069421,-178.766274239616,-596.90842195358,415.896413436651,340.408835848737,161.427338809836,546.316324115866,-358.4240017929,-373.764360971591,75.7116211660389,-238.497798349099,278.145758431598,-397.098597860705,262.203209381108,-148.174452369341,-69.4764844314266,322.615532309789,360.050055732256,411.502377823212,-134.426494400666,-351.436414979266,-401.717290534376,413.167728254251,244.300223574885,257.524090940926,215.794806392206,759.457902557829,-266.815244448088,-40.2517363944714,255.640164272949,231.248109426377,458.616248736745,383.799533152834,-74.3866864367205,-550.784507130503,2024-10-26 15:00:00
319.58557418331,526.58176205054,599.004930715958,-248.395387125518,144.173468514456,-258.107672273176,12.4227047365714,334.149641945047,147.83924528393,88.9212719177267,484.019324611302,244.059443422965,150.318191380605,-228.64001191416,439.778816028243,430.442191690543,-167.532559309852,-594.574962253407,415.895882974271,338.744092019603,169.872593087462,546.732762098181,-361.149519916059,-374.630886279384,84.7459163912636,-238.398143290679,271.393842000383,-390.432659806373,264.148778801074,-152.496771270318,-40.0219805668391,327.830163286426,362.095355219587,412.183986305735,-148.008728222319,-346.323968247647,-398.903723961427,414.303442262836,244.461811093553,255.497169064057,216.139879770475,762.634595448174,-271.32524625127,-32.3519436821213,258.466005594996,226.785843586469,451.787515802184,384.348099003339,-82.1500634526624,-553.584421335593,2024-10-26 16:00:00
319.723153657833,524.678731165952,606.035172647648,-242.933806465482,146.986226200551,-259.834287737479,51.3321144468428,339.878165626357,162.010400110944,88.9107015554376,492.107033751175,247.428392604307,157.828638950508,-226.913881968184,447.556467436787,429.75098258153,-163.421979326164,-591.979206274535,409.97513969922,341.434779523146,182.566098185423,546.365954182703,-356.040312748377,-369.698536798789,95.527442498337,-228.568775392391,275.062681709018,-391.844075290851,260.012580197009,-142.794380635229,-33.809259651887,335.489194357659,368.460202178332,418.012815516492,-138.448105398602,-352.584211565961,-403.176985661682,419.428264603838,249.452481575055,251.936453478619,216.261910125767,763.957979593422,-264.580914437531,28.7070196446316,263.874041368294,222.824183442481,450.936826407507,393.533158586051,-74.1195587432565,-550.229034555281,2024-10-26 17:00:00
324.436962130356,530.710342434725,610.361927073046,-230.637402538993,150.220027211429,-250.998230577331,88.4862229869623,352.390573521818,178.699656451298,105.41424631486,499.706837535353,253.238824146722,172.36188604758,-228.481490837495,453.368910874345,433.956780759119,-151.809627814525,-588.628165198779,415.747134385861,348.751337882051,197.342532773972,553.08968746662,-345.068712356318,-360.780306447307,107.704848575713,-223.650785389492,279.832139051106,-388.459053493596,270.869479194639,-114.3466092709,-18.6703698100333,338.539734705531,378.821226277909,429.057196828925,-119.60341347784,-344.361599589894,-404.83220438503,421.627305754614,269.109015414934,261.447190202041,230.605197221876,771.482050914208,-255.57770188425,51.4755143265009,278.07344664839,228.660972066263,459.195125740847,398.846455466816,-58.8245999308797,-549.54182569163,2024-10-26 18:00:00
344.091643204781,541.293100695959,623.103863108167,-215.173149253854,180.48143691678,-231.174133200507,115.73465820156,357.593453304224,201.060366621818,137.043447147233,516.058359554228,270.794397125694,184.053454708645,-208.885787892662,469.401699854755,444.924140773413,-132.14250805679,-583.406577785417,429.005500060489,366.840098462588,218.646922863173,562.408081205735,-331.612449121685,-349.200707397294,128.411496602487,-212.112390070132,302.048974905536,-378.481923268433,290.459287460657,-74.4174104186293,13.7918112418529,356.58347028978,388.013558436369,443.182489539677,-84.6448945970169,-334.247885554824,-391.55117899118,427.677482312672,283.943710205977,279.189252879734,261.187651479362,785.830968210146,-231.51163378094,88.2419962045074,298.544401307727,252.42765972228,468.147496104011,413.423351996702,-41.009898174711,-538.416624389083,2024-10-26 19:00:00
355.649047510363,548.84731467613,636.936522838586,-201.647519552748,206.987954870677,-225.176660688108,132.111427751693,372.750040003454,224.009140147466,163.573193941117,525.629629590002,284.057393926634,198.197312447177,-200.255726470643,485.357161985665,459.801599097065,-118.85554361018,-573.239610082679,440.209245604657,383.738090035037,244.105355050942,568.004553487711,-323.226662245745,-340.014257076572,141.867324205183,-193.231925686579,321.100406416898,-368.882511996746,303.232634238875,-63.5284455205812,64.6896501439936,367.285539983237,396.230017950254,447.085934076674,-60.5129999890428,-318.905359474864,-380.470414150157,431.735310442057,300.312683352285,298.982573379887,269.211479693931,797.773878344183,-214.424689788821,128.20906300017,309.931146466097,258.137477912188,478.416588110963,430.864471838505,22.9361130369381,-533.734499860625,2024-10-26 20:00:00
356.790359529857,557.312885817063,637.923642387627,-197.230878792914,198.676502150402,-221.759587614567,140.637671577859,373.456789097138,218.658348192964,156.225822847663,524.623029543843,280.404359882447,197.747558660168,-200.353243175,480.316582867557,467.114815719426,-85.3160429242485,-569.021550724037,443.299561963615,390.339460655276,235.751628516148,570.487410149266,-328.843147510412,-338.82455997987,141.484761439926,-192.458634109917,320.600861542528,-368.267499446627,312.5669609232,-34.3255226727476,66.851457956905,362.028189596975,405.194064492802,449.360089754705,-68.3831974774632,-314.227188742691,-379.610736525225,441.21081611148,303.237510972433,298.266283936354,265.553457351608,798.557537403052,-211.737333187642,131.132939149316,319.945969223906,255.642637536136,481.88384343515,436.031629805687,46.4695825329173,-537.033071040438,2024-10-26 21:00:00
349.240543221315,547.271617768105,631.254595604147,-208.554732031574,176.465763377291,-237.178819177765,105.398360187232,374.303799593275,195.673558093245,125.857157494392,511.676156595279,263.772789551666,184.0497759379,-219.348726769262,467.775799046298,455.773032071438,-117.858786036277,-576.784299850255,433.927698924931,380.733003763735,217.992913313322,564.199043201326,-340.386796024896,-358.671993282249,114.824248766607,-212.61609326416,305.982390793782,-378.169123473941,293.477651105126,-79.5823905893619,-37.9484658943139,350.363726175822,383.639310154562,435.346068870689,-89.622168762079,-332.622722856226,-387.918581497287,431.879975637167,293.57159239996,283.343001412373,254.320973079659,790.617544634032,-226.145643458874,119.583714321916,308.230643337999,238.552235536945,467.904674779322,432.952794133207,25.3932269854961,-548.716415704939,2024-10-26 22:00:00
346.770416514199,542.018468570013,630.96064553226,-216.1379398369,174.842158362147,-242.915164570648,101.561909468382,375.732727071939,176.99513917143,116.148111300999,507.260862295507,265.937259330067,173.067872494807,-226.046125155355,469.032760140083,456.290732045661,-133.035562761432,-578.649550574958,436.595169931029,371.574331772501,219.552011625921,562.382051508794,-342.526687275824,-364.625460026813,89.8325385682764,-217.896613394117,292.874851092983,-376.216624145716,286.817627711749,-85.5951655144527,-44.5895189876604,341.810806733355,376.239220196966,437.772888311687,-103.952389706191,-335.404087511093,-391.028126909591,435.197110071514,287.177473897299,279.489437717271,242.791460204738,789.11676564213,-232.851705659783,126.438511402879,311.805996781811,227.796763039358,471.027896907305,429.890305623661,-11.6360905261232,-555.646181681439,2024-10-26 23:00:00
341.871164161247,535.774697559662,628.784772076392,-222.484911474636,163.049394221375,-242.991382864277,92.6217406745641,378.491831408123,169.9331360094,123.472127402866,509.443633369082,266.749867915027,167.594808887884,-235.28068668649,471.857449583955,448.915684870798,-138.127246950617,-581.551710703885,433.867755577402,373.00699591922,212.610396152574,561.260161142455,-347.970405728673,-359.957390725848,69.2322458550145,-218.241464103862,291.329485524909,-383.316275410988,282.043973913861,-65.9592576728193,-67.3368659278127,333.406715709259,370.15129025763,430.339879662929,-101.534147447376,-348.829843621611,-395.582330470378,430.906867244998,291.324559545813,277.157977230374,227.949615041911,794.0499847419,-238.778208498733,122.162212458843,305.463717049464,232.052247927334,475.390205182656,425.689066802346,-11.9349569570753,-557.975071440428,2024-10-27 00:00:00
342.2415200317,530.335640946125,627.731794855576,-211.660698533491,158.91561056227,-253.712309400798,91.663879231526,379.268339051003,165.826999578454,120.349582340872,507.771929606909,269.527543320833,170.135331782194,-234.755496289774,464.329542527074,452.33774359218,-146.684212159495,-582.080421925398,435.939285156948,375.005377858357,203.175013289158,561.509387848376,-353.648422859372,-362.021232651561,54.3206775180248,-225.508997119357,279.13535618364,-385.924227101166,278.961757352832,-60.9951040008543,-74.6558037753089,331.648050712123,362.882765043761,427.354727008663,-106.292117030181,-347.150967210735,-404.118229215562,430.66840491852,295.635708126923,278.382518871396,226.14332549994,800.432450099841,-239.247041771576,118.304411494476,304.443533926735,237.223973919642,473.702549277316,426.352452517032,-34.5975137294742,-555.853909756576,2024-10-27 01:00:00
343.301236165027,528.13078155773,624.167498773214,-208.057250673224,166.726038493199,-254.644705335984,86.9347752673793,381.457086015411,156.863998048418,120.804644171478,510.918608808237,268.653741264232,168.997951650381,-244.79028235299,470.463277182263,448.026032891613,-149.649219824354,-582.780082151253,440.157626140931,368.733188047696,201.22575752494,560.533146098944,-357.74082947964,-365.262008633471,70.8573777309877,-224.062378712353,282.206362605548,-395.540504352986,281.377602070513,-56.1916104175142,-82.0751670152201,329.093919191167,362.562485945325,432.723959915037,-115.904123198498,-341.796822509716,-401.595794661753,429.297880846945,294.397144054604,266.084761547395,225.873493584432,801.244843773922,-246.881030765763,114.846121666333,300.537274314992,239.39482231178,470.915647236133,428.111905289767,-27.1617495397866,-560.281536928262,2024-10-27 02:00:00
334.343859192815,532.469276759675,626.870365175797,-209.090499691315,165.214205385715,-258.629553807164,58.3967735459894,384.452365916477,151.679230187164,109.107802575607,511.83686976472,258.076261424026,160.209634037765,-249.276323087938,466.950520909434,447.264757607798,-156.904691087178,-584.966812440517,442.25089293046,372.94408783002,195.148405888639,561.323983734038,-362.294700873121,-357.111647670153,55.5604700161908,-231.191125886927,288.279017828861,-390.43615433683,277.892251674639,-85.4394259623436,-89.4573385478592,337.30688860642,360.718063105908,435.717939503329,-119.640255823624,-344.354294124074,-411.754835182781,437.7963037868,299.611528371298,266.858588503916,218.359547434023,804.903386729879,-244.826426123666,117.483528259914,293.613098292479,236.872927719689,474.252551218811,428.901761361249,-20.4991269138977,-562.030558481111,2024-10-27 03:00:00
330.196082869461,530.662913837972,625.360069721237,-208.481138316038,150.060534142859,-254.210224246377,60.3352659680242,375.274156518195,152.123175683888,108.00078456741,509.260126329183,262.85719842983,155.28967084098,-243.543127739494,463.681198138439,440.534591508811,-165.497991973549,-584.684763730714,446.126841618247,370.131107100968,176.53245928592,563.612964931998,-367.775683697672,-354.516183429509,42.1041886718366,-232.851194922553,281.018218484274,-394.13073394128,276.658775503408,-86.1727124324886,-96.7868125284999,331.680469922225,363.043434434547,430.380760174175,-115.873465880256,-354.786777054769,-410.664993571592,433.630696015669,300.929517095254,266.430600110866,207.838729676701,807.536271667499,-241.306821693606,103.532541331484,293.488522407176,234.539203407523,467.57000611083,427.702883557654,29.5918016510159,-561.359217407241,2024-10-27 04:00:00
341.571587732612,533.4882985181,626.768543985831,-211.681121489769,163.638216573335,-258.504795966194,59.2325431723253,380.002177596147,154.458702245754,110.62708832853,512.881371563518,267.195963380295,151.34786974706,-238.070977014099,468.395610796876,438.329596403166,-177.782424836732,-582.860532947312,451.523962457086,377.392054399101,169.429306712648,561.309142281634,-369.553100585597,-357.993647375493,28.3259871504021,-226.576592421406,280.731243827245,-390.762696114019,270.795083672733,-83.3606159166694,-99.1352543878904,333.040675878602,370.2454177315,436.619339356559,-91.1225841207979,-354.41251521695,-409.10911969892,430.950102836512,297.979848136281,264.436254842978,217.650627631671,807.289721515582,-243.67372242494,104.167562525625,295.36272912071,237.808544044178,474.423923721031,428.903686039563,41.8564516316117,-565.009385329841,2024-10-27 05:00:00
344.62963452062,534.419270579744,629.06849137089,-206.168058546374,167.310167642988,-258.363753913383,76.4258722822078,387.012859158643,160.111891539126,113.377566690665,509.568284260397,277.84488171419,163.425436607448,-229.002057183028,465.836845748782,446.621013789357,-180.890948915773,-582.420240585429,456.174234437193,374.737653374547,166.515406275602,561.837358792094,-364.912937553576,-361.146545695458,-12.6207202250515,-218.567432638292,291.392937682537,-384.208348576574,278.606288846567,-100.976625424394,-101.730461278535,336.06594453772,377.888223572379,433.710416890306,-74.0325847027946,-348.757128813207,-408.160364312713,433.798769258874,300.816576658245,273.15001946756,224.898078834289,810.189313160408,-242.912033267738,110.245729276168,308.297347483338,246.355254257706,481.583686350781,439.767891238748,68.0299134695026,-562.233931199958,2024-10-27 06:00:00
340.44803186157,537.301578440284,632.47473765537,-195.290470264775,174.022882410785,-240.790622068819,68.0783850888255,392.108834954381,177.013273305936,126.368766694718,516.942732901343,291.642483663414,172.254532298397,-214.980979954373,469.003611258441,459.130933350908,-178.720474984051,-576.931630669956,458.394185485282,371.970558844808,173.00386368178,561.761725369546,-349.693582508668,-362.017612214065,33.1560789043593,-210.647715025489,290.73100516534,-373.38613052284,279.887874161411,-88.6045486536409,-107.279103763041,346.128700937542,389.268574240097,432.549451220935,-35.8930098870302,-342.29464681744,-405.189752158127,435.139732603326,315.133376364843,280.009816357314,235.778579195232,819.217022006087,-234.249451378181,111.714657800942,319.121444710958,260.93872503419,488.239798565822,445.204537430667,87.4967813490074,-567.003013000443,2024-10-27 07:00:00
344.714092276637,536.114171606801,629.396034845974,-190.954289932345,176.1578808874,-231.376307285983,56.608329080655,402.320841560147,187.041603002558,127.40021787175,519.987427860836,290.859448849429,167.76610420421,-214.769893141651,470.12436671691,458.560291453096,-181.656507949121,-575.691178222714,451.244620304975,373.908497559622,178.129426640322,560.688102847558,-354.661712159533,-357.966700395079,37.5674546342037,-197.349378663638,293.048449509304,-371.393674114572,281.593796678657,-97.9973481390192,-90.51806692987,346.103426820133,394.83881292877,439.075727204861,-22.6915366733396,-344.048237838261,-405.19049355135,431.734496966863,319.010574130996,293.414205082795,235.812874841826,815.272334273818,-225.553917431966,121.354586165007,317.236617731824,256.601253766627,494.612875819321,444.127593285215,73.2857355636541,-571.311126591857,2024-10-27 08:00:00
335.754470585151,528.356612966993,616.856136814576,-203.065915878928,160.981031214743,-248.032483739624,-17.2170228182937,395.827801666194,171.237207781864,103.929819201179,506.555502740352,289.497913496039,157.719111126355,-222.233855002908,464.510634284028,446.47056669159,-194.114820580529,-585.612791929677,441.163427113145,362.048010562756,169.527018160387,554.440183860068,-365.199153276912,-369.68227762706,-2.60781491585429,-208.957975729949,274.459907574755,-375.993295215072,271.332866614365,-120.318858085329,-108.714050424649,335.270854041103,386.914851268418,426.021222113121,-33.6813494317005,-350.234336057271,-416.836497143549,425.88591074825,314.6625987689,284.900194457816,224.924924064002,814.450888474976,-239.181018297197,96.1035173728347,309.244787386524,244.104122496545,491.428735258199,429.540762116235,71.3447845785473,-579.845165248912,2024-10-27 09:00:00
322.245542771177,526.097861904844,613.88783512913,-214.214177437644,127.38395872804,-254.500415172555,-42.6375255646928,385.230525776941,152.474390645567,92.7901454058029,492.750105803834,280.108858214166,151.483862135961,-236.689156050341,460.159180627528,437.035607795286,-209.554184262984,-588.677530815882,428.977585543445,357.449438711835,154.655323236658,551.300422404883,-370.460282061319,-368.374746838155,-30.7519135447321,-217.137425921927,271.499629916423,-378.364976736152,265.821348108801,-132.138320182816,-123.633444760209,334.4109910281,372.566549988591,413.991170206405,-70.3743586619411,-348.621211826397,-420.871030760624,418.593549434398,310.313819271624,269.251360397438,206.636214234512,811.344758472829,-248.736152125102,85.1410997645928,294.484223746908,245.872398077902,485.060568756873,420.445388808708,41.0038499793782,-583.925022063583,2024-10-27 10:00:00
309.761278938648,528.653240946168,606.155124633937,-227.608921353277,126.310585070134,-265.396293330618,-67.3273737768249,386.306707351615,147.479399339367,92.3415353442749,492.770813089085,274.482437832029,147.923119690857,-249.176081464052,451.506455618107,434.635515274039,-213.711238293445,-594.24565982105,425.894514721863,348.085394238713,142.366261166054,545.982695314145,-375.862940768257,-375.688791194228,-35.348686194087,-224.387340079234,276.278421316239,-379.96774347113,257.932435567252,-132.945332933662,-120.821717550618,338.588723235626,372.323706329843,409.842479824109,-83.2483668391326,-356.646806375607,-426.7381730979,420.273746953347,295.755473958739,268.889574257811,200.030983889305,810.043549423986,-256.655644066814,67.3781596684062,278.676300540297,242.868945248104,482.351916510316,415.290228332518,18.4933770792024,-584.267839260598,2024-10-27 11:00:00
307.407242488068,526.568610225562,607.594329975267,-236.097838465076,125.613349428383,-264.199236558649,-64.8511433778139,383.320659148757,136.482203026411,79.6278281570101,492.005344374151,267.601249239765,152.010646257831,-253.559305216185,449.577944741453,435.550696533297,-213.242077210023,-598.459051536416,422.320294664752,341.130467161031,139.723211218464,540.959032157503,-377.040858508608,-377.356691318287,-50.9109692321654,-223.651300253889,273.595832584702,-391.712731043912,247.317306082775,-139.396713937058,-128.976106311581,339.84080010571,373.059482845704,411.427923588806,-83.575411919505,-357.329720363811,-431.128957138597,415.008323064412,295.485841170416,261.192047898792,198.58112286449,809.284458203177,-261.419334499787,61.1242218906618,282.685875719024,242.902960358682,474.681281245635,415.432238151869,-4.13201197781245,-585.489753049924,2024-10-27 12:00:00
311.67223584153,518.67762327459,604.576315580241,-236.295310395123,132.546704490213,-266.914844359086,-69.0996195743885,382.184976085455,128.384062821769,80.7587659960266,494.997818041787,263.441626693493,145.149036541458,-255.553067164327,451.125754138694,438.337415902793,-217.658929791607,-593.38613754781,422.723706726965,337.225363786915,144.507576784675,541.756685561428,-379.929283545591,-375.500725978865,-27.2697657651519,-224.476844898553,274.211349500632,-394.44382826053,256.222218577799,-141.695156629416,-139.644747258873,340.100224334157,370.943717576624,413.839564151839,-77.5820782800218,-351.580081663164,-434.561297980708,418.562343548118,302.46485128952,256.007664498986,188.441549869797,812.368128353597,-262.32830232841,66.255121461567,275.918516263653,240.887510669287,472.960972782615,419.826766665698,37.5878764089998,-583.96630316186,2024-10-27 13:00:00
313.859580787257,517.420394051375,599.909875604896,-237.336036192763,127.587069023087,-271.812475047691,-75.2779325624997,367.610625399657,136.720890529956,86.2696020164775,495.286629568347,259.774422400932,128.068338561812,-250.709215156959,459.777547428309,445.923332581773,-221.84313416723,-590.167956809738,421.755804925129,333.158953778692,138.290217672681,543.176501646798,-383.613146576452,-383.016214127735,-18.3360556368094,-217.860694335218,270.334998077713,-393.036416064268,251.370146235345,-146.194888495856,-143.321291505201,331.211146941009,369.875794017567,404.413880634526,-76.6818621635635,-352.574384147673,-429.055371239267,419.019466103993,304.426888364285,252.026437584391,187.300162912684,809.111248764296,-262.680267394012,37.6116406532305,276.838508724754,240.060132924524,473.053474906866,411.817278826137,39.9799142360211,-581.682499326353,2024-10-27 14:00:00
307.052821852802,516.82221981233,596.439508088122,-242.338732187699,129.562673803585,-285.936722682236,-60.7181804903285,362.919413117187,125.535368940169,82.1929124919986,489.730513119565,260.878880013502,125.012209193106,-257.200788538928,456.532694964134,447.720583704221,-222.943554664234,-595.950565775382,426.604847125432,334.075548261906,135.143744619317,541.446457288821,-382.410078629871,-381.801580824357,-30.0077948983002,-214.097329377293,273.793568462333,-391.250894570118,255.37519283161,-147.555783751441,-146.83097533285,328.429300008323,373.001328742193,409.990828745669,-76.2254059477978,-356.066647187747,-421.536256449972,425.843384555596,300.139227739331,250.7207580168,188.66554968595,807.43109803416,-264.563679817698,18.5516835290866,277.087961910785,238.919031850068,469.775663510353,417.831538458382,28.2110901853907,-583.46554560698,2024-10-27 15:00:00
301.327842877088,523.142651048489,596.372701196793,-238.923912050396,121.288128357266,-290.275410497173,-61.2782624863248,366.324268521309,122.583445275246,81.7605748515644,491.342211870521,255.506172200979,111.781364464211,-247.30219792361,460.336689747309,447.820623883635,-221.323927272451,-598.661146461981,427.084344562317,330.094975817622,147.564705582819,542.810866143438,-379.453742984807,-388.705097600816,-21.4544748772484,-217.132699066275,269.098929990246,-389.440665605349,253.483299122327,-154.652158611378,-134.959550267874,323.611193710975,375.068279964997,410.964007562509,-76.8602083802761,-349.127033273302,-424.731983483606,426.763036453777,302.373859588647,246.366113260593,189.938696244607,805.355398943682,-257.210823897308,10.4103382163767,273.767225487007,237.046479094487,475.977938122302,420.04706868226,40.3941179515777,-587.359068699872,2024-10-27 16:00:00
304.329272374859,525.217175982331,598.886892400921,-241.251818306697,128.854882544643,-281.722035458023,-9.53571036859806,374.099524033588,130.638452134985,88.1224127624375,493.753314306604,253.580276082794,119.259150454417,-246.327419958715,463.548645794882,447.218091256057,-211.87580432625,-603.541043119059,428.623289741683,334.652799512619,153.364438890861,544.127808509569,-376.07246400866,-387.901610407298,8.18822096969559,-204.905404891451,275.716017380754,-386.334237110339,260.150259905579,-155.700171405365,-124.775234428467,327.16787398686,387.99653013274,420.819160110485,-46.4052142097662,-356.62023226846,-421.734558434406,436.816384250039,304.233809376445,246.797478604166,184.854533609043,804.042233451343,-249.733277138939,46.3836323935206,272.156824710187,242.411594293986,484.365135456991,424.970628368918,56.8154707178388,-582.723838657133,2024-10-27 17:00:00
314.059552678816,535.624904939419,603.422612033109,-236.739947505834,135.628857166395,-270.411428718234,51.9234871699589,384.507762627303,135.937969771232,99.0455792532165,504.541661035899,263.081148453861,117.954318054711,-236.996564676774,471.124014577669,454.999331446082,-206.31306562276,-601.093926385996,436.225888472833,343.245460969152,163.298803078232,543.281275201459,-362.505363193826,-383.77662904748,54.4160736326891,-191.42319075372,283.857272170242,-374.795797678717,272.26824777481,-148.471176887136,-115.163269954011,332.46083248089,400.082205133201,438.072881997361,-47.4265341193782,-343.893457151996,-411.354398031904,442.128614759189,317.291940295959,269.376984557939,196.252292788545,813.361190062586,-248.430629934011,71.3951072270855,281.432455280926,252.108878138938,491.424966927502,433.14848444145,76.6935674337562,-581.208250317816,2024-10-27 18:00:00
332.149274093198,549.346942577165,615.585903863503,-209.871543859599,166.527457252078,-258.934671728283,97.8582816369214,393.742380604501,169.088780671163,131.862549823863,516.774184590829,280.586678930535,140.70170882254,-220.081972980429,483.667224802497,465.954014829569,-195.406667653483,-594.005836812417,453.603602523691,356.53494529226,186.61918108595,557.551692176989,-346.379458002017,-375.561532196248,81.8501159972023,-179.244489501774,301.235061701496,-360.444585694708,292.449560454328,-120.236932930573,-99.2371440027004,354.839428946668,408.012539632844,455.073729637425,17.0561665917493,-336.513100567161,-404.061642307062,449.027346033196,324.82445522503,281.119995774949,223.445336979774,825.819153129227,-228.423834193224,103.301226680133,302.148787190622,269.516281464687,503.721662191655,445.330976110561,99.2938468977809,-571.331976721992,2024-10-27 19:00:00
346.748433443445,554.175015454713,626.004426398255,-192.18023199856,182.330873278835,-249.837865258248,104.658951421299,412.485188875633,189.026943121815,165.329356332719,533.16419755931,292.971876406601,170.710597661849,-204.369835038159,494.039879439309,473.097908048704,-181.810584938526,-586.255296098808,467.952848927602,375.056570054103,209.637494634755,568.965020653111,-330.370694800988,-357.815231447288,108.673780253686,-166.712270715625,319.950239708044,-348.619044407925,306.608105283526,-101.56597339773,-66.6502984377946,362.799277252246,420.313179741218,461.98040482808,63.7985913070299,-323.753861750115,-388.585946541054,452.388982109244,345.467515107426,300.392240857492,234.316059848725,836.89222208841,-212.00191327813,130.942132931542,317.159204355169,266.516259433777,509.320108562959,458.125500076741,125.131625759288,-560.281244070192,2024-10-27 20:00:00
351.294600948762,558.898258514102,622.227236694543,-192.737079076654,167.456471642905,-246.376873344269,109.075679005584,413.663625221934,172.0134195304,166.593728331045,534.296878858107,299.332521226326,177.524298225618,-198.581079600491,486.934014282167,477.830040951121,-167.941527689671,-586.294937188164,474.472197861472,375.309791198875,210.517031180126,569.723504904037,-326.543777086829,-355.36895535725,105.336944633383,-158.318226402157,322.327724235734,-350.830767639538,316.43158367205,-86.8011197629661,-68.8245819434842,369.282418767549,423.986920887654,460.846337910376,54.5725118321811,-318.406509166601,-384.946668550202,454.24761175436,349.335071404317,289.908566029285,239.035737101925,836.283591444568,-212.31731506915,134.543211952811,313.175074715083,266.271963717335,518.251641302214,468.945772636355,126.436661886875,-557.643004938652,2024-10-27 21:00:00
337.488764644289,553.78849524327,607.946565537314,-209.963765402386,153.159484162569,-266.272599862456,67.2428786335576,405.457975521084,153.385291653259,146.641746872505,516.387040079478,288.48360643666,166.006710431727,-213.185077445975,473.651236997977,472.416200263168,-188.653788815022,-596.554222103534,459.287852823204,370.611209234996,194.855200763053,563.624884736983,-334.422750390808,-373.718850162124,79.3976333069928,-181.857137762963,313.598006750268,-362.239681987426,304.780910561025,-113.377883091987,-95.4368291175372,361.153072567469,403.842949200835,451.288422174209,-27.8429820753996,-337.879066416221,-395.709645270851,442.405004093353,339.419241486684,274.124482986526,223.358759117741,829.58355924544,-222.943713416569,123.208597870106,303.124991156507,251.199859363197,504.582163809344,460.824976005729,109.03837133216,-567.899458689326,2024-10-27 22:00:00
331.909275810875,553.202577610875,606.332630726666,-211.518155210133,141.750910585834,-271.908317659751,58.0022229185786,400.752407915597,148.789085997402,142.562557097661,516.297434465511,287.071207556673,156.795228523618,-219.130029649286,476.658906539689,472.038444831904,-203.855418759407,-599.486788658728,460.425862362674,374.332439938019,183.864241811776,566.359740947795,-330.719574017363,-383.467556602645,73.7169247594001,-192.431511269447,297.636203170109,-362.65759645665,298.636439301961,-110.957018327412,-99.9998450349961,360.127702899062,394.592276942728,454.638356052079,-36.9952770773127,-342.879273624745,-400.092615146632,452.267807580907,327.316399322917,271.443955861943,214.977486748318,826.136080409137,-233.181026547645,122.227613210095,300.442380715941,251.147240276957,499.336160468377,456.229859464776,84.4956442823212,-575.110532809678,2024-10-27 23:00:00
332.251741414942,552.181300677347,601.298029708341,-215.412695869933,120.135255321543,-270.804603480833,67.7778877929451,401.158582852132,135.567380122111,144.581706940253,518.133159495706,291.837286278432,149.635770735745,-235.811703281202,469.311001074417,467.442002060733,-199.656013565523,-607.079577081102,455.7015256595,378.52491035902,183.069851399833,565.988286734371,-335.22741172328,-389.463838283017,69.4494406122754,-203.335864489952,297.03863070466,-364.787923505713,300.416971227777,-118.822153310622,-102.991465639239,361.098498231019,391.319078690549,448.442938114398,-49.4994514280902,-351.685691974037,-399.611103325686,446.313627100063,326.924248746719,277.447447829859,206.39150035472,826.383901134823,-240.235739267111,109.71730848128,303.84029147777,246.525582204922,498.559216239916,460.102542626201,77.1832668606821,-579.266723566009,2024-10-28 00:00:00
333.862425876473,551.033586134064,598.761482736128,-213.429254891876,122.172574426792,-281.601909810996,58.0018062902464,400.464696050647,120.762209057844,127.629717367759,520.857458979117,289.987900228016,137.427030989931,-241.566037852496,469.226930550103,464.499985829407,-202.014062319377,-609.579876940176,456.244015603311,383.529245876158,181.179747145108,568.321499342683,-341.338233900771,-389.378534769917,75.8603904504385,-203.388351248359,290.155030294597,-367.794204018069,300.976823605117,-113.739464838226,-105.686528128719,362.764810420905,385.508637024874,450.141423503333,-43.0552991420137,-356.631220625361,-403.342208195556,442.614356227679,329.586833945006,273.485521347197,204.316408197668,830.955498977438,-229.198320831968,123.161214133459,309.034446332762,244.926930344274,493.423797449607,457.58720060914,67.8831048852046,-575.825410086184,2024-10-28 01:00:00
326.66517526514,549.583364423685,599.099534253914,-212.946935146773,138.655132086208,-280.155120986888,47.4864071736551,393.200212692564,114.864540109612,122.947788578129,517.73216350929,294.867990748624,137.914748735925,-249.672685096658,464.819969795886,466.851925840556,-204.350374750512,-613.278869766601,458.396299140727,377.131223405058,180.314079690351,569.514091183569,-344.415394857417,-383.382421177546,69.7720559423047,-206.619627448859,289.925430957832,-377.47665382756,305.832202879556,-116.32966049176,-118.580719421583,361.632912336835,381.091464462033,455.441578250222,-43.6983195125318,-354.394872070234,-409.484890298701,441.931724070183,323.872719277205,272.000636286169,206.193826695994,827.996443260302,-244.185787225182,111.573119506869,305.591908264208,248.693626311953,492.954847777661,454.727331121294,64.1914289527799,-580.098988046098,2024-10-28 02:00:00
321.4436255233,547.855571918561,601.747366656843,-212.786198106321,136.314189461042,-281.520121435521,-8.12223755319768,395.322718853731,115.90148380233,104.135595067757,528.030856399601,291.033434148952,137.967727234749,-255.570200358133,461.712468698174,463.664795685461,-209.054145633918,-623.398082317755,462.789155347394,379.704127560269,179.875641747588,566.118557374,-351.448209525996,-384.03538209292,46.2564384793697,-213.839103933161,286.659905492076,-385.558944632327,302.097877609829,-134.347589134654,-123.177557454872,365.431882102423,378.8211185428,456.387429140325,-61.6152121543352,-356.965957978352,-409.809872727706,445.984626700076,327.185506513646,272.547486379192,206.688298236656,827.372500207748,-247.851805756883,120.004337709344,300.978816257591,248.949250496691,491.495956413489,456.938045264185,61.0263366492612,-581.871395460033,2024-10-28 03:00:00
324.264897282262,551.653325696148,601.49321882135,-212.153996151672,132.326451368235,-278.94193819212,18.405541197325,394.510981286309,114.155570493854,99.9488394899687,531.572308804591,284.423744612165,143.431157410489,-247.006835405223,459.873548827801,462.427185790582,-228.498106960076,-625.354152038474,465.535809283946,370.142719788993,158.996465394309,572.608771169857,-354.136538213043,-385.750566416068,36.3037429835717,-218.154097735293,277.213586028553,-383.911658869672,296.927851139574,-135.709711900105,-126.850979449907,363.25734828102,376.597252277686,453.85576421729,-62.3772023184646,-358.762801233328,-410.923864450935,445.856144176794,328.055330412082,267.651462000108,207.106344560647,830.929573851334,-250.455478616898,121.079584503644,294.23793507267,247.633595575547,484.433708661284,453.165228774678,78.6892564894071,-588.045153091378,2024-10-28 04:00:00
323.557160357665,549.734125599946,603.183306261815,-215.026750122526,130.842732511552,-277.152742063826,49.453685825134,393.000783897812,125.447727567312,93.3921417371129,533.901292016687,285.918405956675,139.596739940433,-248.550020645354,468.041860114035,461.429781126289,-235.896084465165,-624.235268182187,463.7790095777,372.516760360317,164.374152631509,569.597029736432,-357.245405491975,-390.248713862519,31.6588948948927,-214.185910705913,276.98289303764,-379.596459077266,296.508929374306,-136.455939438661,-119.73109989499,366.038586938997,389.146251131522,456.168098749062,-37.294302508058,-352.421783836558,-415.431189015932,450.11405604172,326.051666584686,275.063037676793,218.356694457287,828.616286135642,-254.490841451511,126.743314249293,296.351499245941,249.868888352506,488.260208425766,452.596615022685,81.6459376174351,-587.555699123153,2024-10-28 05:00:00
330.407995912533,547.138132900812,603.24546386643,-206.26435566416,146.171381053639,-274.102463159436,43.7757844426374,398.554555148775,135.243729327651,108.054707979319,537.362759121642,292.090948181704,148.515985702962,-248.69466847759,465.868023287654,461.944500821932,-237.461528097644,-627.743983727045,463.704823493694,369.71647729409,169.848860112884,573.431559490874,-354.130728229997,-383.419898827542,48.12942320472,-212.752900207134,278.600486691386,-375.827850543851,308.314665507913,-138.001692132922,-109.128019764521,373.246874285022,396.252249284794,454.434157425815,9.19960314649056,-345.42569018115,-404.075549205516,456.998378674476,331.724751905079,277.631780995073,219.10146327388,831.668557891807,-248.876001790647,142.655910190916,305.576180653958,258.181999888606,492.369702392655,458.682988930105,87.9322891009352,-584.329507161309,2024-10-28 06:00:00
329.780976716391,555.751484185812,605.392276565398,-201.894051991025,156.379888516546,-256.916449354354,31.0365802830963,403.095114097258,138.869918563626,119.209806146042,543.875998126071,299.241579574825,145.873026229285,-232.031063435014,469.023011019652,481.660996711859,-232.543672419683,-622.067625579337,464.669862326375,375.862795815218,186.154579871211,577.729600693158,-347.056603246085,-386.17625001448,63.9642539802004,-210.859093392303,280.688159716578,-363.132078313446,313.975194471263,-127.489265024646,-112.686392779489,379.153013663993,400.419013743944,461.084227281601,42.820196189928,-340.780390470932,-400.805945842375,461.484002087452,342.914557081618,279.850885857524,228.151356899532,832.591405594602,-233.292847545063,140.904669044665,315.02851092349,277.694202138016,505.339119524943,465.335979364993,100.380025872586,-580.233341061657,2024-10-28 07:00:00
336.375765970203,552.759081425227,601.420872577845,-198.662217398437,153.653625089957,-251.011116363137,34.780564144314,405.47346433663,149.978075092799,114.612367668417,551.725684054738,297.827077623953,147.040622485413,-227.620101812839,472.841664257254,488.211396202792,-233.002228302293,-617.123148632146,468.358029595095,378.191104045232,196.572211326449,576.257099120566,-351.238110186303,-381.440463640479,70.2035654391321,-192.877661927585,284.974814983913,-361.198297375764,315.489416523583,-130.732190482059,-102.795617079234,378.938905054099,399.591412739235,464.613586887766,63.7639137215398,-346.804050478963,-403.043160404327,464.141548481725,345.739628391328,283.132916151672,226.999295572607,825.035235982735,-232.007617592336,142.208967264611,315.817562960046,279.810671669689,511.277679823879,468.884278334067,93.5157631715574,-580.104172084033,2024-10-28 08:00:00
329.224502925501,541.721461141214,590.13834837736,-212.409282568632,139.880038127586,-264.522536933247,-7.86255315349826,398.389752597798,129.137402646369,103.554836708071,540.168788272206,298.253019688815,127.983278750471,-236.889327624305,462.148604761747,474.708774147528,-239.135857519272,-623.05293120766,459.627716907313,369.034035648012,177.174975056712,573.68325923982,-357.385022637052,-395.609259947405,54.7054114976412,-204.485945693173,269.996323056568,-370.058926401676,308.499856916631,-154.395956398067,-118.047957345309,362.66234013469,393.371028591732,451.32172941745,40.563565009917,-360.49100710207,-412.61520291653,455.765536512176,342.91008090687,264.837611076533,221.65579121395,821.856356961521,-254.366576683634,114.544288132247,301.935814996176,266.149570033925,507.27755581011,458.119260007177,69.1848526695663,-588.482498537797,2024-10-28 09:00:00
322.907734063296,533.919678456908,588.894412007189,-230.268068012898,111.262805812633,-278.520245258173,-42.3740740593592,391.212318948339,113.837290907209,94.2922142171539,530.087909056079,301.56598068694,107.64205313653,-254.786392779256,456.116802643553,469.393688906066,-249.126867960633,-629.630151290718,450.199058303796,371.437465388667,159.168417242649,567.647711263438,-363.384794436779,-397.383218381424,27.3273229011492,-208.367964519859,266.934477612121,-371.026397295314,297.526964258089,-166.590041860261,-128.240534833757,357.740235664388,382.8449319234,443.049443138445,-11.2567830300488,-369.521660616936,-423.265198879017,444.242570628937,339.710035921272,249.90899874399,208.635253010451,819.689888072359,-259.079851244709,109.646310254175,286.250913773049,258.256275399987,500.104115190036,449.761866587044,44.68699072398,-592.551149191721,2024-10-28 10:00:00
318.172448544616,533.186888469636,585.461374452832,-235.194473328914,107.766702651308,-281.738612260311,-60.3184531599059,387.165927355189,122.476685957652,79.9535101790125,527.526075798544,301.377190111166,92.2435838663625,-265.800783330543,454.848336686117,462.577510784407,-251.250402708671,-635.15984171819,448.759837208947,368.498519461035,148.44312358293,565.788971619174,-366.365705341297,-401.702700582125,-30.1826509051387,-208.291097598306,260.596018030907,-379.392540165945,286.946067978073,-168.44711023205,-126.39134942613,352.078426590826,381.307580165955,439.914210568911,-23.6318896210251,-377.732436137945,-436.392987279976,442.071997040092,330.657806625937,247.154800883014,211.730671336825,822.516682544677,-263.47982980633,96.1841013483624,279.160408187706,256.380471195796,498.482301030914,442.900733607243,33.6381334112547,-595.50819441081,2024-10-28 11:00:00
319.046826306832,532.637904354398,584.289983200724,-241.218982769281,102.314703834935,-284.821495999528,-69.2135764299502,380.10631032175,119.127608134569,43.0344300687154,527.361288767562,294.538395735585,92.767470629358,-269.419850905058,452.082331261683,462.073524243371,-248.892832700302,-639.125067678433,444.948098564361,364.693808364372,140.240469734902,560.852732806936,-370.623067440732,-400.820679564103,-50.8510631341647,-218.998842205279,256.517335280013,-387.554661255972,282.93429230568,-172.361749433951,-142.519045700352,342.903982678837,379.13078512365,439.332186490215,-43.6886038489429,-378.59315263472,-437.487571976279,441.791158625026,331.074541500633,237.424263916276,210.605961047238,823.813335684764,-264.786152295294,91.7739492457312,282.53609362966,247.469808111441,488.730928236804,438.879392344084,-13.8536060975893,-601.308841534876,2024-10-28 12:00:00
325.509211361409,529.815822450975,586.527795774522,-247.855188855107,114.069446687142,-278.653337136089,-68.6935420480023,381.09343676301,107.176391622349,50.4004011989801,526.021249831127,293.950674822936,89.4597825841104,-258.946069741459,451.908516168788,466.200180719143,-248.737125159461,-637.165236335885,440.803588740139,358.66189495124,144.546132908729,560.984956789971,-375.304592001047,-402.296734885483,-38.5336332093389,-223.117129020658,252.408780344211,-388.495790172204,288.378462660392,-171.059887498135,-137.37680872148,343.367190382731,367.345742152674,448.737592936138,-36.1097743368009,-376.759373839071,-445.118272528797,440.636021774201,340.817124587242,240.235468111483,194.126016239824,825.858517166672,-267.133511468408,81.341174236472,273.699136457647,249.214525429856,480.688399546914,442.416042423009,-10.2601841492665,-604.1068080838,2024-10-28 13:00:00
333.255346692291,531.967155036602,585.831586221914,-252.122275448218,107.6523962985,-281.491879725305,-76.6974505568249,372.493589807018,99.2458264698281,50.8360349653323,531.778573299113,294.816358503191,88.1145312260425,-248.74279400121,455.11553899989,468.135232803173,-248.259007016976,-639.081963859521,443.976304845078,357.099681253573,145.083069987746,559.882879346597,-382.797859249516,-408.66578848113,-22.3865669029817,-223.070437738789,250.463536371411,-388.309544434492,286.388649044913,-171.531416178167,-136.010998955245,335.445545642752,361.693647753458,451.881985659627,-64.6864469096912,-381.31615433068,-444.029552536488,438.277906892201,339.058571161323,240.60302728038,187.364706914919,824.821791563106,-268.386622014281,60.3872737339653,277.299961602774,249.788642272686,475.91973667027,440.575108131934,-41.6931527208232,-601.659141271342,2024-10-28 14:00:00
329.399419275979,532.732801705763,583.394833631341,-261.548248679673,106.577136235904,-300.128887883022,-54.3606370929676,367.013603226869,97.6573447944036,36.0296140499323,526.865352256657,301.972184821712,70.9930376513443,-254.145478734579,455.770426342324,471.065397790716,-247.796132760724,-638.143515905041,441.51870419622,366.170213339398,140.613462918473,557.748684703891,-388.318923804052,-415.824692972546,-35.3318687229275,-221.531483065371,244.175713821448,-389.835530654296,282.679561984505,-175.526977895347,-134.882037275136,328.355042659175,358.022083122708,454.47037989129,-72.0958865604876,-391.100698015085,-437.498864509929,436.213909261754,337.793393083212,241.854300272203,189.960778563541,825.913718733019,-271.691006681203,74.7112066245332,280.299439430785,249.791787220633,469.400104783503,446.701833131089,-43.9070741444694,-602.888281179012,2024-10-28 15:00:00
317.398858198911,536.210184492702,587.671124501298,-255.352165238024,106.63950383764,-296.604648027454,-53.6770461749114,374.819541227713,106.40145966582,19.8416997694476,525.001073668083,299.206741940082,75.7851371991737,-247.553327712372,453.912900351442,476.204303926852,-243.585780238557,-641.071197659669,440.890991710774,363.010741271592,143.346852041388,555.423776763086,-389.540405856724,-420.859838355927,-19.3950614621322,-224.985531605478,239.41643462583,-385.402186456039,285.954631263082,-175.674988741464,-119.955904213033,333.900387868145,359.735568720168,454.665321214467,-75.3421692565826,-392.623546562022,-448.137909056083,434.039235733984,335.117657268842,248.253388031425,195.389438883564,825.19759773571,-265.38924274055,65.7341413661931,287.518802587271,253.939314292456,471.112727872786,450.93219837065,-10.4591906470835,-603.77681950451,2024-10-28 16:00:00
319.598648117016,532.215805083969,589.165595774789,-241.799952163874,120.013531927022,-291.89874092187,-64.2955303264891,381.45051805282,122.817423865036,14.1546050295053,532.510275909737,303.594903344327,78.8667330894527,-249.173789155253,464.243438494818,471.041887189375,-240.513909087593,-639.424769383959,440.291746945821,367.963979345775,156.418367116603,554.810761773548,-389.292546079923,-423.460633318145,21.4765843853411,-212.216023928972,245.010241092027,-380.261640167087,290.15503871568,-163.445427852095,-114.250877818804,342.19021446135,372.815224317976,457.342047706231,-55.6026548683778,-396.925346802978,-444.757001432918,437.042672110792,337.627916751148,259.900802493255,195.107051717457,830.326840403583,-260.409241279777,72.1964339609465,291.878863756687,255.056115834236,467.447472634175,455.344126791385,-28.5568807058522,-597.781854389866,2024-10-28 17:00:00
330.038056340844,539.309521389387,592.31602470686,-234.630967649509,144.387688017421,-279.488762641192,-34.7307700162927,388.355422949224,144.951334175442,25.7609391357943,535.547836123529,322.59840765214,88.4542583420341,-243.977655046563,478.186931329655,473.769086945127,-220.83216543098,-629.111701328514,444.716453826404,374.737747825456,173.752060375256,559.313750343338,-384.426508502393,-416.34505545984,59.9117232894868,-206.562435654064,251.331590053575,-368.505307522626,297.255772277603,-148.04933202105,-120.368546707535,343.23557046708,382.06668982712,462.870335690908,-28.1042610022924,-391.022571681623,-437.484079526312,442.045297911058,351.622360392266,285.363576811943,202.768489829923,838.766805532696,-262.192040729459,76.6364567159667,297.562553205379,276.49653747374,472.793751159031,464.683444656164,15.3525563426981,-594.137672789187,2024-10-28 18:00:00
344.55630887494,551.59782885441,603.594550425866,-215.645644605269,177.490106847348,-266.31658110238,30.4202280602033,393.224431151684,174.122317697744,68.6142564374364,548.759120231367,329.601009734837,123.049267120498,-226.097205662738,488.598687909635,483.86130280415,-197.855941727902,-621.585841956476,455.378644307883,384.444723074189,188.833589880621,567.065589892103,-368.74497650207,-406.714637013141,91.3003479074584,-197.696795832335,271.527304003888,-357.144265920183,311.09535637945,-124.44177155695,-103.953472332899,361.894586726052,392.422926400087,476.659417866213,44.3840997405844,-385.897719714038,-428.561052652017,450.237142704366,361.408481627813,290.342173716047,224.143385114854,845.77455751621,-244.406199048028,91.663904830072,321.212187506945,299.264607373401,486.918708924445,480.712824988712,65.3385278162594,-585.55794664637,2024-10-28 19:00:00
362.638194765142,561.336901362849,614.968921194619,-198.384096257254,200.337003629141,-252.192994367985,68.3777726760633,409.878296042639,194.252448133119,113.285151617834,557.762777839162,346.100439745933,137.243332386517,-217.419392519153,490.57077481019,495.274697291849,-188.500665142094,-615.569310656575,466.620903899251,410.061876197308,217.179870237075,578.989039276601,-355.369573454099,-397.300233367723,134.611448040672,-175.915931756968,294.22886576458,-354.362226165442,325.901424332534,-113.184586451283,-92.033072412771,381.57667908355,400.177276474639,483.373707498367,67.8466772139349,-377.292265726286,-420.073772766996,452.824356162594,380.272138112315,308.968095497785,232.665476304965,854.522229120531,-234.169671452507,135.393727960941,330.495215623084,308.722458610178,495.457064697173,488.103756710141,98.9047726548317,-577.56051271755,2024-10-28 20:00:00
368.528882603772,562.805067806636,617.592339726924,-182.847405805808,186.15642435721,-253.222511769351,62.6899090669939,409.471917861429,192.376989684875,104.959474692188,559.763189501376,354.146674996966,132.714703892288,-217.113880331913,492.180062904488,496.76791010677,-174.27560525286,-610.193909851458,466.729728195259,408.828375431742,224.182535539163,584.135764988146,-353.514700584419,-396.914484032512,134.456181865267,-168.929104378996,299.593478112822,-353.426099152239,325.625312709354,-110.319925738345,-90.9082586508498,385.589271208255,406.04891899488,484.181542728651,50.7782762065354,-370.147187350787,-421.796506447858,455.610781643944,383.88682389989,311.385567188811,231.76537960912,855.710681358189,-238.092046169278,139.299048568414,331.074842563881,310.544211712256,501.329105003449,492.933575311235,112.213724002013,-578.635507878896,2024-10-28 21:00:00
355.04617437677,552.893341509435,605.66526463153,-211.298814355169,177.708045618871,-276.266057667039,-9.3918323225109,403.611792930131,183.613023588687,72.8028861160392,543.659723978934,343.332567462824,114.188768899036,-235.098003961528,482.836216388326,484.576048476051,-187.656642576613,-620.441641862315,462.34402412319,403.830879225313,206.331490128907,572.141011858839,-367.77719694248,-417.241204304485,118.890037349461,-191.206479748602,292.561436616095,-366.000334957993,312.235432383606,-129.195476965413,-109.702666881866,378.221592259046,389.720519779705,471.434040249946,-17.352330273282,-381.816581021775,-436.161810036819,446.043366504316,370.021037982204,297.676562774554,224.438208380822,849.63873587818,-250.645058668125,125.975136757608,312.016399426827,299.91216509337,496.031820499454,481.477034368411,109.059841673976,-589.55648645871,2024-10-28 22:00:00
349.411290775622,547.283819933167,601.955985727835,-219.346401988688,179.508814532131,-277.135680083774,-28.7653359142756,404.378445821119,181.263436102553,73.8066214458179,542.386265709707,343.954302022652,95.4601664367593,-245.408071463082,478.771154557859,483.972686998022,-198.229642830852,-621.513541093006,461.927707609953,401.977193021148,209.293932961591,571.164579661825,-363.501409920063,-420.008482136149,101.611504527049,-195.367679745669,282.159213257839,-376.847344238339,309.847474341486,-134.446908225784,-115.215137284882,378.682474551499,383.524267346182,469.074678876721,-42.3728438222033,-386.490378613087,-441.317601142838,449.954363655865,367.196293753972,290.896688434636,206.575920808123,849.423981501805,-259.418139498007,125.257608836328,311.417152830272,297.086180022034,493.500528269264,482.138350271923,84.5450672515062,-596.797964494604,2024-10-28 23:00:00
349.253533752845,548.536624039788,596.071975633973,-227.413163922823,160.830392086435,-280.476593846145,-32.4615484539881,404.371385557924,170.569752336284,75.4751606293163,547.264791912177,344.608272792244,86.7016211456166,-262.061378878688,478.027766959491,476.63138810509,-193.502777751322,-628.279176643962,453.765938625033,398.994301449825,200.165917998837,569.859516830504,-367.738750139078,-421.789732395396,98.0098953628856,-193.1077448804,282.508643367857,-385.688125721483,303.666432035259,-138.5369641891,-121.694050328825,380.890793528231,379.123298978595,459.723608495968,-17.46875183529,-393.460716512801,-445.529090613151,447.007487690818,367.040536957595,294.823759608885,197.911263510876,851.249683170515,-271.860995654378,111.625708932875,310.594008429113,300.97519500964,490.314891757525,482.447531099331,62.0548938135498,-600.84508354097,2024-10-29 00:00:00
345.401081628387,550.832825804084,596.240582794136,-229.13993199355,155.56361282979,-295.241449870768,-60.7508345271792,408.968029529086,157.12399807949,44.6857412876542,547.136372943471,340.340175243726,70.4322641266222,-253.266545128425,478.055811951396,475.1103268573,-191.643797671411,-630.486219948237,455.284060964379,399.085827678181,186.040769298821,563.961004598388,-366.398033650871,-422.208031714729,92.386434249926,-207.240405484213,284.505037210395,-388.753694275983,309.938464968249,-129.313410538229,-122.947639884934,380.379185514453,374.894660040878,455.809144548073,-12.783124611863,-396.841474766427,-448.744934428773,451.569579048041,370.828340163283,295.496197782327,187.320992028746,856.19839966694,-272.897574374397,116.90452176277,309.6521492654,298.191987344037,490.665311919578,481.946456871706,49.935926118028,-604.643643094718,2024-10-29 01:00:00
344.18293264687,553.087529575631,598.428113410838,-228.926945916189,152.569462801127,-290.963014710443,-80.450350077719,402.843667302658,152.511541426809,53.1261113564644,543.756039660164,337.120999166712,68.5900711685693,-261.121733980102,474.678537113639,479.400051895858,-197.992107048213,-630.848590759646,456.834536909789,394.144331920697,170.02769654923,564.736206545743,-373.833836829792,-418.126214073362,93.3448455587958,-214.579936410201,283.657172474367,-405.258065753342,311.833284097387,-132.497752134794,-128.337671668546,381.919856158103,379.358325540944,459.339970486844,-24.6855549948737,-394.595587440256,-455.394911217097,440.901371154986,371.41143245529,293.31441642756,183.79116962786,856.389395866865,-276.565598396518,112.183480080241,308.295441124969,294.333056949849,488.491962885598,474.439403961574,43.6063406831496,-609.397710985462,2024-10-29 02:00:00
332.066178479947,550.766156981092,598.298572097041,-230.230725051537,150.89604941682,-293.338246235229,-97.9662108417116,396.414330034273,147.366192352267,39.8024836019583,549.737207363364,325.625286010145,70.6735805135589,-265.578072047306,475.917648587199,474.101659452615,-207.951897578267,-635.843113554002,457.660368195489,399.891959593716,162.951992754655,560.014799770614,-374.145374746172,-420.288843275901,84.3097217956487,-220.623163621756,284.605599681689,-415.523616458689,307.144069468615,-140.792796619294,-133.20789895515,382.874466465097,379.606319592156,455.365486642517,-34.2674249289042,-397.071649446442,-464.062650781554,447.94891869139,376.252772128691,293.971906711357,187.464931189285,851.646953786865,-276.183050579448,127.651928151827,297.649577106017,292.20865543267,481.942602637106,475.719495338631,28.9068829118683,-616.051225616521,2024-10-29 03:00:00
328.157536308132,552.911043372289,599.681480045081,-223.155787374972,144.376627504055,-283.391580623065,-83.5423658855744,394.902827546865,147.862322864715,49.2534830420904,549.006155495412,326.988067236745,82.9158545460901,-263.052677525409,471.553557344384,466.675825068972,-212.387621106777,-632.568924489612,456.639434317104,396.884305345272,145.714055222921,558.446993574761,-374.810583973675,-415.116262162049,68.1757573074605,-223.546483343334,289.265452341485,-413.837809537663,307.299507988662,-147.760138968583,-146.541998141293,385.389170732178,375.920312277766,454.01038115417,-38.4297744152407,-396.633410542214,-463.52929633801,445.761789494209,374.82495588677,293.769479152138,191.583459649188,854.051988466559,-279.231158700153,129.507530291293,292.323757844661,291.199819248965,474.050049327305,478.764027802874,51.0681721775767,-621.655855837213,2024-10-29 04:00:00
326.083123160693,557.74069707251,603.744513528771,-224.993633805646,136.899504913544,-281.604731397321,-73.7694670052224,399.497868536151,150.674624123569,42.0336184824708,552.295750389736,328.969184486497,80.216811928212,-255.01129508091,476.874840406548,472.256235683455,-201.226948971296,-631.916277384331,459.612395119679,391.886232779398,147.718998750637,556.870004929204,-376.255265297688,-421.016960552261,66.4933788370807,-216.674457443063,295.227616008266,-416.60924970941,306.181712687591,-150.47905967719,-146.100458721824,385.589186653816,378.621626190026,459.335064038496,18.9149410672324,-394.348957814508,-464.248193150177,446.246559077772,373.286899399437,292.357409911186,200.931790507507,853.595799959683,-276.850291158828,133.887737241044,291.719424765724,295.21886431942,473.696108490156,476.571049763748,57.7097520403062,-622.704878177467,2024-10-29 05:00:00
328.019210806553,558.138621997122,602.648268785571,-209.97521581654,133.754681660322,-281.845933322375,-54.9790669383801,401.777510391246,147.962236231872,47.9337317496258,552.222435541758,333.871020881411,93.4022350250169,-250.015575092801,471.929358887183,479.37156871982,-191.923394820641,-632.027413313722,456.444669686603,390.552499329705,165.273567324764,558.019950113763,-366.153235512847,-419.481759758523,61.3575841180694,-208.054975805784,301.239444493712,-416.16024138372,314.803117080231,-138.556291272629,-149.633583284958,387.284682714256,388.518397003723,463.301341442241,37.1850498182293,-388.772849174106,-461.014371772385,448.641797147508,379.23881840529,289.585377512484,214.570652422513,856.616515390771,-270.092666441791,149.628828867706,298.2449148103,290.037499582558,478.893930653461,480.553238961093,67.353248764987,-618.620273587119,2024-10-29 06:00:00
327.927189658544,563.907632371874,606.687615055581,-196.352956711575,144.652709731349,-268.777970203319,-42.769792263718,405.991175575589,161.968840577827,66.704429477283,565.802837479286,344.262394916668,98.1240138527218,-234.714000093099,477.821053688076,497.383298183235,-186.469877399617,-625.446368517536,458.166733049023,397.607825071017,178.855346820847,556.854069541531,-354.996060007997,-412.790728247399,75.9386712180953,-199.606847128143,315.029527954689,-404.587381395214,319.01758191966,-137.245594287121,-144.154419630152,398.233303779237,399.156007213248,467.673428868055,60.8177175306636,-383.782137052456,-452.2747122738,451.698623232332,388.879631753212,296.640442507435,217.015586083031,861.40921620761,-263.528722741123,142.961767258855,308.300454623033,295.2914577504,485.958458114451,487.484077018129,75.6322318986265,-612.221822924014,2024-10-29 07:00:00
332.807043168297,560.73990059363,605.113990481495,-199.111937134209,140.066710575528,-255.668250022411,-55.8028677522427,411.874933184365,167.570886724846,70.5644935253327,564.139351402096,342.579369229383,100.747160763326,-225.605999125834,480.714320675982,497.484037769893,-181.993184982111,-620.740379906053,467.450701031081,401.019051498904,182.062544641257,557.327843630623,-356.659499884917,-408.49442712814,83.2765463076258,-190.281076106368,314.98601001998,-408.607943606548,325.797592630627,-132.263496122552,-126.70763925405,401.054563444414,396.292574945584,475.165225615606,76.4841883853728,-386.834983681976,-447.412535026402,458.168672335598,391.919923900492,302.303077664731,215.319416097558,859.026093647938,-259.695792998482,154.137518570307,310.872375338288,300.071971746542,485.102937486937,485.688368572659,76.9019503032667,-612.435850412647,2024-10-29 08:00:00
327.677289305983,548.93154847931,591.97404290246,-216.391470938799,120.456157491194,-275.273693175197,-71.8868256318614,401.243763118064,157.056393958328,29.8385704444963,555.417323950727,344.045493419028,80.1960848479193,-239.358840920537,465.52732477365,489.629483521441,-177.965713596698,-626.286877160813,452.629471626703,391.692295463815,164.585877080745,550.85204495911,-364.292480273855,-421.938355736691,66.5036211588167,-203.655878030181,304.310555831261,-421.034433627726,317.104086698362,-150.995431990116,-153.96046605298,381.962445198804,386.070955504802,465.785138834586,64.0763590473047,-402.045374351276,-454.967475336399,447.201530899646,386.383818445305,295.591691768015,214.907553212085,855.999650532357,-276.430037103484,138.015916797034,298.052164913809,279.754458106505,482.637244297984,478.478132572723,39.1041315062447,-620.064471970697,2024-10-29 09:00:00
316.741332510354,545.806723931331,591.310312166546,-228.778302124814,104.04061306668,-283.183942316937,-101.605628252076,388.834463369057,139.01016685983,-28.774546143984,552.144574853707,341.140023257539,55.6369544027622,-255.255033735292,456.560131737117,482.346068202063,-178.501696449327,-634.627353825697,445.883071175264,393.273880153009,153.597858895583,546.463470837891,-369.217402686545,-430.108227804687,27.5383684880475,-203.969991343622,298.83213741422,-424.547645323497,304.248334280439,-164.095606488039,-173.8359924757,373.703227749315,373.098560172329,457.228553433256,39.7617666163653,-403.458333771173,-459.115568304534,434.986573006603,380.420665144528,281.130979430611,199.727184955599,854.64196514581,-292.347764080191,123.129828595462,289.664081965375,276.985851437957,475.573733075223,475.958522212107,-45.7576705576982,-621.605289946873,2024-10-29 10:00:00
307.861958288385,542.017130761079,590.447033988319,-239.572847651888,96.8396018221378,-284.550027118075,-104.312005932342,382.875356818917,124.967494933782,-42.0493360128242,549.194619994987,337.173369619921,44.7440772609246,-258.160425513365,455.328615789723,477.799627300514,-179.754923906414,-637.040721641597,445.11721744719,388.34663992991,138.659607456145,545.199392579977,-370.295416100707,-432.749311580181,-33.3609775918235,-207.835691543736,297.010858447863,-432.00505732412,300.343981513461,-158.744937447476,-170.966843950873,372.188211663559,370.700925648897,452.113306716538,36.190429768112,-401.076660926057,-463.162541820113,435.72776378501,378.563799233636,274.244948030015,204.418720764397,850.906260921043,-295.218524136974,110.825024364913,288.393352461583,266.102970343299,476.838404617387,473.039696000361,-51.9152232698497,-623.481839776333,2024-10-29 11:00:00
301.681444183266,540.713791350197,592.466184993109,-243.646040441473,90.1782352077088,-289.285387969632,-100.103844215464,377.087096283659,115.106843184375,-53.5069963640609,544.446276266859,328.184924762015,39.5694492390885,-254.551647175152,458.765824792738,475.458395660899,-178.455320431386,-639.111565875546,450.087381004061,381.156722958686,133.17305618066,540.268352901383,-371.132206392256,-434.461419828217,-62.8370763735995,-223.94694683897,286.27255439442,-433.678574023044,300.257407697295,-162.735760648496,-176.971400511366,363.642301248528,369.70496367404,453.845548727248,30.9813110673677,-401.471613653287,-468.780146620996,433.756440273278,378.735556056983,259.091668602961,209.794526091928,852.709137336347,-292.628565294034,104.615719969632,285.035034887791,251.274227701288,466.972739568135,473.978648304933,-43.6363776059906,-629.191273669462,2024-10-29 12:00:00
301.228116817904,541.622533136948,598.198904346044,-241.263751608055,100.282974961305,-283.994414058578,-99.0892753922281,370.812670589547,112.308479189502,-62.1083768766006,540.885919039265,320.221460351141,30.8939028911245,-249.68652586702,458.268148839792,479.031111921306,-172.665086187847,-635.919031884276,447.628475415476,378.706760052721,132.458805926942,536.662978395548,-378.632537612989,-435.189269086513,-45.3025286134071,-235.46991400159,278.780669576314,-444.594083430321,306.158630205457,-165.385444344201,-171.96004076677,363.39206832173,364.793950941712,456.067575171082,26.0673458028506,-397.940928086989,-471.604618621069,427.787499203772,385.096864374911,253.548987660409,213.363215368846,854.155859317477,-284.431464079619,102.433927632545,281.697316929692,246.062069944778,466.894621032867,476.615362265728,-41.4474874134401,-630.441375352165,2024-10-29 13:00:00
301.650333968993,544.680222931096,594.503007538095,-241.352627828137,87.7502910781843,-287.972670900515,-98.3328442356217,368.835606925819,111.882233474352,-45.647972818314,543.104002116006,315.691709651323,19.8935558103922,-252.388300616098,460.456369763313,476.263810288029,-165.010654528949,-638.230145398184,443.825108703747,375.513074238616,130.488307503343,539.894307286999,-382.893845431171,-441.498984424288,-57.4357278040343,-237.000681544357,282.890155870873,-450.274181250679,311.188098535488,-171.592002226919,-178.673978063347,354.603143683213,362.650373996192,446.004094357067,23.3113031883152,-402.980630390057,-469.784206101965,428.589594467594,379.332660095783,255.626075313637,205.936065455555,849.204150570859,-284.479470255147,86.8640941083794,280.672285383402,240.951601005822,465.553743000371,476.367776709946,-46.8143809647602,-630.72519092488,2024-10-29 14:00:00
299.650318233038,548.293099648479,591.033241796432,-247.454118709291,98.8520455631588,-295.856289076465,-91.9479788900959,368.477143107261,97.4531174367981,-52.2263630427813,543.083945807791,318.70024880458,-26.2293597781431,-254.253349832471,467.661407912246,470.431836206593,-168.969070466702,-632.711272483105,441.634796546348,385.25588550404,128.908613110644,534.735431042059,-387.276172382972,-441.43289388276,-52.5665747195069,-237.826607158528,273.377417072261,-447.147386075151,306.053563499392,-173.409029032344,-184.943516718028,349.252899186798,358.852743507229,452.199244132766,-30.1442681607487,-406.439448005536,-467.993383183413,425.163573505119,374.180395780309,252.671478901824,209.641989254887,847.617004187498,-294.821499540699,64.2215727401612,276.827277402258,238.328238527271,463.548567719943,480.702653409903,-34.6826382540604,-633.058888565791,2024-10-29 15:00:00
293.855804409582,544.567169534312,595.49024447715,-248.001270303936,106.821904113078,-294.532480773144,-92.6302755253621,375.093549974262,98.9045417080292,-62.798237384681,545.125778444145,322.248939737773,-13.3034672924502,-255.586472596279,465.027166761205,468.186871020179,-172.369664231983,-630.036359719815,440.772469612456,376.558883209433,136.064335586519,532.988122113423,-394.516530335998,-437.592443553658,-41.367436457101,-243.282040984034,261.851226103482,-443.717393259109,307.793839720767,-173.911439972682,-179.123975445024,348.918424602855,362.269899786432,459.265832966933,-34.0003704662619,-402.693114991595,-473.447479036967,419.394810104356,372.994877110653,250.083854697084,213.088397331484,845.659728516407,-296.542333258794,67.0390037238547,269.838283997584,240.076838272648,465.839513866531,487.570351315341,-18.9446759730459,-636.29443908739,2024-10-29 16:00:00
287.100799722728,543.932521103294,601.544316990762,-249.637998634453,123.974720777718,-278.325969334087,-85.0410558814977,386.847004840433,108.902748803536,-48.0639965835075,550.351605371621,322.143438084629,22.212876978245,-256.634322775135,467.293412870108,470.618620992991,-168.79860535776,-631.716684670309,438.612217232969,379.287555289476,148.224429935987,531.308944370709,-391.391647036918,-431.579074585719,16.2183609750608,-240.281472388851,266.221628335079,-441.059417432316,314.90859543972,-169.236478118814,-177.967986514173,355.649464504849,373.174115338288,457.17148282918,31.3061689884625,-405.604555368124,-474.665889296442,426.551173610845,375.862744935569,255.418075901364,213.931053256235,850.587606294505,-286.050160060998,80.5450044350184,275.375247417172,243.445604590312,468.47909168644,495.635239218251,-41.8541312280077,-634.32576943699,2024-10-29 17:00:00
296.572292534611,551.698990842104,604.470831014751,-238.323146981529,136.833917218726,-263.96981973445,-71.4791390436876,398.505608567876,134.138400642112,-1.45108000837238,554.075947484034,328.551882390994,33.7397829169249,-243.434688450337,476.505903978878,469.97563915285,-172.078257689421,-626.816133042203,445.272176674746,383.738654896024,160.890604914682,540.249688459533,-388.441232416435,-419.281083953308,49.387775054997,-230.744643992441,269.322466881184,-435.244519929946,328.89222706098,-162.267307761127,-158.265084629269,357.410255736284,386.587092162113,466.532904125767,52.1533205890665,-401.415690856787,-468.550444797407,432.484144374634,388.207701011137,262.57535805775,222.119777616239,854.388068867802,-283.401789084308,98.5256170737461,279.489318127372,255.048789671005,472.692934860862,505.555701213721,-23.3705755892638,-633.200030198333,2024-10-29 18:00:00
317.289023567292,564.72356078339,615.121059359306,-214.761495410682,153.282102291708,-243.697859571062,-3.00516548676588,411.827395084298,169.728593026146,59.7811607469043,562.218069422569,338.705355730531,79.3053312848714,-233.03000137796,491.565718509841,483.619326540444,-153.697804374358,-621.378678916736,463.634571811555,399.098823551683,173.733069731264,547.007282428443,-375.5018882774,-414.556019145024,69.4593454711537,-228.39590964005,284.042231184832,-424.008116574584,349.173707529118,-131.606994337892,-145.043995511975,366.204108496835,400.240376874015,480.191908604543,81.745641863598,-388.637182330242,-460.717444539336,439.704946404304,399.649923287791,269.312405390202,241.054190512239,864.505958496335,-269.039607863203,128.689615340538,296.716841378673,278.782044892872,483.263859134601,513.278440816777,52.6459506943356,-625.339616196827,2024-10-29 19:00:00
339.430305586131,569.902947138257,624.414549352847,-199.45970056225,176.570564620468,-235.491781972711,58.6256277667546,424.74460779501,193.804910996027,105.467153084369,572.008936381264,348.794061481921,92.2887164158334,-215.675745989494,499.040792470349,497.023930557772,-145.296554657696,-610.22026204311,476.500084317027,411.646617546927,205.601269086429,558.985612524958,-363.532456014135,-398.621150851968,106.592409513983,-211.461657616995,297.811719396884,-416.221453821501,362.080621971703,-113.895882811626,-134.105815537812,381.815935292838,411.357094706561,485.678379508765,106.262191478085,-379.572593296599,-447.433578092268,440.59405912507,417.897086073714,292.145671505994,250.07264617165,868.291204072969,-250.752469711066,165.81394356572,311.307215388453,292.17716903373,492.791940803618,518.358037467687,94.1135709594185,-615.003124382477,2024-10-29 20:00:00
339.164922097569,575.957799429528,630.849248077022,-191.0001150056,174.904491270354,-242.735591681256,62.5515126567104,429.447529296635,194.327639550133,95.7088940297019,574.134822533768,352.24757112555,105.814427658063,-213.659843240821,499.852320940214,504.215206115088,-131.797107655766,-605.422246599718,481.980444186682,412.880165756887,211.876186195843,566.792292727136,-368.870783103841,-392.911699575589,117.72596322658,-208.123153814086,298.941380183292,-410.180454351006,362.699541161672,-107.201692248333,-114.001444336909,383.079593907186,418.450310903425,480.34076414757,105.563271497861,-378.999741395949,-457.262784759942,446.688026527565,423.447754605356,292.475625223772,257.68811406928,869.892623103254,-250.21064762994,176.092649948821,309.428052899484,294.713890938892,501.195488927736,517.505274250333,105.386480906848,-609.181001994675,2024-10-29 21:00:00
320.190783821679,568.505641659935,612.899911858166,-198.482570364504,177.119016113607,-257.288166583241,-22.9015549270452,419.656479968765,176.68086134647,71.1246975101076,561.292688253976,344.639040180321,87.8830280972749,-232.52365920264,496.6591138528,501.109407522398,-164.212993316708,-614.216427336803,473.973354395253,404.845055577748,198.121932614563,559.042634330911,-384.9612679449,-402.250309768699,94.6212088052387,-234.964917034894,293.00469209917,-422.270691085688,350.330462341257,-121.257018020929,-139.719680321369,376.192786503236,398.403965084691,467.565690002409,71.6035588015366,-388.300981823518,-467.923997820678,440.68313725939,416.362368838688,276.2352724098,245.558130855688,864.526006506071,-257.420043251737,168.934827844483,299.393612056255,278.007930411248,491.514349584277,508.731441808634,84.4324636498509,-614.885794961849,2024-10-29 22:00:00
325.370693126796,565.644402147113,609.810265830762,-193.424206893488,186.284099620206,-269.195171366929,-40.6263571197018,418.745648944086,177.764465644107,64.3494840229497,553.028532195405,333.152271944908,70.8535456455846,-237.072588177775,494.997734436934,496.783906988107,-184.204194676319,-618.574118861901,477.864879698367,396.506649332571,188.961446122895,558.980438847927,-380.505826482726,-409.747267314741,82.7933820858157,-240.101286248457,283.480562949841,-422.886530233788,344.80447007953,-128.539437751736,-156.010904622564,369.393416454932,392.503413045335,462.223457089747,63.455630371637,-388.588059366149,-475.774212799088,440.429470206806,410.723910486128,268.919242542849,228.687097574122,867.635482494804,-266.97510162737,178.800284844779,294.886269685827,275.560899542306,491.888346349166,504.818373668492,68.288598690019,-622.612130677902,2024-10-29 23:00:00
323.580651955331,566.312374079442,606.905308787825,-200.022511390173,169.232340800895,-275.981487569376,-53.556991413337,425.625982677527,176.628406295785,52.6055729174846,555.733908874948,335.069886896929,75.9628783768221,-249.363345671016,492.461861462338,494.729064228266,-179.131762799588,-619.349319990136,473.586402632596,392.331962015843,176.211738614305,555.044467019927,-382.883155551384,-416.630691077426,69.0352272806217,-244.98174724138,288.115057645234,-435.023739665684,345.000194075201,-124.287141142676,-162.067230225211,364.599550843345,396.209841518738,460.850334483431,55.7713726270546,-394.049071629291,-480.01172299247,432.312826444952,409.122156744709,276.22916663235,220.906777897964,866.806633802848,-279.040452023468,157.941606312373,297.405950649297,283.687019278714,498.24398014701,511.139978720982,56.5790455957733,-621.304282103494,2024-10-30 00:00:00
319.950780222486,564.827465335247,603.404486668224,-197.903778650768,160.125415570787,-282.43823003847,-71.7683056320464,434.688202614807,173.260501819978,49.9556211794834,553.981670445316,338.834925012148,68.3684877251221,-250.3533992945,490.864039763431,491.541697217691,-182.660681915755,-617.599312846706,471.953079663309,395.468049653372,169.944556944024,553.24137063531,-384.560285846735,-419.477403322347,40.1915567646828,-248.718045899807,283.183743171346,-437.754239869788,337.892857055806,-113.705522128866,-168.946320860836,367.59182093545,396.814876628657,455.754534994304,33.4465383710485,-402.160022306834,-484.071654281483,436.084846110659,408.389987818448,277.613580245575,210.980991116625,869.002253255993,-275.957312099473,149.667383617673,297.454255946559,281.288284446439,494.711155348898,505.083776813385,44.1910984643263,-618.249794070986,2024-10-30 01:00:00
321.279911687878,568.251075097701,603.39027681907,-200.260049379007,165.858263870682,-280.783868495141,-60.0397927400411,433.652166044052,176.067384175178,52.3889693701657,547.232328021079,335.142067426322,58.4995780937784,-258.631368448917,497.90725658103,491.907521688186,-182.780728634933,-617.130732436898,470.80118239121,391.022519794795,158.743190978337,555.843457075462,-383.026626217251,-420.137796874463,-2.90529699934529,-259.795817275844,281.453446948454,-440.763735633614,332.911116911782,-109.34998691085,-179.003481617597,366.443401114576,391.089291793061,454.85352643477,13.83610034173,-405.454082550173,-479.571924089799,433.886369462817,406.557805762224,284.169390306626,205.199857104658,867.125720316936,-274.06821320934,138.097812810779,298.965392885855,276.621464992036,494.836138215024,502.452115812783,15.8968862524699,-621.825407423213,2024-10-30 02:00:00
308.103244182436,571.052918888265,599.162974282832,-194.76173742608,176.476766970723,-279.707885685186,-84.0869661608968,434.673505582009,172.458326962848,18.4210864291562,545.895913334048,328.413538602387,36.6301689270706,-263.071638407282,494.828846323954,492.604616651065,-180.658023527084,-615.502695965487,472.387442944568,394.097836580852,158.69046883839,553.201974491828,-386.894396097567,-419.443224302709,2.11406331783417,-262.774121824192,282.529109250255,-442.641351406934,332.347076781731,-114.709037457297,-175.795082008573,362.676483266044,386.990187512981,455.412996271999,20.0584408073663,-409.951718897205,-485.53420376363,440.251100911836,406.017613422716,280.799807277807,205.29129035345,866.384000561904,-266.813956836327,139.107341385808,295.347623170283,275.872213678943,497.76186646827,497.599712819082,37.1903387766254,-624.71975566192,2024-10-30 03:00:00
304.516519788764,571.603930149338,604.380137679579,-194.891061444502,163.009004700711,-270.791923877289,-88.5105086320552,428.763037253381,178.980339632386,33.8925550217592,545.311294609018,332.63268209194,41.7859135717109,-262.430048494545,492.949947328381,487.920352773915,-177.447594776765,-615.348178829549,471.40560513712,391.892430123498,149.00780160121,560.885851758891,-387.51079080922,-420.19209410291,12.0181774905353,-264.450861393135,281.030482134644,-448.615013007629,329.908294131655,-121.955132789024,-184.176257669449,368.180632636707,390.77168271547,457.56082917274,-2.90607204619661,-420.688647230544,-488.934750584157,435.542146316196,411.046778033708,279.298702013763,202.990486459598,863.903045493289,-266.108427724493,132.726521803948,299.318302676942,276.103573490547,498.209949522283,496.646535675864,67.4306448224,-632.642705173187,2024-10-30 04:00:00
300.613038628271,576.905082987667,603.384904798808,-197.272560318139,159.521838086956,-266.72426280209,-84.8324506808761,424.350199602154,190.594283328088,33.4801689849998,545.882218450264,335.607840731781,48.9995859173951,-257.816598083523,500.811645363378,491.136257335003,-179.887672570072,-615.395814536675,475.626979546105,385.564285548248,152.661989715596,566.528068230347,-390.832384156496,-424.552553068935,-16.8738763620002,-265.17292735612,280.054385765815,-444.327618417881,324.767621784139,-120.375941634316,-192.018708283404,370.960684572095,393.459658982769,458.850015527666,10.0640478455834,-426.345624750333,-487.295511042141,437.060635435175,401.857805370516,277.348394019196,214.158403523699,861.136241836132,-264.326941874036,127.546173245858,301.014532310438,275.876686741391,498.13348279935,495.818075816842,80.3051001343287,-627.379353585387,2024-10-30 05:00:00
302.279568152579,578.302557185894,596.701919586619,-195.968125684236,173.688587975203,-263.748680116877,-80.5743721881474,427.640107060638,184.83146123749,50.0762300335025,540.521192945365,341.898507616034,70.2512259224257,-244.203216142667,495.238131598675,500.146664580379,-176.439162637689,-622.027181146878,479.204783413919,387.63464294025,164.21183886111,569.393380751975,-384.522803385308,-427.240715789983,-19.7940283615196,-275.615526909585,284.03256578306,-444.025463065561,325.652613083904,-115.335740322676,-193.259056318902,373.769741296861,403.075674865152,455.836603527018,51.2027956961964,-422.337851323546,-482.326992156332,439.07988864789,394.70442648706,287.146661984679,217.39460703528,861.61330775349,-258.197098358465,133.034326845019,302.391243723008,281.917883404312,498.946444025375,501.044756671474,79.5162804965406,-624.875435275442,2024-10-30 06:00:00
305.387865850549,586.928612383773,598.58665466154,-179.283472363751,192.897121299081,-245.651314393799,-81.1650126913088,433.649090074039,201.760501297632,75.404140147478,548.357409541923,343.15250898444,64.3006384271615,-234.630349938958,501.873060775804,514.599351403049,-153.969447522988,-620.17701083266,484.796104128125,394.381366430715,174.165971864796,569.608439071943,-372.803214723039,-421.121196813541,27.7472291275813,-272.359374509506,294.525289901027,-434.116849707189,325.510534873479,-99.5040681777652,-180.948334506667,375.375001363173,410.269740060025,460.217691670063,79.3784179539432,-418.278129510999,-482.051240421342,448.755777943317,400.145847746532,294.390120728855,226.972430690521,867.424772804341,-248.957849301317,135.795439048493,319.858794069345,295.287394822937,504.675166065525,509.530748491022,94.5245231464604,-623.931850914672,2024-10-30 07:00:00
303.257869478918,585.203413815305,597.689602850547,-175.988397810494,194.95398603,-237.036158387405,-90.0746533841866,436.425833280629,211.257195432458,66.1928971607847,551.304729133778,340.762306192705,71.6197192157903,-231.51318330124,506.518909782775,512.729042548806,-146.969448457393,-622.129983550907,489.657000903503,403.475960870896,169.957284898112,570.337307090035,-373.825076960799,-413.157695349607,44.020589984808,-262.229424485022,296.942968458698,-430.270902597081,324.617292496551,-99.0955049178287,-168.554978054859,371.42899349955,412.264135644394,467.819059758825,85.8409937868827,-414.18962084261,-482.626274748554,452.492972036727,401.553113080755,296.555828164379,221.851585390903,861.916932022358,-246.247808647455,142.833322434452,325.02501726636,287.575779208689,503.659925194038,508.911319719102,75.4414173357276,-623.555704492039,2024-10-30 08:00:00
296.392218765412,579.846982028051,584.534082226376,-194.089960807383,170.914870285512,-245.88324335671,-117.662495220255,424.148305034449,199.304893211472,32.0772264640682,544.880643828281,335.705133429242,42.4886604204024,-245.642089798825,495.665783968033,504.339765362912,-147.198362899047,-635.011118051063,486.643997491154,391.287372397807,155.2581050783,565.724945679278,-380.618899946219,-424.703598134174,44.7513900776605,-277.077938169129,285.461827996314,-443.026740708554,309.518911067512,-125.998486064624,-189.216878394446,352.156392506851,405.049445641287,454.682991889859,72.2595021550174,-423.051853251388,-497.869477516546,444.397836988451,388.924582364843,283.561905228627,205.294944241912,861.441659621481,-263.479677375111,126.215698437675,306.505136197498,268.485353018949,495.205840965754,507.888059196082,45.9192422872237,-632.526708414547,2024-10-30 09:00:00
288.576200963009,575.930196494453,579.980717230972,-207.768178752872,149.638396505636,-254.654771082633,-127.986493011485,410.744257313864,187.260948064094,-20.1011591690779,533.726139328265,334.294260263817,12.1387787997469,-253.388371715714,485.179500537647,494.922748101583,-149.774123242181,-650.447842909266,479.892969921272,393.148870976996,153.869053259709,564.696818179215,-383.388862730946,-432.051632019559,39.8637036781011,-273.343748085006,284.281005777315,-449.969771342095,299.865221256518,-136.477615492905,-197.585739427782,348.487280615994,393.055078529279,445.423853117552,66.7111301069567,-429.443372218804,-503.58992601612,434.605989890647,382.880785008981,270.297393778899,183.994842821694,859.676197628108,-279.221273900838,114.584087223058,284.168179063949,268.330087274542,487.135846885698,498.344455656067,-21.5073787873793,-637.747016680378,2024-10-30 10:00:00
278.63519214089,575.098736971226,578.062833951157,-217.264918011903,153.023688351199,-255.417982455149,-135.867491269726,410.658127707997,177.365513883818,-47.4328375218535,532.730192332441,331.765237948162,19.0784434594453,-260.538805986117,481.225877625561,489.327672896389,-158.558661989907,-656.859405495315,476.51337246356,391.382982587969,141.773737772275,560.925973405421,-388.915508192281,-435.970380820648,43.289490315153,-280.892017251404,287.950996215289,-459.343226320803,293.349926522203,-136.052724372611,-198.295200290964,350.824883830912,387.107537837288,438.339915869582,54.1503981628638,-435.694819264973,-506.541904891256,440.417428141807,373.63227349534,265.867802621646,175.481054685068,858.395074224921,-280.189294733587,110.379455064616,274.772711242155,258.562601088987,488.969003694781,494.694171989212,-34.9849495507882,-637.539164634336,2024-10-30 11:00:00
276.291041576046,573.34930851193,574.699662959038,-214.253945950718,160.730587090188,-261.847770730024,-132.219262915436,409.774224947584,162.107127038759,-82.9501067248352,535.760195013417,328.886974329977,25.9129080180545,-257.727585831589,482.961756901162,492.440326993954,-155.33147173958,-658.537044724149,477.554215024887,386.242780385782,134.293122862082,556.776501530784,-387.449935552547,-438.984326300112,23.56150561157,-295.787118798794,281.49599118344,-459.892504177543,283.176966021729,-140.531386884154,-209.970818455534,344.436805789993,383.40762583918,437.536769840229,49.7717540085284,-435.619754677496,-512.348729118633,435.857838989197,370.044701130901,254.780019864029,175.783349198171,855.114791564032,-283.504651985821,92.0022370851831,266.223925034826,250.133261255862,483.084891155792,487.00994462901,-42.6033814826682,-642.482057494351,2024-10-30 12:00:00
280.077753304092,569.999688191945,577.049212615722,-219.354515016048,164.95508921982,-263.131865988951,-141.35090452638,407.257219938973,157.339493222175,-90.1632955282319,530.937026416501,327.659581125703,25.0062748617557,-254.288903564953,479.108456359733,491.423950768422,-163.16033649795,-660.15444229434,474.611012656401,379.55900907253,126.200050810064,557.783228014761,-398.495268862471,-438.995481533364,52.5583499772433,-300.776579882961,272.483937346837,-463.267868236575,285.10446061777,-146.716437066607,-205.080133147037,338.641692035718,380.429828330592,438.754377731785,39.2396653678682,-436.822242103836,-517.635185446777,429.028502025099,375.161411901827,255.561676426956,166.125646066333,857.549674725353,-287.758763043527,69.6194651906401,264.90466165938,250.478052972813,482.563646904265,485.048541009253,-41.6617209516556,-640.89876140279,2024-10-30 13:00:00
285.127958447859,573.937435955307,575.745122878142,-208.836343924165,156.956262181338,-273.230338249744,-144.621047761946,409.868331415529,157.771246813695,-81.2610756004542,535.675355060871,319.270218552053,-16.4579531573676,-256.781843215257,484.281334874377,496.354396782285,-151.832235147025,-660.984809507364,472.438630305649,383.282694076376,125.665380426997,559.471067228008,-410.666753036626,-446.527092328618,41.1637745797369,-307.564972431587,276.554463422109,-463.512034437284,287.597878631386,-146.396162400483,-207.446641978031,329.432626631689,374.979245579696,434.680422194392,27.5898834702039,-446.651217500287,-520.827119028259,425.173050345438,378.041597705992,254.209399919653,158.979936740969,858.440394442895,-288.124240115727,39.1058921449766,257.203622936105,245.587433714777,479.193157468158,482.903904541088,-49.8471503101081,-640.473156330393,2024-10-30 14:00:00
280.767975273599,569.484530799379,578.261086959894,-217.286553338003,161.961262484501,-279.670230386462,-137.609010155343,408.355083319892,159.783882746037,-77.2891221081957,538.323240251815,322.142170656837,-23.7019671292661,-257.335269250499,485.17080943326,497.252229650132,-154.761502669253,-662.963755595453,470.047368875776,383.564194081373,113.160882397528,554.798017159894,-416.05882108825,-448.33240602919,34.1124979670365,-303.240044907933,278.743126309885,-464.921653996525,279.686564761291,-149.188956333622,-216.104787760242,329.641296909082,378.055870392996,441.363134549089,38.9457109694476,-449.756457224868,-514.748280635851,425.068567829529,374.397768980397,249.282375334435,167.881503702246,855.063447821336,-291.329168474733,26.0930711820419,258.335732314878,245.318178248401,473.087598112668,481.611926182328,-52.3889096625375,-641.868091133705,2024-10-30 15:00:00
276.177680424839,570.459290434438,583.754984458544,-215.882345340992,164.385930538092,-286.279550463529,-135.464757280284,415.163537060228,163.999591044213,-73.0980474007392,536.573796431837,325.289661594248,-46.8091122305399,-259.82065671393,481.139511627686,497.607066407477,-157.258260699317,-660.855838721451,465.77605808881,384.995147496748,124.449157041613,555.290900676214,-419.349985881566,-442.77369579799,34.9377863363508,-307.048548913293,272.089732628694,-466.040887352838,277.741420768958,-143.311707701797,-219.810508336914,331.226550719089,380.447339138749,443.960554800051,52.8589716947019,-446.648573923877,-520.723234071786,418.413706494991,366.926111768363,244.586525555347,164.020919948801,856.977870100132,-291.086634750168,20.7036402337177,258.098818692597,246.439957125311,478.58067036003,484.271308736264,-47.1045252723616,-644.255630885285,2024-10-30 16:00:00
276.197968582257,572.811983442668,593.671469564701,-223.393613516874,167.038934714071,-278.834885137004,-124.984065694405,419.819423619602,168.616032645881,-56.8585424043209,540.600140388215,321.32118838574,-22.2290074058596,-262.082363590496,490.965405712022,500.03708779803,-154.249407233108,-663.63176605897,466.770950782674,390.302583630299,136.303232384741,555.435927636316,-414.853245250724,-441.735078927949,52.3377552888042,-302.083499844018,270.494149931873,-464.741101203751,281.024217107602,-128.738815003874,-222.409175818958,339.215290736488,392.988845732313,436.977387360717,64.3301398264881,-448.116190490838,-521.263379568669,425.918688755191,371.823747914366,249.512070336005,167.447934888347,858.106907275206,-280.946938686383,49.8021070705196,262.985550598036,248.056480253496,480.237209017,487.362226010945,-48.9564650312904,-645.381512780439,2024-10-30 17:00:00
292.437130346203,571.97123568327,599.061677988675,-216.483697086662,181.525287442292,-267.907215742246,-118.934485921838,430.127299913876,191.250981657677,-32.9633488079925,535.500743175176,320.727420677633,-13.4533531625875,-256.134946442498,496.814860534381,507.904470540879,-133.537738644568,-656.144718646597,471.916620073645,391.556970206123,168.981652101023,565.024497436971,-403.888853878692,-429.665531295417,87.1658254929377,-300.013925253043,269.024051764599,-459.758922497589,290.335251235806,-106.448429007889,-215.989758667926,346.221024707368,404.852838872754,448.462833970522,91.1286186342487,-440.764952491267,-519.097285333631,430.634660009476,385.633579875712,260.852750169079,181.592839384922,864.479693903431,-273.154107712983,81.7989886797941,267.525692481794,258.119130066826,485.690800834943,495.384970714623,-29.5725955622993,-639.393430387343,2024-10-30 18:00:00
314.426519977847,584.229967398531,610.70043446062,-191.039307410764,208.746228846646,-249.856269081724,-93.1070975473272,442.043258105677,215.493477771582,46.4988115810685,538.666102474137,334.771676572036,40.2631577937471,-235.642160828614,509.047358965277,516.422021103676,-105.797579212177,-649.440229209386,483.210511311661,405.845895866459,191.241491571442,575.148852914645,-385.782683998081,-425.593687150079,108.353432705456,-295.697967464852,283.392813280952,-448.523828644557,305.051304317504,-63.7002802573903,-196.001185065135,357.025883695014,412.052480777072,459.010701533873,118.311909882376,-429.796197293229,-511.104663447101,439.817436884066,397.809820722571,272.501563651729,196.385366090599,878.944798359047,-256.451961612548,109.753413113229,287.110127869034,270.238551267885,492.598824494154,500.447025597613,47.5927134928428,-627.644623040612,2024-10-30 19:00:00
336.032536750077,585.59854384484,615.056631763243,-171.944913003746,226.563858960494,-242.563690042539,-69.6596717268034,455.789374195361,230.165940206735,85.5299871982653,552.703564111305,350.062519073736,58.329765891162,-209.050513513051,517.413958492912,528.133260955929,-74.5545035134403,-645.006641446438,493.26929919765,430.596789923248,217.331335022035,580.017244267097,-377.137038019637,-409.735414844365,140.810291786299,-285.969018972269,300.643787090355,-442.129554791477,319.624642122268,-33.1144364659,-183.749711664704,362.015184763443,423.061081912752,468.653947391098,131.485565844014,-420.656433978248,-506.765947653107,440.81857552869,412.755109839005,293.110374522385,206.090241792461,885.73978689646,-244.282288235228,141.570190346652,300.522590652187,277.702898664476,501.547757545862,505.840936334993,72.8479495499073,-621.928686029632,2024-10-30 20:00:00
336.653934744396,591.699909685735,614.434694636734,-164.856421921267,226.666018866899,-246.210866476268,-71.322007400588,461.432018558174,231.981898587426,88.6541090065798,545.99542834005,349.914775586834,68.290523905833,-215.250922593229,516.285427138288,528.123552815554,-60.0332570625744,-639.981374284213,497.303043005268,441.703895156626,233.206474363316,589.654422651383,-377.348137118826,-408.435175513871,147.848909982451,-275.816433125133,303.978401767078,-438.378573398096,327.111512332075,-26.5232783387783,-172.13387884822,356.808971375111,427.081778693644,470.230972724542,124.392515160736,-418.870880247906,-507.710893245147,445.381427240986,418.434397880185,288.58560513557,205.346001239085,886.719502618085,-245.23622661576,145.932701362109,307.885829335211,279.318888593796,508.077493556998,508.93668114534,76.1433316165912,-620.308075544662,2024-10-30 21:00:00
324.217692891129,582.683839807207,600.858551643633,-184.320802276965,219.96013380178,-271.806779559642,-98.7524730926726,454.926148884331,226.366852338166,51.8564295899917,533.345596678998,342.196177324039,40.8478449120943,-239.710618783393,508.850039181941,518.466647636936,-88.0600678751505,-644.701478837657,482.557937089298,437.283797948372,212.61960510878,578.034870351665,-387.04591751697,-428.576504021242,121.215963520306,-294.476171214488,295.616770284186,-450.2862647955,309.488398814472,-70.1010181258791,-187.797004144054,348.127978320226,412.505720166198,461.535039887362,88.1913982718092,-431.500365780063,-522.912857043825,435.544080410083,405.312750769115,269.670246970644,189.200139127264,884.247432396508,-255.806896160683,123.925838898884,292.379625260528,263.705677617267,492.836796300234,496.047962509994,59.0892948994015,-631.603513746552,2024-10-30 22:00:00
323.836939532607,577.209359068731,600.714948677267,-197.280397270106,222.930926881323,-276.39950179078,-95.9791523841784,445.572278255486,219.723087284855,47.9804122899671,526.17454066035,333.117597608642,-33.5412506866623,-249.528280891743,505.676165968928,522.630984222473,-111.031199530608,-647.977753034608,474.991845984988,431.968419834035,203.279481329914,572.654363986392,-383.005833560258,-433.722500899152,95.7823811379281,-304.926119885046,286.502767556232,-455.857504701008,299.686453971187,-77.1210311172584,-199.474901609931,346.419191733856,412.058260984014,454.639767023461,74.1001781293201,-429.764809674581,-529.669376903108,436.580286855962,396.380242554432,257.364141020409,178.184294260026,881.643840620292,-264.958255274999,136.206536139561,288.827641999938,262.874817071986,487.977693515354,496.455032337456,45.7243119180606,-643.374151540424,2024-10-30 23:00:00
