"Scenario_1","Scenario_2","Scenario_3","Scenario_4","Scenario_5","Scenario_6","Scenario_7","Scenario_8","Scenario_9","Scenario_10","Date"
116.741663314145,113.30689596598,120.626196958278,118.419873466543,113.082578681065,119.183479013411,128.118371299341,129.6374736945,118.319943385009,118.76590429843,2024-10-01 00:00:00
111.618292062791,96.4918792349525,126.923929896852,118.924328041218,107.662340578224,124.2493080166,123.900798854109,129.905210095375,120.325920656186,112.975895464408,2024-10-01 01:00:00
122.750075580308,101.114581156415,123.15226751456,111.69330256082,112.476030376539,126.377853303592,133.517638196845,128.973274526156,107.3125524541,113.206434192978,2024-10-01 02:00:00
121.270445268869,86.5978743909845,123.888534172687,106.365967574975,115.969668493171,120.154711559593,129.185862144012,130.492042883541,90.0854288208159,113.034849144769,2024-10-01 03:00:00
119.969422577122,83.2419853065288,125.054448594492,106.373635934073,112.16377505865,122.702226291207,119.788883958249,123.518199347785,88.1680354449022,116.454011168715,2024-10-01 04:00:00
134.155672591985,88.9867644436455,118.909398294533,106.052292370942,113.210604119715,131.684645831504,123.879312353565,127.234892072457,91.8853857560756,126.275019012418,2024-10-01 05:00:00
142.890223297031,99.6538886651379,112.234301291012,112.962453284208,118.135528095682,136.841349388796,134.035527988712,134.256539793034,107.790943186514,127.208270828284,2024-10-01 06:00:00
148.850674535697,118.020562865447,113.452694883854,124.008964513486,133.549533999976,133.790167359541,139.115427215055,133.329522108069,123.678980996092,141.35098348654,2024-10-01 07:00:00
149.184067390718,118.177605785214,122.545007363462,131.606946513252,148.575649845949,148.492115679603,132.930642755352,149.813965887719,132.150534621144,151.538120567196,2024-10-01 08:00:00
125.107782813433,101.374139416869,98.9603362117764,108.593894062495,122.964091503529,123.479400178965,110.550731126889,120.925787598157,111.853559406854,126.744304438683,2024-10-01 09:00:00
116.243606009853,96.1498239276657,93.6538805617192,88.6998112836503,103.016721413328,101.865790515809,95.5122689255873,80.1316853418017,98.6846639609557,112.372235742774,2024-10-01 10:00:00
110.996749479943,94.2235507056062,89.9096823934138,60.646945276268,94.9258961434977,105.993716382632,65.0379639711231,69.5205443595723,97.1418819546406,116.823589169319,2024-10-01 11:00:00
108.584016447644,71.8410703185817,90.6692846134447,44.3061873817798,77.7052775997914,85.6864427791167,36.6232485907373,63.9192056764085,80.5546485093828,102.346813008602,2024-10-01 12:00:00
108.114759036578,81.2972864748246,100.185030152029,20.3857099798073,66.6864348496214,73.0389929019714,37.822188061762,61.657023074183,71.7286702394733,105.252361924817,2024-10-01 13:00:00
101.322024652299,79.4264636198247,93.811231759021,-30.4063436907101,65.4107006906002,63.0869965462807,45.0946259820564,59.8180876697361,77.3385010578171,103.229899097626,2024-10-01 14:00:00
112.444182199508,80.5265919220405,95.378795686867,-40.9634899433856,67.0182568059097,45.2627081254103,37.2902031840013,43.7028541223162,53.8854469894607,92.5122097814528,2024-10-01 15:00:00
118.569281201462,88.911642568839,104.460415990825,-40.039673377396,79.8658922897511,59.8705706677487,54.0131645767667,52.6686477359945,21.2928114650521,96.7488038157131,2024-10-01 16:00:00
112.139072634691,96.6837087024167,122.390350224665,-18.7497102430295,85.8623848544463,82.7001731474989,60.2804366815626,77.7978208106606,39.3186652470784,104.944929301432,2024-10-01 17:00:00
132.895395200291,114.164971680863,143.558247384691,49.8529500241023,114.879516753996,105.740508952427,80.0336021639175,90.9729684586438,66.1805306484559,114.826911051899,2024-10-01 18:00:00
153.164974086952,144.795283268486,167.733750292622,88.4571384831799,134.307861743035,128.118699714969,118.743668095898,119.692851126713,94.1576299763794,138.859262294494,2024-10-01 19:00:00
169.503053941766,172.900492599415,185.084319021287,125.026063557432,148.211094091563,150.313256860966,144.335225047302,144.195054516599,128.751830692479,166.582228564318,2024-10-01 20:00:00
170.971941499395,181.032642229418,191.237195787935,125.058136576953,138.930464151931,149.711490228905,147.276326195828,146.391072037092,139.93992658402,168.171982644813,2024-10-01 21:00:00
142.150348223959,173.770767233037,173.784401355952,94.8974392668931,120.573414313271,121.695279850863,116.684644188255,128.759968503681,121.898669419095,156.629890230375,2024-10-01 22:00:00
132.244164625101,173.726781637475,172.887255062,97.7797077749854,118.412336716797,119.768389653957,111.300469495089,125.710865424681,115.583420153895,162.091146957324,2024-10-01 23:00:00
121.898081893536,168.997164468645,171.246249918498,91.3481298603099,109.584832853537,120.608918245236,103.022674895506,135.437303162812,109.031564185776,152.62117675426,2024-10-02 00:00:00
105.472077051443,150.493980162508,168.83474255478,73.389224006261,103.502001275825,115.916162995982,83.6562909684391,131.340223381827,108.924494907612,157.097242792782,2024-10-02 01:00:00
112.31125382958,165.432312936948,166.523196263228,60.397527390128,114.419679924543,116.962703753423,75.9127386250415,138.899384286564,87.6008413002969,164.106195071485,2024-10-02 02:00:00
112.284587943245,160.374068401379,169.426331191234,66.7613745278212,123.073571273525,96.5159443179813,70.3177842567575,135.925418745756,71.575852503973,158.970633331524,2024-10-02 03:00:00
101.522126579649,171.318810273385,169.696028882469,59.1387667511987,113.539376389723,94.8473635617244,66.9292620044881,130.619929873076,76.7143246088934,167.477568318479,2024-10-02 04:00:00
115.246199739384,176.727555620809,164.393573566005,63.1607156533067,104.339195896301,92.3930019188344,79.3384750868408,130.776538866234,81.2557681621087,180.22883905143,2024-10-02 05:00:00
124.951130655395,189.141826851604,164.619424986322,71.5045711165756,117.22820238963,105.697503172718,87.9375242364675,137.516328863502,79.003262350018,187.111729113014,2024-10-02 06:00:00
133.219387579826,199.947510717894,165.036735197409,81.8700660295049,134.363893648289,124.138420278124,98.8422276312537,149.223532529491,103.934205502621,201.864700480964,2024-10-02 07:00:00
141.329090057075,203.591922733601,162.61755337746,84.0066800396735,136.498088352553,114.474859801285,108.232004458418,155.638087575905,113.022273552982,200.434515461241,2024-10-02 08:00:00
129.430836278898,192.662072443113,145.741536414309,63.1996216923983,120.392340636213,100.130802196144,106.969115771602,141.490532713265,88.2298667519647,195.191672948695,2024-10-02 09:00:00
121.87301249511,181.242651691466,121.954056444888,41.1752919113378,88.0080656967505,77.0600842925599,90.667888507473,117.102415074473,70.3658876203029,181.205101637437,2024-10-02 10:00:00
120.221865530533,176.120702382004,102.583562762951,37.5363773569322,72.1438407911618,68.4349248041171,86.6282972537502,107.320577866139,62.8937929154196,174.720907014326,2024-10-02 11:00:00
120.599743214025,175.713769048258,107.527992943696,24.3034156581473,68.1961379133911,67.8651583368921,83.1165655548196,108.096168797788,50.3544276335754,173.03951009059,2024-10-02 12:00:00
119.019884002689,175.484440810278,104.60751524489,-18.2718257023013,63.0300394838819,69.6297466879435,80.6850124017498,114.163147075049,43.3381055309777,172.977007127669,2024-10-02 13:00:00
113.915044676947,161.884686554764,86.2949009238722,-26.8825319422428,47.0394554412606,57.6857580667745,62.7411566350151,115.243748794701,40.9933444645884,181.211420800424,2024-10-02 14:00:00
111.986812826326,159.203085993545,83.5010302939298,-21.674220318301,55.4098072175973,53.8966176875639,47.009903772218,116.212777994619,39.3190935843005,174.432823470853,2024-10-02 15:00:00
109.395032738898,164.871443884903,97.9091924089368,35.7267665187643,72.6823014126875,54.6202386733786,46.6349770413959,124.747294131894,47.1459348739355,172.459083287102,2024-10-02 16:00:00
111.401705436024,173.881141417439,112.928014068274,44.3233227165714,71.9538352093159,78.3223547497906,42.822066941175,137.54417080441,63.8385536417018,179.575757994406,2024-10-02 17:00:00
118.066465267305,188.794611710555,131.397880093288,64.519498537056,90.447206527166,84.487153411336,52.169018151042,148.064695390116,97.0838059953294,192.534241445513,2024-10-02 18:00:00
154.715113953754,200.428287888541,162.206234802901,104.160096305614,121.842305864371,116.607327471269,85.2521219477098,168.951560797133,127.791163309671,226.388726157922,2024-10-02 19:00:00
180.118186102533,219.448112359603,175.7248780666,137.392505528563,146.454342552304,147.78624259139,117.497172601758,190.438317380625,151.832918884929,237.238751311088,2024-10-02 20:00:00
176.386660468445,228.603625648245,183.393929356049,136.494054122157,144.06402471834,133.591507534204,115.269392720728,191.013277220112,162.218882664393,244.245176255026,2024-10-02 21:00:00
153.864601429911,221.887663622631,163.188026398308,118.354060726485,118.25388574458,114.597728553456,89.8039517063633,173.678583083313,143.492939362323,236.110641132089,2024-10-02 22:00:00
144.441661534516,217.658643946688,158.24846449819,110.590702396821,115.166837718844,107.239637270927,81.3341830792092,168.686994914881,142.271001507314,238.677788526531,2024-10-02 23:00:00
142.942323399611,211.244939634678,167.782604855792,96.4212614303437,93.653675012128,102.873263700258,81.0263401601583,158.256160196155,149.933908674663,228.332684187679,2024-10-03 00:00:00
136.701947008744,212.60346751415,171.530783883293,94.8501072104433,79.5938336111448,97.8538124758836,73.50526522608,156.803543034661,146.923633999597,228.08818878325,2024-10-03 01:00:00
139.079492036839,206.594544466474,174.147275600781,91.3214279510166,88.2966687876396,101.726637186495,68.9145522716738,161.081896329076,147.076893868902,226.758155162669,2024-10-03 02:00:00
137.893934280444,200.89222733636,167.659676457835,93.6293896084634,74.9310177694805,102.72566422349,59.8147035333936,158.992269079999,142.962670667736,215.494598163504,2024-10-03 03:00:00
133.922786087981,204.772772071893,161.584577947671,86.1635460595651,57.0895910244,105.555721783181,64.4309376302317,166.969829939741,137.247783629842,211.79575607892,2024-10-03 04:00:00
147.426213550404,198.248490272704,174.089061719174,101.799445283572,53.0443967576981,106.291601634249,80.2138174046349,167.503909564287,146.331324075674,210.095731618658,2024-10-03 05:00:00
152.203840429925,205.307428424191,171.036313533044,113.561133685225,59.9358452369002,110.065009138794,87.7189255741827,175.182649761716,153.321124333303,222.335463478364,2024-10-03 06:00:00
170.173877247651,224.616666318642,178.497278645517,121.767534888174,62.0447611114426,121.624790638347,124.03532991708,187.632937120019,163.852125261165,229.29131306625,2024-10-03 07:00:00
165.32526440253,227.148798765417,185.773482637813,129.740438614437,71.4463780345165,121.132470106339,128.674561663179,195.716156048349,177.85918724179,234.873820295416,2024-10-03 08:00:00
153.416278157351,213.8059429993,176.866878096423,103.715881245679,32.8660697562537,104.955586685121,134.02100912235,184.408717662986,151.926498518775,227.618725966663,2024-10-03 09:00:00
143.703908230479,205.941933511301,169.996753853373,84.8625815020497,-32.5651216401369,79.3367629388813,120.439385587219,167.691942222615,137.247465145398,212.126367247233,2024-10-03 10:00:00
139.175384062917,199.654129613121,161.107852518769,88.4894709480075,-49.2811192316785,76.2071230690709,99.5405113944457,164.526297574489,130.738730800375,210.148222114841,2024-10-03 11:00:00
139.554299536636,200.550305933927,154.702547250417,81.1796339139689,-49.5560264464212,61.6793846722195,82.7895400221594,163.725201376919,123.61456243919,209.983160172677,2024-10-03 12:00:00
134.673313268074,205.203748098466,151.708389515145,83.1957248975086,-53.4129741741667,41.5682672520855,72.2086865426045,165.251252897391,122.353231945584,203.423308070295,2024-10-03 13:00:00
129.799210918832,201.44537315677,141.345139198525,78.0908343582483,-60.9844869588737,38.03418249635,80.6296724099062,168.664919260279,133.521405336362,207.576162452308,2024-10-03 14:00:00
121.74523678945,193.612891638306,143.299754644048,53.2205077396812,-42.4007774377421,38.2645001003593,90.4622191230944,171.621747826034,117.388030242483,204.96389797775,2024-10-03 15:00:00
114.832916359161,188.538196899623,154.67922325647,50.6089746044556,-27.419342273846,53.6169249935032,96.0414096301931,174.474796420471,123.848144835807,203.933116033023,2024-10-03 16:00:00
121.225928709935,191.010909837718,174.807424619045,62.5845247110978,7.36284166217919,74.9769223237559,103.061556313019,179.440280600546,127.519028978453,204.779523067407,2024-10-03 17:00:00
136.543882922778,206.513816090803,189.727118692947,93.5749930548865,49.3499150280359,91.7069226025,111.875178248372,196.721905630135,148.031494098638,213.776492040318,2024-10-03 18:00:00
161.993622328955,214.054546536964,205.793275188205,118.870068072005,89.6305663673279,124.415210069337,132.489676846853,216.152875216584,168.886949706673,230.032193839049,2024-10-03 19:00:00
186.255004202551,220.644791708802,225.602517632289,144.042536558722,123.359721036379,141.063545920802,149.533460064683,230.357205385857,191.535587047859,243.842963196512,2024-10-03 20:00:00
199.032374485051,222.114553496548,234.283343073489,140.803115537779,124.693101237286,132.471927004053,146.214566573282,228.076650595157,196.244546264561,247.136152928239,2024-10-03 21:00:00
178.570340165491,211.299288314397,217.61227673224,112.67895138151,103.24645629749,102.186341942159,121.365997925513,214.031222009241,175.71151815239,233.157970310579,2024-10-03 22:00:00
158.372457401283,202.572593094975,205.317427957478,100.763886436327,112.543953480343,95.2337556766727,110.312736758463,211.926994527379,164.702268474634,236.56798435252,2024-10-03 23:00:00
159.474864352077,201.703374189103,207.890002727655,102.709126710909,98.9439996679537,95.4547640635675,109.918301655795,202.103038224998,156.011912783144,228.071557653734,2024-10-04 00:00:00
151.062022690605,200.50143094372,213.39727159971,106.634210435975,101.815239939501,98.8266383006887,110.349058429801,192.415572955801,151.384730057746,225.433351981727,2024-10-04 01:00:00
146.785866865285,198.286785650732,211.227558002295,107.547129652809,100.006172531182,110.262750376823,120.126856962025,193.650047375195,147.832506545655,229.249860098327,2024-10-04 02:00:00
152.016943264211,199.556870014696,211.979035614514,115.325344373681,108.98644222305,109.972959645294,99.3134990315691,187.995536788629,147.344624812716,232.110642281237,2024-10-04 03:00:00
147.737326862205,202.35615553491,208.76955749709,109.253190788925,99.840732888194,108.397279338597,100.229134344895,194.926317857464,144.78863404167,230.985355778391,2024-10-04 04:00:00
145.495289582934,199.804850963023,214.469522547165,118.688560372154,91.6119427467985,105.059328676785,104.05923955805,190.598289378675,155.500804112436,232.609534927624,2024-10-04 05:00:00
151.603030999699,206.313220742005,215.617779450385,127.226337004659,106.444539134522,112.317475523378,107.431338843098,186.384139410627,153.577012878417,243.453068447974,2024-10-04 06:00:00
162.703577851338,221.430177552505,220.665513681016,130.362848803834,123.976907274317,123.619283148291,113.285082732375,195.50887228359,167.387330599362,253.424573384165,2024-10-04 07:00:00
163.589612114011,225.457570609298,224.453817265387,128.877249125902,132.648538154904,123.271740818478,115.267025011966,202.521877702581,179.075734547111,257.817009304614,2024-10-04 08:00:00
151.72142668656,209.81473131296,211.219308558018,109.601313888759,115.358518143098,100.556333929127,98.5227545609426,190.287295830779,164.610665993972,246.422801484892,2024-10-04 09:00:00
137.6081996749,204.185175450465,197.964807284989,94.4077655291901,98.3300032468297,70.7875277274408,83.3805798756019,174.668561598616,151.214356094385,235.35800199652,2024-10-04 10:00:00
135.997473015907,205.373222258067,189.535222312787,85.3902335344408,105.157564188884,53.117577843163,59.3523150751779,171.445646554355,141.900073149723,231.780951499931,2024-10-04 11:00:00
132.529273733783,204.21598182299,186.554601180708,69.9820288890476,90.6679155891228,58.8455349992633,80.6620009146612,164.654482166914,127.248268024014,231.942522435711,2024-10-04 12:00:00
132.211101337559,205.742173563337,186.616224084932,44.1911606255019,78.0790561350141,55.873798987828,72.4103590729757,165.516600504518,113.895504160024,229.498949452143,2024-10-04 13:00:00
136.843714494587,202.65141140416,190.816235347236,42.6289834687539,62.5092440556994,46.0893942685097,66.9974835800589,160.786183299762,120.458781296121,228.421005458658,2024-10-04 14:00:00
137.412370985247,210.980864598112,183.118562634286,28.8965528639481,73.2029904922058,19.0853842346211,55.4892472272622,154.526425333824,112.171346933426,225.701591536954,2024-10-04 15:00:00
134.926508589133,213.30861143768,185.577630222671,39.3254412203488,77.7342189411606,29.4556813543769,54.1828160821066,157.644467488522,102.1237615017,223.831245876376,2024-10-04 16:00:00
146.855427785664,216.562594039241,198.565684712227,32.9589419922168,83.5777941535346,43.2637657209815,83.1166208919398,166.627793971997,112.38885249509,235.17427686555,2024-10-04 17:00:00
165.525039580837,215.517469115673,219.172432691882,45.9368752589301,115.375446693459,62.4064356021948,94.175433034609,174.30392013092,134.757568759817,239.628777375411,2024-10-04 18:00:00
190.359683132807,222.33719741236,239.53645473938,81.7176995473729,137.330942757491,94.8008490894135,124.553609877538,185.745787486856,144.203790488124,262.275323533406,2024-10-04 19:00:00
209.810042198526,235.956970496999,254.240844260285,98.4695189921892,169.922598578951,122.921595610942,139.420086744068,196.871071033891,175.136006676726,276.620380937138,2024-10-04 20:00:00
211.043717444915,240.080706402781,257.450247776367,83.8997755080614,164.25430664373,122.189180723947,150.08099633646,187.523575197055,187.62763765998,270.093241283921,2024-10-04 21:00:00
200.428127193169,229.184239063769,244.491229518589,59.693775130954,152.685921747941,95.5449943345942,132.80570985596,171.191657339718,162.096938650956,254.676573642737,2024-10-04 22:00:00
189.213452097418,228.191681351179,243.801709114216,59.7315010336283,153.906608158641,107.323843653059,120.250068915477,170.602200195869,150.600308638986,258.602811785795,2024-10-04 23:00:00
197.177065539444,223.799216030047,241.743406330231,40.5911497662817,142.714397307786,112.173278246612,118.449772017923,175.792598617395,146.700478423393,247.447539776026,2024-10-05 00:00:00
201.53716197321,226.170791855298,242.576465046678,31.8450546462061,139.222211821143,111.201388450686,111.678152321774,166.857482230102,146.111294057921,245.527266321145,2024-10-05 01:00:00
199.455034747445,221.514971379432,242.445302628643,-0.363807414421757,147.496294686592,107.99638294598,116.345866000234,163.568354591204,134.752057832628,240.621935122115,2024-10-05 02:00:00
194.225141209883,213.02548540855,245.108564743266,13.1158626969754,159.337099696946,113.298899476351,103.721475428295,160.754969117585,126.847067246009,239.157664349093,2024-10-05 03:00:00
187.437769875974,207.544744855574,248.838373156854,-4.39924923150238,144.803688747388,106.038343654688,105.163934875862,162.611537972817,145.1252618791,243.896783366182,2024-10-05 04:00:00
191.371572441897,210.966870592141,252.179615845353,-14.0652459040349,163.526683393027,105.285919623964,120.660931578493,157.944740869202,156.073450124451,244.752828561973,2024-10-05 05:00:00
194.828747469546,216.390980896695,253.505883940317,-10.0780927996633,185.723100407798,118.279831507168,134.482197474582,165.828352895927,167.157537893939,254.92371472167,2024-10-05 06:00:00
202.34189558531,231.1219288413,265.922491010872,1.8685046120149,192.826662685054,126.531287998902,147.49654068933,173.8281190494,174.811808369672,267.159255489073,2024-10-05 07:00:00
198.89034608129,232.819736030707,269.57845758556,21.8312108021492,196.711132902356,125.822637712296,151.846390335924,183.862792458722,178.389446225334,275.40160604651,2024-10-05 08:00:00
185.777371939134,216.702638307938,265.230398140374,-29.2124592102076,178.64549599479,110.22258129463,141.939472040871,160.945517889675,155.178292190816,271.106963094559,2024-10-05 09:00:00
170.322488340978,205.960478390376,255.555061259602,-51.7259061935114,163.931600976566,91.1831824810634,134.446112384046,142.464251532173,143.312214120482,265.444490034268,2024-10-05 10:00:00
155.691009449348,192.28621150687,252.10489034123,-70.223674100691,164.465301946076,80.2698287181487,126.354316228976,139.587566306744,136.917528276168,263.686920499824,2024-10-05 11:00:00
150.34761923664,182.631489638751,243.084712986451,-94.1930428388384,159.880280270842,74.1089437870801,129.339763372311,131.865051466559,143.975240002195,261.870314050448,2024-10-05 12:00:00
154.731198950408,174.924222487171,241.300938516054,-97.3805986769286,157.324900464018,72.5713174197995,130.922798627318,128.652827140716,138.776163208632,261.096880858255,2024-10-05 13:00:00
150.608928255141,177.60784586414,240.235054338127,-101.155240667881,162.150999688411,72.3455017063014,130.502775331187,122.156225894078,139.376818040985,262.589484193324,2024-10-05 14:00:00
152.973983949446,175.209420358251,233.957731988933,-106.603767010205,151.007522792981,77.5880527754546,132.184701515288,119.746416806814,128.785034033598,256.255702096681,2024-10-05 15:00:00
143.27397150337,180.588650126557,231.727167116939,-94.9302549620784,150.220361331756,78.4052831307995,134.291691251538,131.190547730067,127.905650627275,253.332098477113,2024-10-05 16:00:00
148.167278600567,194.299210477214,243.823905467591,-96.7464524146971,156.614098048694,99.0147573743748,148.909797193388,132.993001032318,130.491024871454,256.71375378132,2024-10-05 17:00:00
165.347063981489,201.776693391745,260.636922222051,-71.0723039133306,167.191057894416,103.083254428274,156.968488584597,143.695912165403,139.339423020695,261.879472605479,2024-10-05 18:00:00
189.147762290194,218.086752314154,271.924395360768,-33.2879952300713,193.128705943576,123.980450861091,179.55552958406,161.238630898949,158.358858905773,278.897218826544,2024-10-05 19:00:00
207.821820854862,224.466288687282,287.123238353622,21.6556787521731,210.476976031729,137.724308390164,196.308404559619,185.48227002831,174.990075996531,292.109822558131,2024-10-05 20:00:00
207.165523886513,223.698521468398,286.038637217076,15.8134489023535,207.942606748599,139.105412929484,193.995001918695,196.206942829134,176.418167495068,289.454519949793,2024-10-05 21:00:00
186.484752849897,211.32748942256,267.529507327722,-42.4687600178855,199.603472123464,120.484307965615,183.319109601802,182.871515677661,159.511047611528,266.481113908554,2024-10-05 22:00:00
172.35691597972,208.932580208366,266.393668609844,-52.2656957575842,202.084262343768,108.052741541932,170.641792128653,179.724464238074,159.339445719652,274.403796347007,2024-10-05 23:00:00
171.559777631736,200.702687714883,261.545159790687,-71.8367852665926,194.281988457125,105.735973777304,174.477654149409,185.389706911346,160.593304225878,265.293271408614,2024-10-06 00:00:00
163.667615235031,211.806666069323,265.521407438625,-79.1536463542887,189.330233713769,96.5748041311358,165.04786709114,178.729133786091,158.553760505907,267.32339593523,2024-10-06 01:00:00
159.754488887041,209.068150706868,265.224946579133,-104.726864228105,183.31893824889,99.5297980379732,158.9202186426,177.249140049636,153.808776480136,264.215987347801,2024-10-06 02:00:00
156.46359169749,204.750588304729,267.209829554454,-109.108821664823,181.27504207444,86.1590156052334,159.141445722948,181.398200119859,144.907517525863,264.064701982953,2024-10-06 03:00:00
163.552809557658,207.765317419713,264.901693676563,-108.26777291254,190.023443898555,89.3206740418397,157.736326635639,182.214427601499,149.131873164785,264.73901340728,2024-10-06 04:00:00
164.078013622085,208.499315341077,261.078547903509,-107.625599572793,193.862800981446,90.9545989080022,151.790853288475,178.912184247751,160.368895281018,268.578977010503,2024-10-06 05:00:00
169.493781535722,210.663246937215,266.863194703138,-96.7605329018384,206.695207702879,90.2051794658475,166.698367656918,184.472429844695,160.371688034036,266.653936077219,2024-10-06 06:00:00
180.11442093402,227.293787932064,275.671483846389,-82.578892792345,214.917419206186,101.756562859518,164.029115849826,190.864719343697,176.283349928959,276.078678220297,2024-10-06 07:00:00
174.893114272022,237.772534750194,277.175386482612,-72.0022508590561,221.077680841495,101.322385614042,161.294532198522,206.112078827439,177.956748218562,279.891976189197,2024-10-06 08:00:00
160.461850742703,224.700153958921,268.023828681905,-87.854322434972,207.057923791484,77.9950662778088,141.072680020169,189.54421548586,162.38705529312,276.574616484064,2024-10-06 09:00:00
156.294727837594,217.84466278673,264.456720917558,-116.848073347783,200.811238829953,35.5439119917358,123.699090016407,179.027364584457,141.704116031289,266.654285191105,2024-10-06 10:00:00
152.171652583905,211.231308184932,256.525489400076,-125.746487158099,195.15537392224,2.77918186861722,115.017847483107,174.9824516874,135.47190714502,261.024111689218,2024-10-06 11:00:00
148.908464768852,211.909704903307,248.93812327162,-122.741830213732,181.071520131424,-21.6520264405235,109.803714855839,178.08242162528,141.610780017717,250.543595648431,2024-10-06 12:00:00
146.308343657866,204.910389827652,245.264585548123,-129.647428958238,183.508386077489,-47.6356693078675,104.045158662182,183.217633353446,137.467332047431,249.405788940477,2024-10-06 13:00:00
130.399018484961,214.807822662764,235.447951476604,-129.86676320143,181.25875692993,-48.9753279358575,100.831168090089,177.281057283511,127.784227646983,253.151855020682,2024-10-06 14:00:00
136.858402704434,211.577071756367,236.52639296413,-132.478225764691,187.351030647821,-34.5443873606813,101.393945543753,176.923299299323,131.924137944957,248.570078561523,2024-10-06 15:00:00
125.785752146588,205.219361682588,239.476826577565,-124.566070331758,190.742466111726,-15.3351973703583,97.0066525780698,180.045193171318,126.999569067508,245.58075013439,2024-10-06 16:00:00
135.080775962296,210.277163579821,248.483426451085,-122.080342435602,202.764278429508,12.4283054623515,90.5572841134719,188.112787726384,125.19545039204,251.566891496519,2024-10-06 17:00:00
161.976207459779,219.811963573549,260.794559306654,-110.6604931924,216.794506679511,28.4925463328397,95.6122213402687,198.176711346801,135.789733143693,253.959674063869,2024-10-06 18:00:00
176.505218228401,243.322015090294,273.985612607064,-81.1847377282329,233.813886341272,64.7487531972244,109.764901650602,217.704607818137,150.17098245143,272.729659523804,2024-10-06 19:00:00
198.357656185568,260.078816490475,284.299198795054,-49.0745118540086,253.484026235406,95.737421610322,134.739731584339,233.782913854689,171.495969393989,291.039433671382,2024-10-06 20:00:00
199.698537137093,263.278800148426,290.265950580464,-50.5825512619343,251.473966741334,96.6197767777437,149.262489525033,241.091144066992,177.994893193304,291.134874407964,2024-10-06 21:00:00
172.280234144934,244.999181774756,269.723729444569,-80.0787160229199,246.826878970529,59.9993197280513,122.933836144841,229.209809760142,157.685671713871,274.602772131627,2024-10-06 22:00:00
153.568319251295,236.95265395954,267.720791267053,-83.365341526074,246.721142393238,31.3885655527533,106.532895019092,219.016342058765,157.606512157035,273.661579285412,2024-10-06 23:00:00
140.548405646046,231.281942678599,262.194596104649,-98.7878931156352,230.39452771702,32.0173301099678,97.851957195623,217.792836914261,157.744841537165,269.517724196489,2024-10-07 00:00:00
131.529304406974,243.471591893504,263.428243397367,-94.6903603509552,224.574800728629,-4.21281151981229,96.5138289695661,212.112033059949,147.381379076605,262.981865215421,2024-10-07 01:00:00
120.324010861884,234.12043271569,259.707553917173,-84.9054579017741,216.001888075509,14.528410918863,95.7156120995248,217.07152146069,146.645202426333,257.593175339981,2024-10-07 02:00:00
122.549302084755,235.497494868321,256.76545522344,-72.6613695445203,204.476026997843,-3.04209675906259,94.5888972410054,211.178044624945,133.622192978178,249.362735528197,2024-10-07 03:00:00
136.395307915747,234.452901593552,263.843716474007,-78.9250697315928,203.238760226961,16.505838568465,99.4963226287207,199.988794703639,133.511720993317,247.842488182393,2024-10-07 04:00:00
131.418388917662,242.262843921535,267.406250907479,-92.068812761698,208.494324531071,37.6601631219212,103.487454056171,201.626038780321,138.241670808291,250.236362087714,2024-10-07 05:00:00
141.501458088315,242.099519509613,260.331452527994,-84.1605109450431,212.399656722488,27.1473388169022,116.350560883695,210.92440016759,136.610392763938,254.163098573018,2024-10-07 06:00:00
157.896020748832,253.346270538921,267.71857539951,-62.3778715912614,214.061768527982,58.1213506310074,117.570912162567,221.021195526595,156.746403781369,262.659208290151,2024-10-07 07:00:00
159.410421792747,252.95105980056,268.411130060268,-46.7380802554328,215.005619997583,68.0520342528872,118.251389211356,234.471609637324,161.688166221876,257.572874247042,2024-10-07 08:00:00
138.430345878083,244.178841213733,252.506656319701,-82.205824615996,192.621863690991,35.2698864616238,97.2783149074839,225.599616384224,147.425411284816,242.525350145899,2024-10-07 09:00:00
125.598872540768,243.637147163164,245.014296030742,-111.404531305089,184.133974763723,-28.2797456975216,67.0705650190698,208.268496858152,132.058461148776,230.501849271147,2024-10-07 10:00:00
117.644463203968,247.477551493408,239.496284317879,-118.458581440253,182.991368420066,-37.342748913625,38.4911913234072,208.301720396658,119.05907372076,227.481037327668,2024-10-07 11:00:00
117.73513649951,249.486000632333,233.845502771953,-118.807043840009,167.085149459511,-37.3203825206991,43.2716885628698,203.946705372705,120.569924561164,223.92893880114,2024-10-07 12:00:00
114.132731344183,255.964074382356,241.784362254195,-117.347497721126,161.599787239524,-64.6396497234769,19.4677162791627,209.885685699836,111.362427860193,217.350400453013,2024-10-07 13:00:00
114.794508036112,262.928729034782,227.5201017289,-113.741239930704,165.489645103932,-54.2216823101131,-7.25629326954748,213.315021460621,115.155183819383,223.210050027099,2024-10-07 14:00:00
113.689658057498,260.767551642171,229.273197905531,-124.095337993001,166.048408051722,-67.5107356358241,19.9961087929473,211.431211398061,129.217555205679,220.535974216277,2024-10-07 15:00:00
117.104865089878,262.847857183872,231.290804380061,-128.953075927742,168.763371936877,-82.8616432394424,27.2262392332188,219.646397419877,130.491413483246,217.781524969778,2024-10-07 16:00:00
117.34398881531,263.274948325516,241.792190234135,-138.173785226649,178.045757216371,-62.1963034139408,45.6085762289,224.382487401157,139.131969839816,224.59353214956,2024-10-07 17:00:00
126.048530866146,270.537753965732,252.291404138173,-121.665705098608,194.720303503801,-61.4033921060377,64.8695897380113,238.364363284776,155.421925978371,235.868406157668,2024-10-07 18:00:00
168.946176803962,291.525420649711,264.899927454076,-86.7328303045289,220.13327348059,-21.2495709705316,92.6496364642787,244.481552053193,180.735761338999,257.693629766777,2024-10-07 19:00:00
187.077772744911,306.821578366031,270.737767164748,-53.576351060282,241.550258943715,28.3124114870632,100.543921872921,253.625897919804,193.506472552567,271.026733245361,2024-10-07 20:00:00
190.482404740884,311.51923881155,273.032309855412,-63.6927379033971,234.892712677292,-19.0019966913403,101.510418886294,257.626858473697,192.79934256817,266.817761595292,2024-10-07 21:00:00
174.343567518349,295.115460777476,268.695728167309,-78.4899531671565,220.928499297438,-67.1799353865496,61.512965480951,241.870048141823,175.437208394772,255.666728093811,2024-10-07 22:00:00
160.418437132285,287.911278808148,270.103838231395,-86.4642581878525,221.036446801083,-71.7371315959374,39.9731782301605,223.970379666544,170.82913623837,250.593877740915,2024-10-07 23:00:00
158.51159166968,280.412887007194,274.72983566816,-82.6854644910964,211.493675760643,-71.6551210467641,57.3972275744409,217.312246082496,161.515579604291,241.065279143373,2024-10-08 00:00:00
155.623444212061,283.252804341242,279.409853650541,-78.7746376434741,196.260268935615,-83.4428761265217,52.7251801280994,221.525639169134,146.146668675521,243.985736552725,2024-10-08 01:00:00
151.494878963325,276.554732942845,282.841916150584,-71.8002261905319,189.702943591358,-82.461805167022,42.9668770468349,216.525608363571,139.219371786824,239.689817136021,2024-10-08 02:00:00
151.117444079616,276.830604989296,286.19273977221,-64.7213305779574,193.04353674492,-87.126663150234,46.8709180960129,214.61343286086,143.312583193789,234.979008224115,2024-10-08 03:00:00
152.279748269023,272.182130969826,288.989860564656,-70.2678395951047,191.427235826887,-87.5200579870847,52.8411921046968,209.951504420113,158.153786792652,237.069516856983,2024-10-08 04:00:00
166.406655194502,281.801646083811,288.094214073336,-79.6954806924437,185.744884195465,-87.7135254686942,57.1547622860277,209.745741011218,167.874070481252,245.629453940622,2024-10-08 05:00:00
168.716260087424,287.832955131196,285.589761806919,-77.5129006778929,193.16354772626,-80.9768300777769,67.3746248556319,214.322636727575,161.318789290959,245.855493062186,2024-10-08 06:00:00
172.926649164475,294.418581472011,285.521173314628,-62.2782668009734,200.112998608067,-74.389455033069,77.7120661351135,221.798983069145,178.174623827369,257.865704787197,2024-10-08 07:00:00
174.142007967641,297.62250430718,287.071757816449,-51.479778074222,206.616340920716,-67.798905706675,79.6393235278172,228.753144595467,180.347564451273,259.648839657837,2024-10-08 08:00:00
160.48729828182,285.645431308998,280.09044713809,-78.420747887526,201.901093334652,-93.0520481306198,64.3839441865256,204.912763269001,164.842553929104,255.116303276575,2024-10-08 09:00:00
151.792975106934,280.941722149553,276.301654554836,-101.574319745058,182.398627137108,-116.478692889277,39.7580470409213,189.537281877877,155.801855786771,249.737218422096,2024-10-08 10:00:00
142.648486758729,279.376833728368,271.575786738676,-108.177921438736,174.943205208797,-117.848503276253,-12.7637816403951,186.85275837312,158.441451155671,245.64666112316,2024-10-08 11:00:00
133.204946271591,273.228037335309,265.278054527731,-116.848285651137,166.647320558686,-124.330804376092,8.64933129569493,185.771894184569,157.588640545212,238.848518362284,2024-10-08 12:00:00
139.549462399902,270.108196348551,280.816932207706,-123.909118816458,150.582626894263,-137.649035772571,-26.8190349588181,194.926285085362,148.585867928112,229.810911001043,2024-10-08 13:00:00
135.354554117546,272.432548630082,279.778671151998,-134.909826121325,148.967916235169,-145.878341181998,-10.1266940007054,194.701876172988,153.876966607129,226.451564099926,2024-10-08 14:00:00
128.668210396574,278.415655840935,284.748370435067,-134.889596223636,146.067907992491,-145.085160101275,-27.0149294318451,194.259927760932,158.762293646989,221.075076039234,2024-10-08 15:00:00
126.462216645109,284.48372733529,285.950189673898,-132.058347006566,162.144755263151,-159.156342700712,-10.3099043445513,190.938989019817,163.929147914938,214.173163072036,2024-10-08 16:00:00
129.613263338565,285.450102695343,292.886561809407,-131.749926357165,152.517247886968,-153.332774550293,42.1136388553943,196.782501274149,176.122576245264,218.714281349667,2024-10-08 17:00:00
150.42693382311,296.568294454878,305.525412251318,-121.475754778854,174.459709112234,-143.484030284101,71.7861240667572,200.24164595158,190.6514270665,225.100630156479,2024-10-08 18:00:00
177.660512407239,312.017573517522,326.130905763163,-94.92166023779,203.200489065873,-130.176181695448,100.547248363411,224.823183380383,204.278248286495,253.966066887561,2024-10-08 19:00:00
199.901556725627,325.669042044268,335.938523930926,-76.128210429233,224.945613838918,-110.142394608483,124.239678197242,238.224979858579,221.183776380462,273.873849584724,2024-10-08 20:00:00
200.369634731108,330.055955223953,341.737551795917,-87.3501075048606,224.979654138268,-107.6832174855,113.381949927208,241.878503658353,215.924837626963,275.986034181072,2024-10-08 21:00:00
183.241459068602,328.271982389362,322.663555412616,-122.358999193646,207.358778749361,-143.430932180394,88.4903201484011,230.28247996938,204.772729706972,260.25404890441,2024-10-08 22:00:00
171.513799419086,319.789185364527,317.577977940787,-121.837013584778,211.757631601561,-154.628932135152,76.5469487634191,215.914808696463,203.844611552673,267.493929307367,2024-10-08 23:00:00
168.439979088438,314.862750006444,312.005779711793,-125.156062338365,199.109954212219,-145.527929238447,80.4877002351072,215.224696395454,203.015855198499,260.439886988765,2024-10-09 00:00:00
159.25556597623,308.492330133594,317.025214514834,-134.659010379646,196.096101930967,-153.566647166264,76.6770524048366,207.811294483601,199.158077535304,258.793527013666,2024-10-09 01:00:00
148.549139050388,307.484789487574,316.943415346853,-128.623915279926,196.768623600665,-159.297021746547,85.0090721103285,208.698570898795,181.806286325711,248.335598236659,2024-10-09 02:00:00
159.681858255409,311.155715426164,315.112024387684,-122.309047255441,202.381717342183,-167.181266730434,81.1800202989413,204.167473798845,175.091460407295,249.81627591205,2024-10-09 03:00:00
163.741810188516,315.852866846716,321.447972293346,-120.243164671921,197.230582437778,-170.510259935729,86.7849341600657,198.081445225227,184.048970007487,250.815648448349,2024-10-09 04:00:00
161.147911369303,311.435578021378,326.71461926475,-122.300116710123,193.737292206148,-168.224298398507,90.7070364882228,200.294745300615,187.987962076564,248.980084423839,2024-10-09 05:00:00
162.109598034333,316.3803942899,323.555102415215,-120.395630539313,202.512906906078,-168.275730676842,104.002530897907,206.83966007437,193.536188584962,252.72648476194,2024-10-09 06:00:00
164.421956262591,332.201455498663,329.804869282444,-110.06617291973,211.867996019339,-158.75048492432,105.924355648122,213.828375419519,201.108165455959,267.103048339984,2024-10-09 07:00:00
177.555804956028,332.844095875597,327.095546418211,-101.555947914166,223.06907455916,-151.764718300542,111.563577592692,216.649540446293,205.698251060544,270.094918331289,2024-10-09 08:00:00
171.858295023694,321.609396458252,315.583830440366,-114.972018821231,213.565073844819,-165.668247715242,94.0077871739811,201.509587423864,188.476313797503,262.642355681972,2024-10-09 09:00:00
159.547126722249,315.164664759376,315.525560088101,-121.482069121426,200.932588711545,-177.23722173894,77.7929565249752,186.708844607129,172.690091240494,258.725380590304,2024-10-09 10:00:00
156.333198162014,313.617218805644,316.773781447318,-131.494137228491,200.693381690439,-185.980823630531,53.3337451471402,187.827821528621,167.576913557607,250.780974928299,2024-10-09 11:00:00
149.811572730845,313.498667238651,317.786241862087,-144.241480671731,191.567663122565,-190.713819867017,55.9465360596043,182.261184373917,174.915961955127,245.229540179233,2024-10-09 12:00:00
147.047298844521,318.148270913264,318.747162995619,-147.742134079546,192.099672259504,-192.490779598867,79.3123826691657,183.801291882422,171.97473913899,245.245899753892,2024-10-09 13:00:00
138.778466093311,318.508597615609,307.834916882652,-132.210068528786,185.542817814088,-194.727883103215,92.5306562658117,195.338485436575,174.00238529438,238.732240992859,2024-10-09 14:00:00
132.919025326537,319.519639717572,302.825603995993,-137.24917799921,186.415984919594,-194.950223931529,98.0118565560715,187.422134474639,182.674146229902,240.576532497193,2024-10-09 15:00:00
142.088368926669,331.611564124374,308.555973062104,-127.654807219464,182.996579921754,-196.41831629448,96.3300885876379,190.343375968046,182.009031306594,234.123844460725,2024-10-09 16:00:00
146.873978333815,336.905196508721,314.56460621216,-125.719038542052,185.909200491311,-188.286804378382,108.435504731171,199.063962931535,190.954882445409,239.641403846358,2024-10-09 17:00:00
162.341903310667,345.339805102802,316.140045197267,-115.900661858846,192.96266918728,-179.943227066077,121.190378242922,205.308736657601,199.891462170764,248.600989310382,2024-10-09 18:00:00
187.976492821866,354.002091759496,330.653506903434,-92.4725646176943,212.607875765242,-168.06562179409,131.048482818934,220.132932462473,220.221357193891,266.16607448953,2024-10-09 19:00:00
213.022280897942,365.402047524958,347.338612426684,-68.91080085313,223.177836880891,-149.312762936125,148.353915512829,227.473316190244,230.683008825057,282.564725759253,2024-10-09 20:00:00
212.917535397765,367.891080528786,353.553628360076,-55.216455392544,218.690359495083,-151.900794555921,147.104468890121,223.17068408961,231.556541970637,282.764322979081,2024-10-09 21:00:00
189.715308468843,358.878982871838,336.715750642497,-83.2913167167171,200.576553414032,-166.400714312732,124.692157822486,207.378292149417,222.992721489594,272.612732792676,2024-10-09 22:00:00
189.040773180722,352.128871715535,327.110925840238,-84.2691032475677,202.604194356241,-174.950846468067,111.521419151137,205.939265500338,226.148051905127,267.720657529414,2024-10-09 23:00:00
183.862494971848,345.051598650028,321.119667231236,-83.8585152053692,190.817272497088,-174.45943160503,114.980920867159,204.478613615008,223.48500824755,266.782017044351,2024-10-10 00:00:00
174.065186489702,340.923529133565,322.762152442038,-70.4706603059164,181.475965877369,-189.209762630992,124.438832434828,208.097500027552,207.335841931042,264.819659515434,2024-10-10 01:00:00
163.308712415495,338.177611661958,325.870528170222,-63.1795542113796,187.60340927911,-194.448106437149,133.215454597368,205.472389075759,208.823763290251,257.323527148481,2024-10-10 02:00:00
156.879359731539,343.064899818644,317.622696751186,-73.8315770832162,197.837148545571,-201.957104352281,134.379178357083,205.513099959214,202.187103444284,251.024267776707,2024-10-10 03:00:00
153.978557681779,348.082362713737,322.746926480536,-85.5012412921247,200.729857377672,-197.106136702918,135.568881170319,204.173361326338,208.432757678543,255.932264738423,2024-10-10 04:00:00
159.803776923895,347.250420844002,325.296869647543,-98.7851636920686,192.897766278283,-195.71013559168,139.10915745423,206.08004456533,204.610883324254,251.050387372155,2024-10-10 05:00:00
170.746955814855,344.376221697759,326.98233945031,-115.299109198013,206.471706595104,-192.741722458714,154.369472512215,212.495731641017,204.300881107176,254.925667672688,2024-10-10 06:00:00
182.897520505047,351.08822268847,326.56163187781,-95.0950209292576,209.131609435519,-181.976357994128,169.17414092714,224.001996160303,223.398588940725,263.227910413219,2024-10-10 07:00:00
184.469540992094,351.20438209942,324.094232079855,-91.4906356612156,213.52072386291,-182.155989035227,168.318599467519,229.897632323635,229.070168842182,261.693559893367,2024-10-10 08:00:00
172.519123680246,341.358444076737,312.603315828687,-108.300762861137,205.004640184307,-194.445911880882,160.884332773952,220.236334907432,216.463563830753,252.156428534655,2024-10-10 09:00:00
157.341892300088,332.504031938983,310.717033741137,-114.356773339495,190.867738256053,-199.972006377553,140.942894891669,209.36847840418,209.199847825088,243.691059804321,2024-10-10 10:00:00
146.955547060413,337.435448707267,311.895294059747,-126.131642885081,186.583165207582,-201.916692878585,119.853616436581,206.288232857604,197.500652675965,237.227748075743,2024-10-10 11:00:00
148.359240252868,335.091912157044,311.169240719888,-134.385529416542,180.035991196418,-201.885637873353,129.773990088498,202.671953354749,196.843056643588,229.156019210043,2024-10-10 12:00:00
141.20616581983,330.40956616844,319.216325433635,-135.947218080429,179.860245313901,-209.837478127366,131.308063775614,197.302551389031,196.302215441762,230.689904143742,2024-10-10 13:00:00
148.674707180733,330.209910601079,312.319125780219,-132.899021499659,179.435716842454,-211.191648618444,132.663221301766,195.254039261528,202.958112437446,233.056552581135,2024-10-10 14:00:00
147.217977608182,325.959719622407,314.646746972956,-141.974814492368,170.002975450932,-210.628948406415,139.173205659775,190.803945492792,199.933254417726,238.96847067088,2024-10-10 15:00:00
148.7471345427,330.167187225048,317.67203914404,-133.131180783679,170.678444273399,-214.523210777719,139.212813763742,198.492639032467,200.500908095562,232.27565817168,2024-10-10 16:00:00
149.535332976945,335.192432270269,321.316596257092,-126.415990070491,176.852926215921,-206.70056237344,141.547134248785,209.358565487482,210.368635689168,232.026892905619,2024-10-10 17:00:00
160.003386089981,344.287828243784,333.350048773416,-115.041044172461,192.464114972452,-188.114395324809,153.121230030963,213.994319671029,239.235860973461,236.467627001219,2024-10-10 18:00:00
177.206218541005,350.581834167746,353.133974372977,-97.1291505137986,211.703180122586,-175.833958031822,161.208097831437,227.814649107776,263.700937999564,250.361911117811,2024-10-10 19:00:00
196.197684893068,362.648537777263,368.675033995211,-65.9562381805529,224.454396937472,-155.450275173009,174.664288837013,248.952928940628,266.589136691105,274.720401743697,2024-10-10 20:00:00
200.633465015276,366.945897018577,370.577156442054,-48.1525900511224,216.241680397603,-162.060592909855,175.329689089293,243.82774988532,268.650755915241,264.778053291471,2024-10-10 21:00:00
182.805448359305,351.592908862922,355.294097439495,-65.777838729008,196.956807082491,-179.8467427343,146.624614192411,229.926534560595,257.099647331069,243.593119325962,2024-10-10 22:00:00
170.766311872948,350.331886255707,356.276991297227,-62.0695135914437,196.004023718929,-190.829493120337,138.11989648344,226.504981676902,258.658004926552,239.05712612872,2024-10-10 23:00:00
161.822354994164,348.947541960986,355.192264350784,-73.0997865855822,182.884160322444,-189.079160159217,133.244789331059,221.734559651668,253.056630256501,232.107319272083,2024-10-11 00:00:00
152.533459602819,356.406024172186,359.307294136104,-78.0848166475104,180.178591953243,-201.21285269515,138.716657229613,212.987380730238,251.248585537456,229.956558269244,2024-10-11 01:00:00
156.68565321969,355.536146603251,358.523992633364,-83.6629874499356,183.086633085076,-203.169967166884,139.335305504066,209.747152413927,245.414211012191,230.794968616967,2024-10-11 02:00:00
149.015279475379,355.521770472396,361.06192806209,-87.9605260264571,176.670640433268,-199.499101748301,129.214175566573,222.037902884058,240.258800852754,234.230472654926,2024-10-11 03:00:00
146.414946364305,357.333282625446,360.043861497588,-86.8080283129422,176.356492392828,-200.214152380261,131.2338548024,220.298296329225,246.497541323316,230.555041755376,2024-10-11 04:00:00
162.232111756878,358.223936567419,363.470456606212,-87.4750353883192,178.398937776554,-199.463403038192,134.205796002363,219.237674879758,245.748877079722,231.998456409484,2024-10-11 05:00:00
167.996805821202,353.396572225562,361.439594609743,-101.692657172813,185.843211757587,-188.767334774113,143.985777790951,225.351050076432,247.844695095387,228.281558576596,2024-10-11 06:00:00
169.890213089121,355.211134246393,355.595864155956,-102.951789672708,192.946391559848,-167.523238868034,155.167493567537,228.056379534338,266.587450050329,241.901273185857,2024-10-11 07:00:00
167.713165534762,356.525143796694,350.835548729475,-98.2026397293524,195.41576777954,-150.345911409573,154.270458161157,237.420689312327,268.757356296139,240.027758495233,2024-10-11 08:00:00
157.012600044198,344.346106507954,341.494707052421,-115.228504541563,180.681260693759,-167.208844564939,139.977271599794,228.395491541369,250.453842562799,231.678203168996,2024-10-11 09:00:00
142.219888472852,337.570913284657,339.724274693657,-144.00632556201,160.709861060676,-186.528037155592,128.312401230856,213.689903647517,244.148413238453,217.814739321963,2024-10-11 10:00:00
130.856452907888,328.02770080623,329.872105354344,-157.404331742339,158.370358766392,-187.497393450356,125.617481793936,210.593767185478,234.762896231147,212.029523503753,2024-10-11 11:00:00
125.795129839174,319.194044536864,321.989593156495,-163.010418541112,143.780482607379,-187.726796597715,113.65247522994,205.063602346849,231.957553535927,207.328840153956,2024-10-11 12:00:00
123.878341364421,313.629959540395,331.945217801645,-157.545430378652,136.39011986527,-186.062624242363,110.539815041602,208.378537666626,231.968152088237,199.792029036755,2024-10-11 13:00:00
133.569410343071,317.560379992052,325.965983957993,-168.830629127542,128.633011273532,-186.68050677272,118.560927344647,199.662243289188,236.065250971663,202.239596152925,2024-10-11 14:00:00
132.019686770415,312.234453985051,327.413564277858,-181.435240567242,119.641521174043,-187.097504944879,110.914441845714,195.047511020551,240.90612740302,218.395578200029,2024-10-11 15:00:00
138.812560480331,311.242956723516,328.054606861532,-182.996040291464,120.396886766172,-179.667594743074,120.182957139432,202.628293242259,237.972416331059,216.36490565346,2024-10-11 16:00:00
147.357805873088,315.944884727249,332.453065042352,-179.5672104498,122.637157025104,-170.305565870087,125.125609546762,218.190741949583,242.11685167575,217.748642583396,2024-10-11 17:00:00
160.06749404513,322.732252952992,342.795408405449,-166.112030463758,134.871156859018,-154.83250985986,140.811520652458,222.184480068539,253.504614646791,222.973231977849,2024-10-11 18:00:00
174.03096039809,335.255350468947,358.061898363295,-147.774105742179,157.457265188113,-132.326987972664,167.686942008103,231.867754922118,269.789372304095,239.902536462597,2024-10-11 19:00:00
190.379753052766,356.230329529823,369.657818158597,-137.523045011747,167.49573445132,-110.966237263698,188.466394737538,246.902859114384,290.24818408609,258.630437258201,2024-10-11 20:00:00
190.719624182399,355.586227748218,370.840575889179,-139.735436234551,164.606756861721,-117.130036058606,196.593032859986,246.819968531968,292.696717536879,252.873913287828,2024-10-11 21:00:00
171.5677882027,342.533252664676,345.633837072011,-160.083993271472,150.665089674807,-142.152634480781,163.953302415743,236.735305158133,279.873910980335,243.875966756109,2024-10-11 22:00:00
169.398224753473,337.056456498824,349.774420261007,-163.974730188886,141.544568713976,-161.637664929581,146.916628556163,230.995608329185,280.531242502301,245.687348399647,2024-10-11 23:00:00
177.904941127565,338.916763723073,355.547691898152,-159.382921166133,119.385800325338,-154.929494304172,148.979909420208,225.39545162507,271.899716005609,243.722218248848,2024-10-12 00:00:00
181.098628267554,337.494364408864,352.788273322543,-164.844172275223,128.631107822144,-170.574920601297,142.293345913174,230.528949332275,272.072986968343,248.915092170289,2024-10-12 01:00:00
178.721965193845,334.873147773428,351.734286014666,-166.576318829519,131.713260475348,-175.99904799864,139.0234200001,228.403108301285,268.120381139946,241.67194225326,2024-10-12 02:00:00
166.579572709315,337.909560725625,356.800904255956,-170.526943949236,130.927395824626,-179.415979357185,143.46165389829,233.620907619583,260.699671154858,235.605022015194,2024-10-12 03:00:00
163.074364207015,334.46928057475,361.506341557323,-179.779982631849,127.732620488395,-173.483283237634,145.231436918457,236.018102012317,265.717095064287,236.910559370726,2024-10-12 04:00:00
169.785427038986,341.917679070302,368.20452537158,-177.078398045326,130.92462606794,-171.09405936477,148.243359190001,233.657260492865,267.113292691897,236.227519561118,2024-10-12 05:00:00
179.713904508754,346.216178389291,364.275744017321,-183.023168910876,141.0030426851,-160.740267193014,155.365507619893,246.483094432294,268.365688172364,240.886224386553,2024-10-12 06:00:00
192.713235152318,349.345323632097,375.919231603959,-160.846493901466,146.288553617505,-148.990011559633,154.672459087179,248.038094074054,279.813535773675,251.492091213021,2024-10-12 07:00:00
197.377433746232,352.758174870511,372.214916501195,-154.873833125536,148.616016236113,-132.798238755621,143.903597000811,249.567594168201,289.738121366745,255.741576760673,2024-10-12 08:00:00
177.892960167691,341.590798928394,365.111427448668,-169.911977557549,129.812553773718,-145.486984551437,128.400162954686,243.196045960931,274.263359030442,239.362422810271,2024-10-12 09:00:00
170.477347844221,336.028633807103,361.539120754681,-184.676084697721,108.890356470233,-159.219502470874,116.047772037774,222.604913632021,269.281130008856,231.699836600691,2024-10-12 10:00:00
161.456202806483,331.953845883039,354.597928176086,-182.667330220642,97.9604275326145,-157.853172701148,94.6144186246906,221.979273366152,264.868580999931,218.333000178479,2024-10-12 11:00:00
158.477597871214,332.399442950657,349.707391520724,-183.459316619471,94.5415898514158,-169.436693563123,75.0280216307474,220.164865114311,261.765379632077,212.633520233698,2024-10-12 12:00:00
158.020715755032,325.70459334047,349.241279217108,-186.488286558191,90.5695949541363,-173.420371295618,83.5207508435947,224.79645161203,256.831114537494,212.518279056486,2024-10-12 13:00:00
160.384811305508,324.107241566867,351.047240954707,-195.26984114791,79.0902164821026,-173.582736697089,90.8239248859778,227.115769839082,256.598431291458,208.694806527049,2024-10-12 14:00:00
159.595705090841,321.62096378683,351.573862146544,-206.682136851976,80.6069986869563,-179.208194291436,92.2629116294699,220.962803076239,256.0544236511,218.586602631156,2024-10-12 15:00:00
150.571542979596,319.079609220258,354.193330910914,-208.492106236011,87.496410058877,-178.057773347128,103.503082812264,221.428068213746,260.268781637945,217.833317868589,2024-10-12 16:00:00
159.818726404213,318.909685006105,360.872840187743,-199.806325842028,91.9479562124061,-173.705254069372,115.063550907835,233.498297733677,262.039294146049,213.494902047148,2024-10-12 17:00:00
175.704739105738,326.348603849451,368.602535599692,-189.159054576554,112.70250876016,-161.56951560949,121.130724372148,245.202104393839,280.324606976327,228.339507157686,2024-10-12 18:00:00
194.307929802232,338.626946329809,378.642125891797,-174.653296211848,133.181729990316,-152.493961251621,150.899225775022,253.97235465277,295.677108676817,249.255805806539,2024-10-12 19:00:00
212.929467637887,342.565939598045,390.678292560124,-153.442147276663,150.622811806456,-131.90296843039,162.394273097355,262.037988540395,306.558609139233,264.451464014921,2024-10-12 20:00:00
215.455544002405,348.392830542197,385.91820997797,-144.617047628416,142.326269774242,-137.673613178722,161.924655501066,257.93035648193,306.190399731673,266.399576634702,2024-10-12 21:00:00
198.807073265615,338.675901274044,364.486142355917,-166.823132254102,115.202915173323,-154.357716927573,139.743356193432,245.009275548685,294.2859833103,247.307062234294,2024-10-12 22:00:00
200.318455326211,343.350373046665,359.121892104609,-173.031949121221,109.500555409951,-174.467444222999,129.977249358608,239.493311821576,300.398995324306,246.553850277913,2024-10-12 23:00:00
198.473064388272,344.055209797109,354.347110026831,-173.530447894866,94.5027275357854,-174.395462821199,133.637734765916,247.441024059584,295.615214864537,243.083912676599,2024-10-13 00:00:00
195.598726985356,341.535052582791,355.140243434017,-175.974377073695,83.981259108057,-182.666098094897,136.109684931563,249.288125893112,291.995386546877,228.825089188936,2024-10-13 01:00:00
199.681320112758,350.655128684014,360.845140744506,-175.047621719321,82.8663396603241,-179.87312890551,130.811800498189,247.236272532823,289.247093900157,222.204556596031,2024-10-13 02:00:00
201.94795998714,362.23320730159,355.973694302731,-165.806588005138,67.09536936597,-190.763475074574,119.659314328862,245.881578826248,285.105571347591,216.056138948348,2024-10-13 03:00:00
207.106819714423,357.615138951152,358.854711725388,-169.579421826624,57.2240899709992,-193.595745399343,112.05722375366,242.262527676952,285.101904202905,217.914947714159,2024-10-13 04:00:00
208.685927318847,361.411554140255,365.530289382037,-171.606271352984,70.4343391781247,-187.68036139888,119.207924890262,238.950222416657,291.425195695278,224.978014895694,2024-10-13 05:00:00
224.118270587171,363.634996780242,360.848408745197,-169.026322002945,73.5927853073767,-179.058096103509,125.513338270502,240.083425497109,288.269540814436,229.479897081979,2024-10-13 06:00:00
233.545246086761,370.999000945778,366.120072689999,-157.457330727294,73.97968200542,-166.055190373458,135.156530819544,246.766564699793,294.189911039074,236.279592237123,2024-10-13 07:00:00
243.949760285463,374.246587965695,368.770052563258,-148.965346470242,78.5839563951346,-158.078060146923,141.981706075404,236.868672000217,297.41401848141,238.024828565854,2024-10-13 08:00:00
225.876903502988,359.193970149052,359.192841227035,-165.128151801991,58.7969324641141,-181.639107608469,123.450947081138,218.524047422141,282.796962830207,221.839431559293,2024-10-13 09:00:00
215.802785102852,353.950878570027,353.180662295007,-176.85770197063,43.4841516502573,-191.312531865362,114.661826150306,208.46329724201,279.362926746398,206.456627514097,2024-10-13 10:00:00
216.663752876059,357.722546970613,349.613591231619,-190.156183906117,63.2057697260763,-192.659204803725,95.5292324547405,206.454229682156,271.879545553839,185.825042566891,2024-10-13 11:00:00
210.161756185157,355.329146421591,345.885994102821,-194.940129481673,61.0667656428496,-207.206283902064,94.0278054544301,206.50531608462,269.104255939282,178.297561834011,2024-10-13 12:00:00
205.196607293839,352.282587846575,345.66570965532,-199.558576764097,61.7668774311692,-212.176234796995,95.4634082714462,205.482471131974,264.73637098502,179.868240325353,2024-10-13 13:00:00
199.756329078757,357.871131620389,342.120881507394,-209.2472136967,75.4760923550968,-208.475148994017,90.4820488400626,212.274823113068,272.726347006867,180.563634057563,2024-10-13 14:00:00
192.933845803036,360.121298852387,349.309194175245,-217.184299882114,71.839601117988,-206.740494265562,97.6387114813316,207.877371671532,279.485330352335,177.323546776752,2024-10-13 15:00:00
188.895678651639,354.902179739909,355.234641498305,-213.720028858049,74.3948822698717,-209.561593112894,107.912081400746,213.237194509692,275.52415656341,172.04360414054,2024-10-13 16:00:00
195.755361405219,358.287023476262,357.730983264014,-209.202318797064,83.0824836549952,-198.334011239846,110.228984212123,222.233877103104,281.406875517601,181.320394657419,2024-10-13 17:00:00
197.89003141885,372.126774571619,361.73597566999,-195.092185553947,91.8159285172917,-189.999285707901,121.476327349125,233.109416791051,288.750526947851,195.7264764712,2024-10-13 18:00:00
217.860110652866,389.189182926484,373.584113801035,-171.27073436429,105.646483415823,-172.714114219393,160.422983817232,245.053489437566,299.914134466031,219.719293109618,2024-10-13 19:00:00
241.625122381406,400.938697726102,390.087773607787,-147.530891529556,139.252573917729,-148.148036318492,172.516067894176,263.132622048889,310.260659284044,235.57955745912,2024-10-13 20:00:00
253.207535692425,406.594122881933,392.569279930984,-146.740788948241,132.675627037222,-148.318098927479,172.532762421258,261.219251344435,308.220520577692,234.981308096959,2024-10-13 21:00:00
243.926127577552,392.660124693027,374.299736511084,-173.62338262069,106.762697911614,-171.532494844268,159.592472953649,260.909416005616,296.968415841021,213.081621590182,2024-10-13 22:00:00
242.216562424094,391.284654712213,374.593688651648,-179.18719365878,96.6286769045799,-177.433613939059,143.449537353441,255.919223527254,295.604366430993,212.071479326335,2024-10-13 23:00:00
231.93155277148,385.749821251959,372.263295618506,-175.52588451212,81.0784721180506,-168.437650686713,157.702434222642,255.523956560448,293.098161691003,208.897475356506,2024-10-14 00:00:00
224.588566612791,382.950082753505,368.710893120375,-177.948857641498,79.8430754933794,-180.745772444939,153.42120107574,251.902848072339,294.947606770345,204.771365156396,2024-10-14 01:00:00
222.231432771606,387.208384603573,371.381080520256,-188.055262589775,77.6729460033744,-182.409480078882,148.197396104277,253.590334050461,296.621040720798,201.68380722457,2024-10-14 02:00:00
224.383601489207,385.463347080835,376.064232611823,-183.811112732259,74.7951573442475,-181.402962309184,144.109765372528,254.959537838381,283.913138500862,185.165942124234,2024-10-14 03:00:00
224.891138315894,385.381317339633,379.468440210289,-184.867351197919,78.4485838371503,-186.33232146524,149.268941554482,255.686583701085,284.450293442058,186.823966573883,2024-10-14 04:00:00
221.742109051187,389.252985256584,383.206405269447,-188.081795652562,81.7820052184215,-193.582160462044,172.704728446905,258.586915864283,290.194486924401,188.569000199421,2024-10-14 05:00:00
237.076878341514,391.604206751092,379.628088108842,-186.138025154744,86.9178375762428,-191.036744715318,182.920517825172,259.26477624783,295.725649100246,185.396810956471,2024-10-14 06:00:00
249.832050520412,405.507082891369,386.11923008841,-168.474998996736,95.1672708603034,-174.314113763871,193.369852142333,269.324370371165,303.084494887071,194.638066128477,2024-10-14 07:00:00
254.319054533101,404.277023118586,383.027225158923,-155.13204247643,94.3456158440307,-176.294757529384,187.828940485364,266.251050586798,306.992840524495,197.729359634102,2024-10-14 08:00:00
247.521544543385,395.392550523518,367.478325552639,-172.611556008529,73.9966849262462,-194.142464369224,175.338464450833,253.610878903227,301.215602179755,179.512194801565,2024-10-14 09:00:00
232.035322024538,389.733934495184,361.908496485514,-185.820650578891,40.7802753794754,-201.242479933079,150.298847877449,245.908678842121,294.971053678044,166.47635906801,2024-10-14 10:00:00
230.549417244794,387.08568425188,357.606524662962,-201.00084315797,53.8093953977165,-204.213444553643,134.685381457684,235.629791724509,297.522890727147,149.048244260145,2024-10-14 11:00:00
225.071321631505,386.670093919722,363.287006491966,-209.900635757757,-7.46199112414928,-207.287206000644,142.421595156277,230.940874370481,286.814685487383,134.993029536512,2024-10-14 12:00:00
226.009368085103,381.088495751258,360.904790552095,-202.048551893802,-14.1528487045408,-202.891209546876,140.829456842839,229.947482684323,291.732040245279,144.88505693479,2024-10-14 13:00:00
224.540224094778,377.535100847444,357.372727382061,-197.590945911873,-21.6134483875507,-198.103709199837,140.540624754099,220.559712684598,285.239693522403,150.366049331272,2024-10-14 14:00:00
224.990056425855,375.128654955679,362.294741814176,-204.537560863363,21.658728438986,-195.803505050654,141.640719803994,215.917056588552,290.221978578877,140.379302328459,2024-10-14 15:00:00
230.89748572067,381.696956656985,369.022263202704,-205.659990068194,28.9883640915836,-193.472316971313,144.987669671245,226.787751623102,295.244480354473,134.928617722313,2024-10-14 16:00:00
235.516781499589,385.503241166658,374.390579684216,-209.364450615184,43.7339649496564,-191.328447711667,151.337912830565,227.94683072124,297.73983348406,141.930142448999,2024-10-14 17:00:00
249.337368765568,394.972395237839,379.094410703466,-186.876264279159,71.5400120758035,-177.295173450804,152.473346955002,230.941606514118,307.189702343867,151.792577096229,2024-10-14 18:00:00
261.863614169934,407.128747595157,391.962799738003,-164.795857488883,100.850176875224,-155.884328198621,172.660678539001,243.086004667804,322.083744392389,182.498083941419,2024-10-14 19:00:00
275.33122742954,419.553188762667,411.1849357628,-149.357134927011,130.442202969077,-132.510572501738,185.923517315409,257.284976386372,334.913170925712,213.313990763166,2024-10-14 20:00:00
286.052748510047,419.797424864527,415.452710736367,-140.909674741812,139.581728312977,-133.558417905819,190.250179646674,257.828753004338,336.75559394537,210.149937373656,2024-10-14 21:00:00
274.386979378713,412.91490445803,392.895623356521,-168.026179133418,125.806601681853,-163.308380498553,173.038525827088,248.537951703177,330.774833161371,195.954477651881,2024-10-14 22:00:00
260.061830945591,412.788716053209,395.951806445553,-168.240519463531,123.016438042006,-170.964249182006,157.906900811875,241.88427468294,330.736562737115,201.542763968562,2024-10-14 23:00:00
249.33012217739,406.311414172029,396.649463894915,-161.098995966733,122.405544565057,-161.215253871742,165.616061148914,251.613117336225,319.230753798965,198.226073818769,2024-10-15 00:00:00
243.836596274368,405.587203212654,396.152572336342,-164.455597885894,122.758715766193,-172.92789014862,170.675751410769,247.888870275881,318.309917667422,197.959316762755,2024-10-15 01:00:00
246.134141634129,408.558611336942,397.03969894609,-159.341820929108,126.850315046684,-184.370720486985,161.987997804633,240.615264677733,315.071219879862,200.72865989313,2024-10-15 02:00:00
245.233990419228,411.012813728609,396.979404714383,-153.240146344406,134.397212921732,-177.095366884854,159.135779056373,233.588397522512,312.495784379661,195.610047714443,2024-10-15 03:00:00
248.012521414094,416.093058174415,399.764725738202,-160.21010810556,133.942305014305,-180.600405454914,156.054700391723,231.075428845576,311.35352318881,185.515246629797,2024-10-15 04:00:00
254.792996712718,416.399461060407,400.682754796826,-158.224497564469,139.992814462518,-175.163664051582,159.765449595181,229.097006042972,313.1406724691,189.582497472921,2024-10-15 05:00:00
269.921415586761,422.190760754016,400.268295823614,-161.066446938578,146.04790863804,-165.965409329959,170.669084979324,237.961723150657,309.312993340068,185.440187481815,2024-10-15 06:00:00
278.881020681183,434.685473618581,401.869018212815,-152.348059274553,153.890544465142,-143.320440065557,183.633128062607,245.211283133005,311.793331940955,192.365550573373,2024-10-15 07:00:00
281.129015347112,435.195376873857,401.830434261513,-140.276755080915,157.870428178294,-138.771436391343,185.354550709214,247.558415354596,308.479640514147,193.822887281062,2024-10-15 08:00:00
263.293697571734,422.455657595993,395.977194696545,-159.221936814425,138.219157733062,-158.754109170456,169.933618337238,227.227832534099,296.980000697346,167.686411166137,2024-10-15 09:00:00
252.92619762448,412.753768961559,392.768401364956,-173.472679775525,134.298888724129,-161.228260730537,161.28394229925,212.814091691844,277.814772059398,153.374069104356,2024-10-15 10:00:00
246.655704053055,412.110981454637,392.494078327161,-176.598477331182,130.407158270104,-151.863462407569,155.701554049525,207.006010012364,279.000810772455,148.238515368994,2024-10-15 11:00:00
238.12739978911,410.172067859447,387.502510622117,-189.045898257527,115.829874239825,-154.464008011201,149.362185676422,195.957451755984,273.325103259466,136.395403509058,2024-10-15 12:00:00
236.481469567465,413.967388050317,388.377183377089,-180.840557992295,122.391708137152,-156.162537101996,150.236734399561,191.632680897546,271.499325301916,126.653847022699,2024-10-15 13:00:00
240.030806334,416.126044190284,387.464292292869,-169.736471405129,120.093474096653,-151.007534439753,143.865371461025,184.404598535369,277.328875476846,125.644958670001,2024-10-15 14:00:00
229.663892016782,413.467213230414,384.89062518638,-172.526269599249,129.148275763626,-155.562379908146,152.620701302489,185.093672045407,280.125884476989,119.879465471641,2024-10-15 15:00:00
227.60869238349,412.0019009441,393.7615738398,-168.103159952882,128.811814593173,-152.251231171931,158.408315425809,193.989823811412,283.136174231835,117.856355688271,2024-10-15 16:00:00
233.025615313337,412.934957272961,395.730890744019,-169.104695043669,133.670317772389,-150.52378135746,170.159696494491,204.26079038849,284.538740331205,119.892420500497,2024-10-15 17:00:00
239.611563597078,422.016522710969,403.086735699659,-150.931316577465,147.705080943422,-140.590606374729,180.743009423796,219.310139400578,289.796550163954,126.545505879576,2024-10-15 18:00:00
257.924960219893,432.058927817608,416.814424244116,-130.806407642927,163.125862276579,-113.370115324449,199.247499902017,232.089616203281,307.126821130933,156.780766297974,2024-10-15 19:00:00
275.673602253046,444.601118562092,429.995196813773,-108.118056177175,181.531732650238,-93.983380196153,217.159981108218,251.819136697343,319.215181526454,183.088791971547,2024-10-15 20:00:00
280.177063053796,445.915789764938,432.022614269899,-109.126976181195,177.448465091108,-89.6623849086006,213.770060123365,251.385844636408,320.643560914427,188.198730853578,2024-10-15 21:00:00
254.962856557269,436.289360930309,417.432794737956,-128.654170824369,165.991123986962,-113.763110470633,187.715466577632,245.101227127578,306.829982493719,176.758909939694,2024-10-15 22:00:00
258.446920597842,431.683782927921,413.041043606561,-126.677902207416,162.146511426942,-114.073721027401,173.609673054603,233.892995867604,303.301856787353,173.821247160734,2024-10-15 23:00:00
253.805444241305,434.323774428725,407.011229908307,-118.969960986217,152.222493990897,-93.0223384843535,177.440672067235,231.420391632006,288.262731971381,173.105063663713,2024-10-16 00:00:00
251.626858097872,435.351132529856,404.86662623607,-106.944732191274,144.17412860835,-108.437272479908,174.786782071698,233.664639855411,277.863048393837,163.563834080047,2024-10-16 01:00:00
252.908412037195,436.344722545544,405.110595145865,-111.971060635033,145.929642804054,-110.379905321887,169.350773366345,239.358043678848,267.654072653034,161.145188849715,2024-10-16 02:00:00
256.1237267678,431.819228224384,409.62915784712,-102.444167751203,137.081109495688,-99.3120111371773,171.534394002506,238.18867158199,261.854340372712,144.350967547402,2024-10-16 03:00:00
261.062205409912,434.582153347356,417.232500506331,-116.883545758921,114.015240068938,-99.1132571955711,168.478528820343,234.647044368554,258.903254171119,143.679586557183,2024-10-16 04:00:00
263.547068591961,433.068582906925,420.666904650053,-121.49946921037,129.122084349421,-101.540975059403,178.382283943938,237.301912402973,263.209641220112,140.805605724114,2024-10-16 05:00:00
273.64221821674,432.399529700186,421.139087546006,-114.172655120706,142.842575917402,-101.385566884805,182.76287467862,242.350360863831,264.264656817278,141.191023762236,2024-10-16 06:00:00
277.47210342644,444.42203062001,424.186856979898,-106.675526445714,154.054631905378,-69.7223752268891,189.491343311234,249.438495881186,270.318871045062,155.313676030492,2024-10-16 07:00:00
283.418818580895,444.209535595978,424.167189237396,-95.2829449610352,144.938447559478,-30.5871576464464,185.883702333742,253.720710038582,265.575143905986,148.111799235719,2024-10-16 08:00:00
269.437704667292,427.918240347665,411.0486618135,-121.361169536515,130.982808632051,-73.2167326056193,169.971795456796,244.672053448552,249.010952799778,135.114139626976,2024-10-16 09:00:00
270.400997197371,427.297859560387,407.185206952396,-140.270476818851,121.450772874442,-89.6327405736181,150.669765021518,226.799631237698,241.98201673855,128.346834661195,2024-10-16 10:00:00
259.079230381484,417.716415830743,402.39922688079,-147.89372266783,117.388442837373,-102.591150456407,142.040528072291,219.994423955312,240.962157733051,120.674041193466,2024-10-16 11:00:00
251.639186533342,416.898402090534,400.444173897602,-159.49161304265,112.740114719151,-108.853967308405,147.326109046578,218.615234259133,235.973075354761,102.512049822196,2024-10-16 12:00:00
254.875763129552,420.573741172776,400.866719345864,-170.170281956012,119.580333715982,-114.224785073383,148.826511450603,207.474989631411,222.678991129723,86.3246499187158,2024-10-16 13:00:00
256.891901180422,418.834648931003,395.379317611386,-168.55805018821,116.821258470736,-113.997163945108,158.413615382743,211.284169652206,222.102438124202,73.2689419808858,2024-10-16 14:00:00
251.205557777357,419.155423747086,394.727575853716,-170.729181966115,131.599874482057,-93.9465838197324,151.036131335035,206.35181205097,209.228792966916,66.2180197037213,2024-10-16 15:00:00
245.701532519107,421.452593011987,397.446514328341,-167.319863795716,141.298109728289,-102.78920085393,149.379156980556,205.437359133117,218.338507238512,60.838924180872,2024-10-16 16:00:00
250.811853455497,427.778906951741,405.882235768678,-167.992872670863,153.468070530662,-92.0085748505944,160.555048725825,214.497375102351,223.99921877856,70.885632941325,2024-10-16 17:00:00
260.117911315155,437.373438438216,414.367620881805,-147.992700121865,165.936089158118,-57.7837355229635,173.562391900503,235.001133223372,240.359095733609,91.7112894015109,2024-10-16 18:00:00
269.063094418912,447.528515894535,428.6274194774,-117.452640517987,183.691222896689,-23.4319521602186,195.312068275401,246.035584869302,257.363821222445,120.444554945709,2024-10-16 19:00:00
284.996612353602,461.463776264868,436.6810223663,-112.09025354102,197.306231276019,30.8729475308435,219.247202261293,253.710635527667,279.566848706426,152.986211158995,2024-10-16 20:00:00
289.860041204268,466.588917477106,443.661469952838,-102.941606077709,196.839033851981,29.8218748440431,228.701210638843,253.310577970977,278.288013507644,151.780998003418,2024-10-16 21:00:00
274.006494464333,454.173774838778,430.066716750511,-136.713505998066,183.948942152099,-23.0275549994765,201.934575298692,248.336333917338,268.272400596634,122.145005735389,2024-10-16 22:00:00
265.27829126974,446.309835999248,424.51594016735,-142.656672848101,181.49978729195,-43.2481907830969,188.923544988461,240.535091330367,267.372889288388,125.85739086887,2024-10-16 23:00:00
263.133613960295,444.81890655114,423.286375571903,-148.666379732272,168.12260077819,-45.5950788261528,183.328277213326,242.317417317859,262.860917317275,124.376736642478,2024-10-17 00:00:00
266.114434059613,443.771940503356,426.061723164206,-152.931449621772,161.924260381834,-61.5977079920552,175.334575293754,246.900248793023,252.600036467848,120.036377827969,2024-10-17 01:00:00
267.58249263513,440.58383412915,421.855895397842,-146.424159174986,174.286021465312,-83.1221457324199,174.434956400464,239.027860891556,257.119254023063,119.703434908275,2024-10-17 02:00:00
262.435563501654,440.388828171985,428.339985375333,-139.700117977243,167.582528939305,-95.8935337542213,174.486000891583,240.765948970565,254.479071076008,120.839245734989,2024-10-17 03:00:00
261.44509819597,436.827745184069,431.334917383169,-142.069439798849,158.392573668114,-87.9118486086694,169.419406262282,236.846713509547,252.421758217815,118.416050456774,2024-10-17 04:00:00
266.143471880915,438.064905224399,437.289050317506,-156.33338938194,154.551019752362,-82.5598702207549,176.864055358405,236.469334937573,250.801679803901,126.464796127141,2024-10-17 05:00:00
271.098176394453,437.926777621321,437.520440902153,-154.011194353958,155.051066939501,-94.5206556687527,180.145922991647,252.396031247254,244.297833835695,126.005266280863,2024-10-17 06:00:00
268.291887262766,449.794287367595,439.831358617584,-139.190580325382,161.59887986945,-68.1068467837641,188.90511305088,260.804785562393,244.95228761883,147.637194950712,2024-10-17 07:00:00
275.136402933195,459.377805936949,433.679913284732,-126.156840200521,160.236736268183,-75.6306449800705,189.351912385315,267.642818316006,237.881546467898,147.846322017789,2024-10-17 08:00:00
259.680554079432,445.410538445648,419.757948495786,-150.198892366431,141.166794067159,-105.626527822785,174.323163593169,251.440020273513,223.235511438018,129.616811756104,2024-10-17 09:00:00
249.227770785663,444.047812332645,415.241073171729,-160.230036436748,121.7319246294,-117.768759402752,154.321983384545,239.266504908456,219.171094472799,121.429547922028,2024-10-17 10:00:00
250.257173657749,443.639434568618,414.190513640251,-175.079956066718,117.228270165769,-132.871271860256,140.086717376291,234.734879438054,217.560723767121,115.636803939098,2024-10-17 11:00:00
242.240995640462,441.576913584751,405.398028022029,-173.447815645334,116.356259239944,-130.099510769236,142.930954002715,230.209423758917,203.785033312367,115.663507683505,2024-10-17 12:00:00
245.747620487376,439.936681889718,410.967279549485,-179.487366368423,113.942187623257,-125.493201303185,139.86301652303,231.000964239785,198.621629303147,114.295788803196,2024-10-17 13:00:00
240.183415191077,445.199310082685,412.979134437968,-176.665255981021,101.43560629946,-129.866846046722,139.804855090583,223.333552292275,208.046470144241,119.301816990324,2024-10-17 14:00:00
234.733017294732,437.973159056011,408.952035350574,-178.702228337691,97.3313251888537,-119.533708218704,131.906003233293,226.583429038405,211.521284210739,122.499476248418,2024-10-17 15:00:00
233.283426427013,436.455567739742,413.711218758902,-182.620739711145,86.2584148649327,-118.890246678859,131.142162175247,241.469304295633,223.561163849445,115.600471046192,2024-10-17 16:00:00
231.957967147532,435.502045811477,415.833938328647,-174.373141504101,79.9564486960324,-105.381662085181,139.573206205707,246.837058046201,230.895119310361,129.91620122877,2024-10-17 17:00:00
238.970356151511,447.711058331493,422.780364057704,-158.730537766268,92.3934403643648,-81.0145746888557,145.812640456051,259.761943027818,227.657960057196,136.279961596213,2024-10-17 18:00:00
254.449243509097,458.502936845607,439.120015778852,-129.994961207432,110.803202683095,-64.7242853243735,165.57707154597,281.526463102763,247.102128259104,167.491924014994,2024-10-17 19:00:00
273.948231237981,467.578296136327,453.046679377387,-110.114863949251,124.969609816923,-55.6841923900303,177.742897984109,290.095799430595,264.749714677694,186.412384499567,2024-10-17 20:00:00
270.753553646082,481.291179135095,453.592341875324,-100.007782645237,136.071629857258,-31.8125086163923,185.119276530896,289.961758105578,257.589119830997,190.459618567374,2024-10-17 21:00:00
252.745496266139,471.708835603689,437.721448236219,-125.564577922069,130.395836969875,-64.279121918478,175.412425294197,291.310986861605,244.363624665464,171.441505641201,2024-10-17 22:00:00
250.115145460077,466.153070499019,431.779157867719,-122.292568351068,144.080219140543,-74.4556175885319,161.900266356907,281.631018252783,239.895085157568,171.270826981562,2024-10-17 23:00:00
244.021724476017,464.953437995593,431.021394625125,-126.379890059353,137.973861449215,-80.594572311029,164.339591301222,285.395629923764,231.739515515362,178.320352671344,2024-10-18 00:00:00
242.538383002827,459.11768262048,426.535318859555,-125.373041475341,131.562623232501,-84.5441761544669,170.883676633341,287.654158451836,228.452561034983,170.847443049781,2024-10-18 01:00:00
244.602430931352,459.938058865135,416.254420348405,-121.976502156933,128.517300645,-74.0568595804459,167.120279949444,283.686270037412,223.364780756316,173.834350686917,2024-10-18 02:00:00
244.149590279769,460.052733899932,423.074092859991,-112.53942725049,117.791409952507,-64.6320456271886,162.513588719949,285.324629587764,214.980202876646,166.125184469051,2024-10-18 03:00:00
247.629325329705,461.045065754955,433.74977446339,-120.814193041688,107.970716495292,-81.1325905948168,164.930111609856,281.894204612214,208.395080051614,164.786419252151,2024-10-18 04:00:00
250.74789764033,459.324357246639,435.550563989406,-124.766489513692,118.544906039245,-88.8982136227218,165.546630714666,285.060105483064,211.312523340082,167.610064550211,2024-10-18 05:00:00
255.85154765047,457.144599449523,437.475248039163,-126.610382669403,130.827113919749,-84.7809858162341,170.861413215156,289.961162028198,213.895256857006,180.101106326349,2024-10-18 06:00:00
248.906946657563,463.903909172182,441.303277294612,-107.427141071559,144.461903403437,-55.0980908240998,176.404317317032,288.902780997132,224.736613631447,200.371073596837,2024-10-18 07:00:00
251.770584203451,464.315901679422,444.686539013623,-101.631081320939,145.626012865103,-53.6045329922235,170.61002751466,296.000891313875,231.242825960112,201.615490354417,2024-10-18 08:00:00
240.934355750199,457.651958127135,437.015263826138,-111.465531973701,117.257976222701,-90.734416602829,158.983854725414,288.657122081189,204.700676344586,188.526321335321,2024-10-18 09:00:00
233.935998100092,458.829980987331,433.01285738917,-120.602704319949,101.74855968874,-104.656225927441,142.42520930755,277.260820381789,194.843462682561,178.685890043264,2024-10-18 10:00:00
227.449333630589,456.288021421808,423.89584829002,-132.041997923832,96.9110368489135,-118.317691131889,143.809033634717,269.735513816729,184.425313363355,163.2958502448,2024-10-18 11:00:00
230.627840593164,453.117350507094,423.403466056084,-129.249366675601,85.3383551207773,-107.856026025091,125.691822125305,264.032493563788,180.588260180924,146.418501549705,2024-10-18 12:00:00
232.996289044574,451.044760279821,424.980655365468,-132.644889228426,101.079353651649,-121.995362208062,127.394370716892,257.705800125014,177.602526189079,142.404866445534,2024-10-18 13:00:00
231.541626516024,452.647094910241,417.542155715383,-128.900562980666,103.587656459188,-120.820459665771,124.060079553101,248.601147582398,174.612483935403,141.736388175696,2024-10-18 14:00:00
234.753497410236,450.672487644055,416.263162577773,-130.477213144819,102.464534740832,-130.503848316126,118.898911698505,252.327661677883,173.376269182476,136.597860741393,2024-10-18 15:00:00
230.409421580916,452.193863114423,419.294460066757,-126.388261829123,88.2708893653402,-135.365104790608,114.584587040064,249.252837511648,185.440072423687,126.498187023724,2024-10-18 16:00:00
231.168527683739,451.954803452683,427.467350162859,-126.034438693012,89.342891946671,-114.783798689562,126.081529387181,257.674662782615,188.98296726701,133.242387935245,2024-10-18 17:00:00
251.989144659688,457.525201012671,430.928437224212,-117.529768135968,113.569293793976,-88.9983875355341,145.568827699043,266.573666502735,188.892825280972,154.572113794046,2024-10-18 18:00:00
268.589810829966,472.234911516539,442.144310810439,-101.933563283585,137.971607203896,-76.1346683013425,169.672932994232,274.8201424846,213.761823064522,178.837732404776,2024-10-18 19:00:00
291.944238664746,480.970719463583,459.250200846786,-83.1336559972863,158.491699909821,-67.0641235526133,180.596852494125,285.932781828989,236.548028972745,205.123388906772,2024-10-18 20:00:00
288.58184127994,486.849446400875,466.108867428102,-71.4010089905008,165.489282495891,-63.4168329252679,192.454706534043,285.08600263341,233.138979415905,205.056596934815,2024-10-18 21:00:00
271.193529499333,477.507484800069,455.608917962903,-102.101406599407,150.651051084779,-99.7452614830393,173.845132623616,283.189460471616,227.478520780066,188.576529762087,2024-10-18 22:00:00
268.41934596742,470.49437929621,458.303074334269,-113.418683542975,149.045309665029,-106.694107313403,162.662124676729,287.14687634555,225.062258084881,200.535735413312,2024-10-18 23:00:00
265.3338131814,470.239014641911,457.732174004457,-100.126000028081,137.406230874182,-111.843802404534,164.306934728078,296.033281550317,211.437924029565,200.353768247684,2024-10-19 00:00:00
258.256291271017,469.239689855144,454.912133335741,-94.5421765332384,136.993027477002,-132.112196762112,162.432103245258,302.749502628697,205.186134816268,192.739955439355,2024-10-19 01:00:00
257.78404380551,473.864954237628,454.501965486369,-78.8841255611284,136.412447278129,-136.02972707631,160.772108189115,307.942307552889,202.395383960761,181.776209479853,2024-10-19 02:00:00
252.199214271456,474.740987458237,460.419147706867,-59.8124241020587,137.413849388236,-144.143673742909,151.41060490875,312.093936605319,199.250253730987,172.715817762017,2024-10-19 03:00:00
256.196390337315,473.801483458931,472.54936446859,-73.6697247847206,123.865663522926,-140.293233514545,158.070825800138,308.276324018507,200.891904833447,177.78024748532,2024-10-19 04:00:00
264.905758344584,475.421207716516,468.862988547875,-81.1613768792735,118.406650656104,-141.94984506384,167.052958955457,309.505002360397,210.483393550388,177.7845336836,2024-10-19 05:00:00
261.482452574898,472.449741386115,469.122703293921,-92.5139667523925,128.618929228288,-138.997214206109,174.110331025767,308.529101604715,212.956092068333,186.469480475285,2024-10-19 06:00:00
270.065361841175,477.522870778132,475.408566187515,-69.1628010404093,143.049142820436,-111.513798230011,187.073637418063,309.526608146467,225.041472102128,199.121602531712,2024-10-19 07:00:00
268.302644875543,480.863682990093,475.247790141532,-38.8259394992186,142.952126349628,-91.8624443360344,179.199705179616,310.161983212769,233.127017485155,192.503571795796,2024-10-19 08:00:00
257.657979560992,470.397082091303,461.562721941311,-74.3696499309536,118.948845254568,-115.957635549453,172.036525257064,294.469991293065,215.202768498017,167.517156987735,2024-10-19 09:00:00
253.089677779458,466.626893916488,459.375916092724,-102.268298247138,79.4272573285557,-127.984001220947,159.383259644021,288.822278754122,201.225276991549,149.505293750974,2024-10-19 10:00:00
246.776962505152,463.904925453886,452.639683750812,-106.945871917593,77.1378278238394,-125.453230615417,153.600221848626,286.81177553031,194.152946232872,138.916506062446,2024-10-19 11:00:00
241.157085422529,459.541342129801,451.554897731808,-122.370776280785,57.5418750957019,-127.81886294163,146.682806428816,284.203725712022,182.282040250378,125.369456282088,2024-10-19 12:00:00
241.944877110602,451.561455957304,456.651696456875,-112.401384484574,63.0133572008667,-140.206230776545,141.170353712107,282.53087108562,178.371734212389,116.260668285873,2024-10-19 13:00:00
243.242362837397,453.408237688988,457.182690576542,-106.161319178057,74.9547848879506,-133.976195374737,137.716115971801,283.648186717364,182.730780099386,116.476678200882,2024-10-19 14:00:00
245.849604072101,454.603428981451,451.938718670945,-124.403509571133,71.5035444834395,-144.317596925072,142.489912159702,287.019193269814,176.789518711531,106.604936230814,2024-10-19 15:00:00
234.720398668398,451.237715776503,458.194948954803,-119.295863893297,76.3481946461819,-147.907410518502,151.031918252804,285.872225838601,176.655125097918,107.537989191055,2024-10-19 16:00:00
229.231277640632,458.074912226489,461.575872328247,-115.626462538029,80.697291959094,-139.120107697382,168.124827450211,283.718113217205,175.627648334209,110.896785678885,2024-10-19 17:00:00
248.555257563769,467.160137540503,462.988937336689,-117.549689576632,102.986206602866,-127.089994688548,179.102252669054,287.223884774156,184.625105674948,123.494655206028,2024-10-19 18:00:00
269.920348343627,482.888395745334,479.56296337978,-93.6488155094591,119.649926557575,-127.531777261969,194.803202931301,296.916249590706,212.745310995451,146.097718924924,2024-10-19 19:00:00
289.73551177357,490.181997600833,495.73193208822,-74.6513532683272,143.071697017711,-115.94564399856,216.393602323254,308.573535560784,227.811193103939,173.389268321393,2024-10-19 20:00:00
294.427964218822,494.485532698248,498.383467033674,-77.3181101754861,152.884301630448,-105.248227610888,213.455160749245,314.754913633379,224.063403995479,176.12289657107,2024-10-19 21:00:00
282.861497699275,485.223999424841,487.742169419401,-103.738517486845,148.106658106362,-133.19239222009,193.331294814474,310.990156066299,211.978601551151,154.193771184498,2024-10-19 22:00:00
266.43044473892,483.28607874681,483.883253659157,-102.449554877907,139.899703937104,-145.185589581597,186.597032605368,310.055563239946,204.868055313407,145.149543750806,2024-10-19 23:00:00
267.007934324716,479.913063841093,481.762588327954,-86.7976255477493,131.184491423407,-148.615281195838,181.240829186517,315.708608909843,201.520442619188,142.193179760842,2024-10-20 00:00:00
261.690455503671,478.527054138891,480.90689108245,-106.82293836079,124.665075216671,-164.396086136798,170.799619106991,316.162513091938,195.054381090922,140.127189615097,2024-10-20 01:00:00
261.589062647909,473.965617029859,478.993438738193,-99.8096543462675,128.411900169628,-166.170911931493,171.337734200365,311.724988340385,197.00830883179,137.995923070081,2024-10-20 02:00:00
258.748666925704,471.27583189438,483.931802494532,-99.0089083387637,126.209307506805,-165.155795262734,176.943292299778,308.667795763,195.774621315056,137.970136837889,2024-10-20 03:00:00
263.794073426211,471.86882775988,493.950156201036,-98.2703062119832,116.295990767123,-156.538984073889,174.174850161741,300.636997825597,200.559113753539,133.473097350926,2024-10-20 04:00:00
267.231397567401,470.564100009513,493.789513729278,-98.0647606221254,122.681080866761,-165.224835647012,175.788180883433,295.407928096354,197.863336353098,130.381804751397,2024-10-20 05:00:00
273.672122405121,470.815310613357,493.25407064773,-88.9569277746051,136.467670657341,-160.307076365876,177.439073768116,292.805100099333,189.295930750628,127.148575325481,2024-10-20 06:00:00
278.229626572718,476.824083140483,502.77139252473,-82.5597350028259,148.353630388715,-143.055012941721,194.182602169114,300.84244584267,200.36205517904,147.2951258191,2024-10-20 07:00:00
275.040040125927,480.932480392194,501.672655359607,-66.0450856010236,152.868352732997,-134.166498298026,188.82789917968,299.118179003084,202.299392913904,144.349179023301,2024-10-20 08:00:00
268.853073830094,474.889319015918,483.38961010132,-87.0804072029338,136.872696802331,-159.518944455738,171.913474901013,288.621309155511,182.730573379312,118.478935728379,2024-10-20 09:00:00
265.006768339151,468.188228681145,480.990515748202,-99.5644000645768,118.94986684551,-171.502064432998,153.262549060849,288.877052168604,170.349677262982,102.396212200031,2024-10-20 10:00:00
267.74249657132,464.490707710226,474.028145669611,-109.819418121455,116.868966120251,-180.760078543499,139.786503734923,284.574111052587,173.880495823473,88.3565578618668,2024-10-20 11:00:00
264.508480222671,466.869055720687,468.098446723944,-110.836198752831,113.100242468176,-180.259272412371,132.28465226484,280.447710075736,164.950744663053,69.6075881218073,2024-10-20 12:00:00
269.426200908071,457.164905870515,475.275556695954,-112.737330926083,119.430685724411,-189.79609211574,134.385693898346,282.960273562943,156.599538267732,80.9666562141317,2024-10-20 13:00:00
278.243825417872,456.661350860488,481.26558605185,-115.280087496523,124.817982935875,-189.123311398914,136.346280454079,281.641403516172,169.007446771632,75.5274097020987,2024-10-20 14:00:00
276.071669956719,462.924157958347,476.866888572649,-123.159791728937,132.878829288751,-201.707361582825,139.478616191049,277.804841077627,169.422537539993,80.2524949404012,2024-10-20 15:00:00
266.762521597537,470.306583158883,483.5996834161,-127.683406752485,138.074930139836,-202.07565401823,139.354340888141,274.087203487721,173.601495545355,82.7833541578449,2024-10-20 16:00:00
266.894243215456,474.472588733663,488.207319623589,-127.846455303717,141.211771696824,-187.486355653764,153.617814373129,278.866992097032,170.530318787343,103.334334546511,2024-10-20 17:00:00
278.017710251316,479.360817146038,493.644824066796,-107.601918751386,149.444646944966,-171.322840052356,146.309475511238,285.021881411751,184.88072621396,118.638223142196,2024-10-20 18:00:00
295.045998232382,491.847685673386,510.64164487238,-63.9475003154093,164.977758436014,-151.70374724003,172.354616744162,298.323188177568,213.24252229884,145.226210230932,2024-10-20 19:00:00
319.022905448778,499.262505435173,523.627025834088,-13.0471040758932,178.778964605535,-144.936284523893,191.996238807246,311.591032727313,233.240168970693,166.945231306028,2024-10-20 20:00:00
320.760920700186,507.712056697609,523.673677980895,-13.4738624983072,178.893809552179,-144.040896619822,191.133521551777,318.233725670851,227.20300806494,160.040313098673,2024-10-20 21:00:00
308.14812671497,496.340033942701,509.570171796754,-57.1095337012054,163.516432508534,-165.692473097789,174.033835313583,314.481496042112,221.247394632948,137.179325661147,2024-10-20 22:00:00
300.206186877171,493.876812014987,509.457629619437,-59.488943435962,159.407194120337,-169.874970889672,156.251391475746,315.026708381478,217.475437414563,132.032509071554,2024-10-20 23:00:00
297.418747958006,493.868859355232,500.578174351674,-68.243369089789,143.224543004178,-170.005785673796,151.810911666167,317.751919177607,219.800089547115,124.642291516906,2024-10-21 00:00:00
295.328058623118,490.200633154489,503.087140486305,-72.4213130092171,133.997686068777,-181.475953465838,148.72251948018,320.974960543586,217.918934015645,122.665957276745,2024-10-21 01:00:00
300.547818366571,492.214292349859,497.501215877293,-76.6895962521983,138.182905403012,-173.964669056397,137.317453287575,318.700291371281,217.12509144349,116.10326998779,2024-10-21 02:00:00
299.751984001334,489.578509451611,499.501165951166,-81.780629021225,137.49059572227,-168.451977869138,135.109437774571,317.319510773307,223.347448994314,83.22800805421,2024-10-21 03:00:00
304.417896057721,491.577782506876,504.546381824841,-80.6113622454645,127.944379107581,-177.0245766453,134.732567916928,314.469090887165,230.98530234848,78.6306028192944,2024-10-21 04:00:00
311.385786496063,495.908794897073,509.653846922308,-89.1401608783492,137.561222578599,-181.273373709215,137.840295936451,308.889683539318,235.575465036694,82.7336788355623,2024-10-21 05:00:00
320.628397064661,493.517582595085,510.405080065135,-88.6979061807617,136.895917800876,-182.897929980712,136.121335312763,306.729037963578,230.637920325863,85.0696992618336,2024-10-21 06:00:00
323.316153657397,504.182604745692,515.440606196011,-82.23539593542,148.82551682436,-150.44913421329,154.619803654389,311.142650443426,244.209532391243,106.671914620602,2024-10-21 07:00:00
330.788906823711,505.37237569162,517.446077841688,-69.6623906087542,161.679180965882,-145.549894477677,143.636879830954,307.555858162046,250.662020779872,102.811550661097,2024-10-21 08:00:00
320.286305792798,497.168165579509,503.76978023627,-88.0221312888374,142.105661969755,-159.965922037838,116.694987591852,296.10702270026,232.390927479913,86.250166830021,2024-10-21 09:00:00
312.979537172746,493.494897288356,499.481725239882,-101.440408757792,127.534597749186,-170.104761094194,93.0704185877666,291.310278621602,221.231827946874,65.0420626656452,2024-10-21 10:00:00
316.253038135904,489.314205239057,498.690911415425,-119.017689518318,121.220116755307,-175.603971407744,91.2703297407852,283.527104120906,216.995638765216,42.0061106226448,2024-10-21 11:00:00
318.341734159914,489.111498730648,497.911264199763,-116.498191757538,112.54587694987,-174.105206277718,87.9561041485526,280.094273999378,202.668095872872,33.6415163462333,2024-10-21 12:00:00
315.173051081855,481.706335679957,496.89165019334,-106.154563386971,120.367616035257,-180.676547729827,89.1389697408411,273.141603697772,201.298142201933,47.3843775131436,2024-10-21 13:00:00
312.54332986954,481.659628376557,498.072910290737,-103.531659978632,114.081160634196,-175.358416438136,88.6032632560353,275.069463227257,198.065585512122,40.934434714682,2024-10-21 14:00:00
305.343997074045,484.896056588601,492.412006598934,-109.770580086497,112.297121076232,-175.644479455001,90.7236602748079,272.387731635865,198.875792918912,37.0034675872442,2024-10-21 15:00:00
302.220045962976,479.922145856328,494.156822245213,-108.131456893734,118.409209587976,-185.688416024931,98.8317765258827,280.330896001389,194.712538194254,21.0446468504618,2024-10-21 16:00:00
305.040152164269,477.738735853092,502.794966848204,-103.57476463126,125.673810586216,-179.543016871789,116.000525705218,286.684687771025,201.751856979892,40.8178284817514,2024-10-21 17:00:00
316.620596103609,481.036427407837,501.482055486903,-82.2040876492823,144.845455586083,-168.738681665826,133.013850596649,301.915300148861,217.600818769664,78.7416166637932,2024-10-21 18:00:00
334.10766408255,487.303118672502,508.746261469727,-41.251972379082,171.187263138432,-155.980685181087,152.103482075036,316.151855547018,246.813782352711,118.482273077899,2024-10-21 19:00:00
348.809839574429,497.847168247118,524.863612029731,33.2105334877427,192.5799805572,-135.205144825842,169.04353234967,326.75585252237,258.437420140756,148.783949695243,2024-10-21 20:00:00
347.046503400228,499.823144202141,524.625842963157,34.2629384020332,187.553762132419,-123.645912402947,173.916122712737,333.071312024719,260.558661387995,150.473440067485,2024-10-21 21:00:00
337.647582677255,482.780234850868,515.152587488569,-20.0881911663724,174.286193003333,-151.903937545496,158.296978364055,329.060307499754,249.959553245437,127.201219376452,2024-10-21 22:00:00
334.898601669423,477.218247357266,513.429786160332,-26.2129951189591,170.038667556535,-156.353783778909,143.427554281498,323.652849889101,247.782892012023,114.463638346853,2024-10-21 23:00:00
325.904576388048,474.228126058058,511.293455999675,-51.2145137904959,158.485731424435,-161.990733542026,146.577260070089,328.045846796473,241.954284429976,114.255377404674,2024-10-22 00:00:00
322.287913642594,475.284924066424,514.387884830827,-56.7621346297707,159.043724546898,-175.894392197646,140.910924452654,331.652123363337,239.370682444608,111.636799167586,2024-10-22 01:00:00
319.695977769155,472.279924311981,510.233878702754,-51.1177011344883,162.690883129469,-173.786895371892,133.971329351049,331.68264316748,232.078871347556,102.564383047408,2024-10-22 02:00:00
309.541311615542,475.110762535185,511.354802068949,-31.1328690338054,161.980817795858,-174.917688956855,138.294170350904,330.063204381202,224.759458333128,99.8121908297116,2024-10-22 03:00:00
312.08186502416,477.464023234183,514.533502064932,-36.5286080588357,154.763361062988,-180.416762875647,125.820530759584,327.08986091206,231.546597024427,105.274643772464,2024-10-22 04:00:00
316.156710342627,480.039639617705,525.665020521137,-64.8700674256199,160.924597755242,-188.866120994353,131.835102319387,329.360027874658,220.755802094656,116.555189801042,2024-10-22 05:00:00
321.915326462367,477.641302076894,526.517559850665,-64.5253857389157,160.212301785096,-188.542337651012,143.683934883971,336.387414643222,217.368929569987,125.576702643909,2024-10-22 06:00:00
327.234719786397,492.026947789721,532.034450894675,-59.897095535732,166.517854929354,-169.524524185608,153.579527165586,342.660291564076,226.391489507159,136.91589521581,2024-10-22 07:00:00
333.910281393887,494.052657263946,531.524916724083,-56.8665946536518,180.364147225242,-160.675560509763,153.396244009147,340.719342027329,233.186607092293,134.356895650519,2024-10-22 08:00:00
324.747614051508,478.477888240003,519.904830783635,-89.4736882796505,167.694679037708,-182.71964652392,132.106459849143,332.61309098826,219.11939653265,102.027871374143,2024-10-22 09:00:00
315.220504017542,473.580404090494,520.574993007141,-112.572175489114,146.789317216357,-190.603382393438,114.5789984657,325.254471240374,201.28965646771,82.3222600459158,2024-10-22 10:00:00
310.004642203111,464.202003437081,516.25741049904,-115.890526258312,135.261130533616,-200.910459849159,105.450431863188,325.214817140876,204.768963404105,49.2540747612641,2024-10-22 11:00:00
307.212173738862,461.466719671804,513.957142048868,-125.66063319875,120.163291597537,-205.721692680276,100.98835344276,315.921628935714,203.210192950515,32.5071489635753,2024-10-22 12:00:00
308.209940104617,456.540523385379,516.845130977499,-127.993893005875,126.461044551971,-207.871157767118,90.8681455280782,310.178236709917,207.190183933683,35.6458593004995,2024-10-22 13:00:00
303.486905984181,459.250638462072,514.450896304366,-125.713435951204,127.727514548747,-210.087081672669,88.9317264054893,311.783559805234,204.141858450223,22.3597311457979,2024-10-22 14:00:00
299.530428466085,463.23199083874,518.466474473902,-126.367721697161,124.60583733426,-215.62971716347,82.965279434945,304.554935463552,213.269366778693,17.5631171260393,2024-10-22 15:00:00
300.989237681565,460.579409516568,517.530224366819,-128.58508719011,124.501040128329,-218.611409781639,83.7012475441325,319.226709414562,221.802775867999,-35.2972639544404,2024-10-22 16:00:00
302.916627496051,464.924048964611,528.634058575844,-131.643246309207,135.882696616679,-210.791608713172,105.62784802863,321.924936672843,231.404446500233,-10.2260929037782,2024-10-22 17:00:00
310.525104773734,476.389491795734,532.339023845129,-119.48833700903,149.56919118707,-194.395274740805,114.005182510957,332.159711100716,237.00797512783,62.2273774636502,2024-10-22 18:00:00
325.019729115066,484.277269170714,547.013202264422,-100.698379295854,169.539731912589,-181.619570914117,137.233773221116,337.850289512381,257.075240542606,105.306002681065,2024-10-22 19:00:00
345.449982507877,491.847324505215,553.996144650243,-67.3569292938168,190.200237104878,-176.74911111798,156.618002535846,356.585978724091,272.990518449455,145.392078153712,2024-10-22 20:00:00
349.20152623382,497.837665181827,557.852843297325,-83.1419501256815,188.671104328151,-177.642223467166,158.777402784882,362.670749056917,266.518037724386,145.134765140813,2024-10-22 21:00:00
341.477066221092,487.304053036988,549.504454539877,-113.227136502238,171.00559314859,-201.066040351239,143.1057598917,354.402455270772,254.490220078154,120.266247621159,2024-10-22 22:00:00
337.253871034307,485.14946535611,543.49935910169,-125.596080977123,165.845439277196,-212.010322430602,129.540684582472,351.657730608568,255.835937423463,125.28842477714,2024-10-22 23:00:00
334.412694725855,487.615913597682,539.075394052632,-142.126038164321,148.405371173063,-210.95380187855,131.174316894186,350.889476239636,251.99119561295,125.601477785595,2024-10-23 00:00:00
329.22601272108,488.252241792311,540.07900248424,-144.428571138686,147.356489976956,-207.358142708268,121.818596057063,345.270013453716,249.14975798693,127.046001719042,2024-10-23 01:00:00
330.922118572746,491.029177445164,541.722261298431,-133.071677720016,158.040398214323,-203.04000946985,114.424064659578,339.708415634262,252.363735118866,121.364120484799,2024-10-23 02:00:00
325.900811646441,493.660243267898,541.323368806203,-116.171614648812,158.061935050587,-204.828611631879,108.831229936711,335.632361296588,244.857137934951,113.304956619404,2024-10-23 03:00:00
321.676907929468,495.801634399375,544.464068155473,-123.819256034127,156.483258580576,-203.722474784707,108.594942635931,337.322368342485,250.908742624923,115.7318788373,2024-10-23 04:00:00
325.908960452082,498.624431898223,553.270310016522,-135.113085163439,156.608664778057,-198.504355908219,123.357394193316,339.534859634102,256.298601758138,120.211805125836,2024-10-23 05:00:00
339.425202773771,502.617254441416,550.103249854709,-137.98970266272,160.80026290935,-197.572758719652,128.340873661893,341.903187361329,249.050491755154,130.418665880759,2024-10-23 06:00:00
347.574178113548,508.894010318273,557.119289202401,-123.803083148818,168.587280471521,-177.575988318882,124.95924099538,346.248233600776,248.764767092605,142.995076290163,2024-10-23 07:00:00
355.304061513747,507.117140580735,558.679522140355,-133.082673202722,165.765827928309,-167.592257363712,115.86787169705,351.450313251816,256.674067556638,136.044000809246,2024-10-23 08:00:00
347.425192624406,498.458676829631,544.95961680753,-150.751601312639,149.712976144935,-186.913164463026,88.5777740703763,337.618524473811,240.929996369502,124.40352992672,2024-10-23 09:00:00
337.694050063286,493.799731760952,540.220482413933,-166.67202222374,135.490529675274,-196.595301319742,76.0866095671216,331.150921207476,240.678693042489,104.207835183239,2024-10-23 10:00:00
333.484914575324,489.82405850423,538.700622440454,-178.744390808589,134.871576762611,-198.933245368608,65.0549556579768,324.749992646364,240.992180781038,89.7070900861966,2024-10-23 11:00:00
329.657243773213,490.496534155307,537.283949479263,-194.569930060298,134.078161159291,-201.33979699437,73.9090267579466,322.605613962075,235.38292224001,61.3070432957186,2024-10-23 12:00:00
328.048995578902,489.660059023168,543.71578569774,-196.964261026266,127.201532549911,-207.313348689762,75.6662879181106,325.935944335823,225.505689289084,51.4623416327446,2024-10-23 13:00:00
329.732105000675,490.035118542594,540.606268483219,-204.435373384016,129.863069461284,-210.190513220577,59.8451092889152,323.424702334691,221.756890792442,73.5252188044954,2024-10-23 14:00:00
322.6189024526,489.705476348886,534.812765577787,-209.389083759414,135.57454997422,-211.426402807386,62.9800780451326,322.624053290275,217.060545251433,72.7558997118527,2024-10-23 15:00:00
324.036216031515,489.801670311607,540.320280603106,-212.656683426816,135.389833736561,-213.403970752748,59.6066077569106,319.295622711387,234.254238366237,71.3262503809007,2024-10-23 16:00:00
330.024516983356,496.005957858725,544.839950615166,-211.957506125872,145.229339626112,-207.51846883144,76.6031768128218,324.727822518321,234.335636535769,86.9847215503118,2024-10-23 17:00:00
334.468140047671,505.35152144102,549.554785323568,-197.990614774608,150.755327014004,-193.636786945034,88.670557582401,335.175249731594,245.202714461219,96.0310153358732,2024-10-23 18:00:00
351.380915077771,519.752194177267,567.109672701284,-182.172386686802,171.192706411859,-184.068944916777,114.310865220871,346.773385059013,271.749912823991,133.710039631734,2024-10-23 19:00:00
377.239881979018,528.91189503195,577.045927725897,-170.021994284706,172.768065850777,-176.904162098794,132.89042833222,364.393277730957,284.90561849929,156.083030381724,2024-10-23 20:00:00
377.705486956994,536.595400408103,583.889313142501,-174.391648672227,173.101262381514,-167.736200013529,148.056762612047,363.49527277613,283.937019811179,159.437486279093,2024-10-23 21:00:00
369.208339229865,529.765069834951,569.994112719279,-196.85039565446,168.405392870664,-193.070739698445,137.799006557338,362.081851471549,268.146383749945,130.81007091844,2024-10-23 22:00:00
361.700371486503,528.424531591825,569.618864428743,-208.756404899808,174.115811146503,-199.512481300215,117.973291282442,355.275814798812,266.482039191483,129.492618343079,2024-10-23 23:00:00
362.234754462334,528.884660484553,568.215601495275,-216.578113773022,146.768704006585,-203.653588173713,119.799606933956,349.640850098057,260.029847146517,130.901265701933,2024-10-24 00:00:00
360.32575658831,527.31386311996,566.090977095621,-219.439963599031,145.148743490337,-211.576428303201,123.399865314227,357.44872272642,252.557873147062,125.442180686862,2024-10-24 01:00:00
366.546281168756,527.445797827222,561.466552161714,-217.878739695028,148.117915940451,-208.803830497264,126.773533664541,358.935421324458,253.675214677524,119.771343365182,2024-10-24 02:00:00
358.86969346294,528.740956504908,562.83505843223,-210.943859369043,145.613808425454,-215.087575133527,118.087209680631,360.585315805808,245.305380875804,115.451140550451,2024-10-24 03:00:00
358.32178653354,529.81886705481,567.644546133704,-207.824916291653,126.228385841722,-212.759445355623,126.129899512953,361.713637614328,240.698047853184,121.153216806849,2024-10-24 04:00:00
360.456208162054,534.296000217413,572.466507000936,-210.509661678973,130.405396851031,-211.329118975376,129.892854315141,361.059896189957,246.984199815216,134.680250360367,2024-10-24 05:00:00
366.366174284534,535.207811030999,573.406078096841,-203.079069595939,134.565712537008,-211.008076515942,136.409437719064,368.022679346208,245.962969894396,157.909010959596,2024-10-24 06:00:00
369.473105549872,542.511488569907,576.887790618262,-196.854939079016,145.292673734511,-193.151021673965,146.135398656305,378.353574998317,245.398566326709,171.083644330924,2024-10-24 07:00:00
369.809158548882,542.267282017564,575.565971232884,-186.603852602599,147.769837250657,-186.181827606937,129.26907698061,375.023879288066,246.235148872072,176.507050769523,2024-10-24 08:00:00
363.003009601675,532.486493273355,565.59415294749,-197.364838677953,122.331087323508,-207.893698206748,108.344462756917,359.360579414711,234.613026097998,165.721255570227,2024-10-24 09:00:00
351.545302221491,528.155894966041,560.543013698038,-216.236838366959,106.563785059592,-224.775485277677,72.5998037975978,348.780696466655,221.631079195001,152.151971623217,2024-10-24 10:00:00
353.727397147881,517.523815728353,560.881451221123,-222.015220797214,107.410768592905,-228.561066920664,34.273167591228,346.521174440198,222.737521045771,140.727300660205,2024-10-24 11:00:00
346.758660257795,511.817404274919,559.575429487957,-234.421010892776,99.9560508101223,-235.254046155347,35.7701173554267,334.26665793041,215.849511180317,121.953893771481,2024-10-24 12:00:00
346.328210391424,509.062777026777,560.557040734375,-230.974421120212,104.169642650805,-240.16725130196,39.2396558152023,332.377195735516,203.463232208884,126.118580707378,2024-10-24 13:00:00
348.871950589567,508.974319923456,553.346922159848,-234.227332441476,100.722686537699,-247.900265812386,46.5553290014509,325.688153040208,206.31041623813,135.853493944853,2024-10-24 14:00:00
347.664374463934,505.271619986983,549.085424856197,-240.282036790541,112.029103991772,-254.520909980993,51.7220874326811,321.982500551929,192.802548240178,131.198463143904,2024-10-24 15:00:00
345.461211737714,498.952495612479,558.812109096356,-243.066654735664,111.655817627023,-254.677077780511,46.6075822745603,318.202379282539,195.261914615195,118.841898888655,2024-10-24 16:00:00
348.367014142634,500.973305711478,562.47118745086,-246.14098807825,113.674910692995,-243.033633177796,56.6087507132444,327.412962491673,198.954290280473,127.51301590325,2024-10-24 17:00:00
360.498005090908,510.832136296276,564.381044220176,-226.817823278693,134.63322155814,-230.290010809326,78.3004133420471,335.915969535482,210.761752754438,147.990950010111,2024-10-24 18:00:00
369.691380415167,527.606981353021,579.342572628626,-203.902278245692,162.476146437061,-223.711614927753,117.548025990246,345.68607611124,235.161113527654,185.04100520165,2024-10-24 19:00:00
384.286956192074,536.844019179206,591.436630002116,-185.118925893632,181.382720119316,-215.398944761802,142.680102086156,364.846378525188,251.124667981265,204.355634787799,2024-10-24 20:00:00
387.161297105063,546.162354912512,596.868118990325,-184.696322060458,182.78223607601,-206.741490482197,149.99011776109,363.042094565004,256.583832575008,203.847563764009,2024-10-24 21:00:00
374.478512879825,537.726798491683,584.283542746449,-199.860335451083,179.913014648119,-223.314054158387,130.502022990056,351.731720234691,252.270754871178,193.695895473181,2024-10-24 22:00:00
373.907584009029,534.971111872763,585.716655352277,-201.136544691025,174.044865753164,-225.848597647089,126.350152594601,344.645725639827,259.071377256063,191.035105246216,2024-10-24 23:00:00
374.390324403959,535.102168566951,580.467040055921,-196.192344796619,165.379326962491,-221.279957456541,110.317419496422,341.97177328617,247.716758583638,183.300639288468,2024-10-25 00:00:00
371.711144595577,531.306117864256,579.658980921775,-193.385799365695,172.950101845721,-226.78385502324,113.828427478058,345.076262021928,238.43101895388,181.828948450207,2024-10-25 01:00:00
367.607676446382,531.191660748501,575.811556002147,-192.821850006632,175.794605731342,-220.803933008804,111.670647659347,343.161721957306,230.887745861897,191.118117049636,2024-10-25 02:00:00
363.742086226561,534.544394924589,579.122614633168,-188.902934168287,177.519984711269,-227.385542335637,97.9424934718907,337.274466870932,222.921826687978,181.900977014212,2024-10-25 03:00:00
363.538330127253,533.12732858174,583.92616393922,-193.436237154203,173.010775736928,-226.436551626941,105.58340899484,334.997600688424,225.619235100383,179.617397970387,2024-10-25 04:00:00
366.102608724125,534.035409247837,590.591538435937,-199.29746802466,182.792982367914,-227.983013810323,104.935203921502,337.188502257657,229.594809943867,183.902049586798,2024-10-25 05:00:00
367.897291550249,531.279959732205,596.813523945927,-198.649266357765,183.573518653329,-225.609482986219,114.518807726901,336.246940418301,227.160661387017,191.527346372634,2024-10-25 06:00:00
373.760194041296,539.917022366393,601.488535005776,-183.668284761656,196.174339980566,-202.536324303105,126.951390905579,346.254057460697,232.916692678313,201.889003341088,2024-10-25 07:00:00
372.764791306672,542.648576125235,599.645926018519,-189.47110058943,190.63502355416,-193.654130317809,120.878627497694,350.19753185271,234.197491422529,204.584027956281,2024-10-25 08:00:00
362.729044417159,535.091785528838,587.28504738274,-207.684457512912,184.471113568221,-214.664033287502,86.4270238332401,343.803905788568,214.484341361158,187.38689658674,2024-10-25 09:00:00
356.492816742671,527.322868766634,582.796385472358,-221.276297815863,168.397846520448,-227.826014345519,60.241401919606,334.056322780153,199.604842921914,173.849439622638,2024-10-25 10:00:00
351.422412750681,522.362048988527,580.076668347097,-234.695964401161,163.045591027603,-236.599327462878,33.131289030495,331.849996745078,193.059549162571,167.589906177224,2024-10-25 11:00:00
349.90397564376,517.330384253537,583.909397955485,-233.728460289997,158.382214693775,-240.31126178348,14.8363804112865,323.105923201484,183.610347393863,157.377033625298,2024-10-25 12:00:00
344.865041401768,514.186997964069,583.013883299195,-233.947246041738,151.920866108394,-246.774087443957,-21.3904008850291,320.211146854802,169.461085806505,161.185418477464,2024-10-25 13:00:00
333.755400871536,519.265459770676,576.550732357041,-240.649628180398,149.093700856888,-244.924946244102,-39.4897772952229,313.708545261326,177.792201409701,155.270283292313,2024-10-25 14:00:00
332.898840712835,517.053742358036,573.478776028475,-249.507363550988,152.500363564131,-249.772188545012,-48.6654722832274,315.428343389442,186.160484382045,147.486427597677,2024-10-25 15:00:00
334.676935235245,517.92120249651,579.578567482749,-245.786930583132,151.490313315316,-248.121806632235,-31.3713051855721,311.717856979359,183.467410075015,140.883494873633,2024-10-25 16:00:00
336.03735483723,518.431472243367,586.936265765537,-236.068509586377,167.782808486106,-235.980581464836,24.249587152457,319.600053899993,194.109956648023,138.352787197108,2024-10-25 17:00:00
347.803135673835,524.523004353937,588.22065679048,-223.543221692072,171.858543085797,-226.38079709331,49.8215456740906,326.217423430384,206.447118924547,154.111598144021,2024-10-25 18:00:00
356.911795133537,537.914583967376,601.059806920385,-204.040359649263,190.224747163283,-208.047168736847,100.810687961159,332.337294770109,228.877563172831,187.874922096062,2024-10-25 19:00:00
372.536413031874,544.87254084751,612.001212863385,-192.580026719555,213.038529697674,-196.481239227216,134.856167314186,352.446424864333,245.504165157959,208.705130486558,2024-10-25 20:00:00
367.536939634198,545.180105437245,618.538806485474,-185.384374710297,208.977558886725,-196.386169038701,146.042381485367,354.013216311854,247.883004989942,200.08185306801,2024-10-25 21:00:00
359.416865126446,539.61627636242,610.338008312516,-198.560938796073,198.125568189844,-214.837346467778,117.368611272676,348.097546864154,238.268151259046,181.16468808962,2024-10-25 22:00:00
362.851624071205,538.06914029135,608.279186530094,-214.156812179804,205.921175281231,-225.364755210243,114.331384500982,344.183482798714,234.051246251195,172.836090678316,2024-10-25 23:00:00
364.729483040849,535.086326753236,605.540997071986,-218.808925069462,185.667850175415,-221.441571460173,110.600926537979,346.695767335784,227.49355123838,166.923997005154,2024-10-26 00:00:00
361.934777167842,527.388048966817,607.279536523791,-220.738347312351,179.384360769651,-232.410218399745,106.317836894426,353.953291093902,226.128966381604,156.002463172537,2024-10-26 01:00:00
361.200489244114,532.9639718999,600.519464679017,-225.015945974974,175.698410992485,-225.177247804703,105.380301424603,353.002559751454,221.661516596078,141.730106652223,2024-10-26 02:00:00
352.344998578871,544.975954125023,601.297338118104,-222.415176698292,177.77437729025,-237.088285327392,99.8932496253558,355.934761778825,209.548599590914,139.05978622085,2024-10-26 03:00:00
355.651679181856,545.984267274083,607.217452171602,-230.847055743488,167.301272624473,-243.552921838994,97.7204974067601,345.313714182628,202.961450654893,140.933178826367,2024-10-26 04:00:00
358.551687401142,550.001273966731,609.79074518983,-233.488403043267,173.803861419863,-245.45435711257,107.890689555268,347.38116270904,208.944389074533,137.437132303724,2024-10-26 05:00:00
360.857349327943,553.761581026682,610.783184933931,-230.666870167317,175.381876995409,-247.161464357211,112.882320488512,352.358245041977,207.234144215027,135.108805187086,2024-10-26 06:00:00
360.533684563008,559.606240263473,615.089477306044,-217.479840896445,183.234957767974,-223.986964318251,119.675909283927,359.18785832881,211.640094690939,141.230427390984,2024-10-26 07:00:00
361.045126618617,560.086605043156,612.517851556645,-212.038318052319,189.580321365513,-217.759254560373,112.627987363149,361.956729788486,216.088806737979,138.056333565499,2024-10-26 08:00:00
348.554258565193,546.094823507303,599.188925780934,-218.451934032596,176.510101909442,-233.335274712103,82.0004107963698,349.895476850441,194.957633397897,127.040853166033,2024-10-26 09:00:00
339.329857774697,538.582247473669,594.906652840281,-232.269879928797,149.66332870216,-240.255375904253,57.8865310357885,338.73030095798,182.166449960307,114.477398804722,2024-10-26 10:00:00
331.40287387233,536.422676776251,591.015481732837,-251.133243854158,141.919861729348,-244.707055538843,35.9322818745089,339.570404066229,180.285646475793,94.6679222613063,2024-10-26 11:00:00
334.875255701241,533.050225882207,592.63010889099,-255.357657182142,139.76536527305,-242.802876553607,23.5059632197816,333.818609954685,161.076711477746,88.5061000663622,2024-10-26 12:00:00
334.247647003354,529.491993690256,598.770187361129,-252.288246884611,150.935580114753,-245.201326836119,25.2322781564085,336.589158719028,146.751818912956,77.4099938615483,2024-10-26 13:00:00
335.509469825621,530.863648604572,595.771879294129,-255.99117322839,143.289844412738,-241.999196306698,-27.7859258891699,332.763938472477,141.954461476647,89.890418473507,2024-10-26 14:00:00
323.440861144754,524.414089527817,594.918681133439,-254.998960520039,143.407787201705,-251.654619898591,-28.1027750570027,327.150160859211,134.468190174852,85.1586308100672,2024-10-26 15:00:00
319.58557418331,526.58176205054,599.004930715958,-248.395387125518,144.173468514456,-258.107672273176,12.4227047365714,334.149641945047,147.83924528393,88.9212719177267,2024-10-26 16:00:00
319.723153657833,524.678731165952,606.035172647648,-242.933806465482,146.986226200551,-259.834287737479,51.3321144468428,339.878165626357,162.010400110944,88.9107015554376,2024-10-26 17:00:00
324.436962130356,530.710342434725,610.361927073046,-230.637402538993,150.220027211429,-250.998230577331,88.4862229869623,352.390573521818,178.699656451298,105.41424631486,2024-10-26 18:00:00
344.091643204781,541.293100695959,623.103863108167,-215.173149253854,180.48143691678,-231.174133200507,115.73465820156,357.593453304224,201.060366621818,137.043447147233,2024-10-26 19:00:00
355.649047510363,548.84731467613,636.936522838586,-201.647519552748,206.987954870677,-225.176660688108,132.111427751693,372.750040003454,224.009140147466,163.573193941117,2024-10-26 20:00:00
356.790359529857,557.312885817063,637.923642387627,-197.230878792914,198.676502150402,-221.759587614567,140.637671577859,373.456789097138,218.658348192964,156.225822847663,2024-10-26 21:00:00
349.240543221315,547.271617768105,631.254595604147,-208.554732031574,176.465763377291,-237.178819177765,105.398360187232,374.303799593275,195.673558093245,125.857157494392,2024-10-26 22:00:00
346.770416514199,542.018468570013,630.96064553226,-216.1379398369,174.842158362147,-242.915164570648,101.561909468382,375.732727071939,176.99513917143,116.148111300999,2024-10-26 23:00:00
341.871164161247,535.774697559662,628.784772076392,-222.484911474636,163.049394221375,-242.991382864277,92.6217406745641,378.491831408123,169.9331360094,123.472127402866,2024-10-27 00:00:00
342.2415200317,530.335640946125,627.731794855576,-211.660698533491,158.91561056227,-253.712309400798,91.663879231526,379.268339051003,165.826999578454,120.349582340872,2024-10-27 01:00:00
343.301236165027,528.13078155773,624.167498773214,-208.057250673224,166.726038493199,-254.644705335984,86.9347752673793,381.457086015411,156.863998048418,120.804644171478,2024-10-27 02:00:00
334.343859192815,532.469276759675,626.870365175797,-209.090499691315,165.214205385715,-258.629553807164,58.3967735459894,384.452365916477,151.679230187164,109.107802575607,2024-10-27 03:00:00
330.196082869461,530.662913837972,625.360069721237,-208.481138316038,150.060534142859,-254.210224246377,60.3352659680242,375.274156518195,152.123175683888,108.00078456741,2024-10-27 04:00:00
341.571587732612,533.4882985181,626.768543985831,-211.681121489769,163.638216573335,-258.504795966194,59.2325431723253,380.002177596147,154.458702245754,110.62708832853,2024-10-27 05:00:00
344.62963452062,534.419270579744,629.06849137089,-206.168058546374,167.310167642988,-258.363753913383,76.4258722822078,387.012859158643,160.111891539126,113.377566690665,2024-10-27 06:00:00
340.44803186157,537.301578440284,632.47473765537,-195.290470264775,174.022882410785,-240.790622068819,68.0783850888255,392.108834954381,177.013273305936,126.368766694718,2024-10-27 07:00:00
344.714092276637,536.114171606801,629.396034845974,-190.954289932345,176.1578808874,-231.376307285983,56.608329080655,402.320841560147,187.041603002558,127.40021787175,2024-10-27 08:00:00
335.754470585151,528.356612966993,616.856136814576,-203.065915878928,160.981031214743,-248.032483739624,-17.2170228182937,395.827801666194,171.237207781864,103.929819201179,2024-10-27 09:00:00
322.245542771177,526.097861904844,613.88783512913,-214.214177437644,127.38395872804,-254.500415172555,-42.6375255646928,385.230525776941,152.474390645567,92.7901454058029,2024-10-27 10:00:00
309.761278938648,528.653240946168,606.155124633937,-227.608921353277,126.310585070134,-265.396293330618,-67.3273737768249,386.306707351615,147.479399339367,92.3415353442749,2024-10-27 11:00:00
307.407242488068,526.568610225562,607.594329975267,-236.097838465076,125.613349428383,-264.199236558649,-64.8511433778139,383.320659148757,136.482203026411,79.6278281570101,2024-10-27 12:00:00
311.67223584153,518.67762327459,604.576315580241,-236.295310395123,132.546704490213,-266.914844359086,-69.0996195743885,382.184976085455,128.384062821769,80.7587659960266,2024-10-27 13:00:00
313.859580787257,517.420394051375,599.909875604896,-237.336036192763,127.587069023087,-271.812475047691,-75.2779325624997,367.610625399657,136.720890529956,86.2696020164775,2024-10-27 14:00:00
307.052821852802,516.82221981233,596.439508088122,-242.338732187699,129.562673803585,-285.936722682236,-60.7181804903285,362.919413117187,125.535368940169,82.1929124919986,2024-10-27 15:00:00
301.327842877088,523.142651048489,596.372701196793,-238.923912050396,121.288128357266,-290.275410497173,-61.2782624863248,366.324268521309,122.583445275246,81.7605748515644,2024-10-27 16:00:00
304.329272374859,525.217175982331,598.886892400921,-241.251818306697,128.854882544643,-281.722035458023,-9.53571036859806,374.099524033588,130.638452134985,88.1224127624375,2024-10-27 17:00:00
314.059552678816,535.624904939419,603.422612033109,-236.739947505834,135.628857166395,-270.411428718234,51.9234871699589,384.507762627303,135.937969771232,99.0455792532165,2024-10-27 18:00:00
332.149274093198,549.346942577165,615.585903863503,-209.871543859599,166.527457252078,-258.934671728283,97.8582816369214,393.742380604501,169.088780671163,131.862549823863,2024-10-27 19:00:00
346.748433443445,554.175015454713,626.004426398255,-192.18023199856,182.330873278835,-249.837865258248,104.658951421299,412.485188875633,189.026943121815,165.329356332719,2024-10-27 20:00:00
351.294600948762,558.898258514102,622.227236694543,-192.737079076654,167.456471642905,-246.376873344269,109.075679005584,413.663625221934,172.0134195304,166.593728331045,2024-10-27 21:00:00
337.488764644289,553.78849524327,607.946565537314,-209.963765402386,153.159484162569,-266.272599862456,67.2428786335576,405.457975521084,153.385291653259,146.641746872505,2024-10-27 22:00:00
331.909275810875,553.202577610875,606.332630726666,-211.518155210133,141.750910585834,-271.908317659751,58.0022229185786,400.752407915597,148.789085997402,142.562557097661,2024-10-27 23:00:00
332.251741414942,552.181300677347,601.298029708341,-215.412695869933,120.135255321543,-270.804603480833,67.7778877929451,401.158582852132,135.567380122111,144.581706940253,2024-10-28 00:00:00
333.862425876473,551.033586134064,598.761482736128,-213.429254891876,122.172574426792,-281.601909810996,58.0018062902464,400.464696050647,120.762209057844,127.629717367759,2024-10-28 01:00:00
326.66517526514,549.583364423685,599.099534253914,-212.946935146773,138.655132086208,-280.155120986888,47.4864071736551,393.200212692564,114.864540109612,122.947788578129,2024-10-28 02:00:00
321.4436255233,547.855571918561,601.747366656843,-212.786198106321,136.314189461042,-281.520121435521,-8.12223755319768,395.322718853731,115.90148380233,104.135595067757,2024-10-28 03:00:00
324.264897282262,551.653325696148,601.49321882135,-212.153996151672,132.326451368235,-278.94193819212,18.405541197325,394.510981286309,114.155570493854,99.9488394899687,2024-10-28 04:00:00
323.557160357665,549.734125599946,603.183306261815,-215.026750122526,130.842732511552,-277.152742063826,49.453685825134,393.000783897812,125.447727567312,93.3921417371129,2024-10-28 05:00:00
330.407995912533,547.138132900812,603.24546386643,-206.26435566416,146.171381053639,-274.102463159436,43.7757844426374,398.554555148775,135.243729327651,108.054707979319,2024-10-28 06:00:00
329.780976716391,555.751484185812,605.392276565398,-201.894051991025,156.379888516546,-256.916449354354,31.0365802830963,403.095114097258,138.869918563626,119.209806146042,2024-10-28 07:00:00
336.375765970203,552.759081425227,601.420872577845,-198.662217398437,153.653625089957,-251.011116363137,34.780564144314,405.47346433663,149.978075092799,114.612367668417,2024-10-28 08:00:00
329.224502925501,541.721461141214,590.13834837736,-212.409282568632,139.880038127586,-264.522536933247,-7.86255315349826,398.389752597798,129.137402646369,103.554836708071,2024-10-28 09:00:00
322.907734063296,533.919678456908,588.894412007189,-230.268068012898,111.262805812633,-278.520245258173,-42.3740740593592,391.212318948339,113.837290907209,94.2922142171539,2024-10-28 10:00:00
318.172448544616,533.186888469636,585.461374452832,-235.194473328914,107.766702651308,-281.738612260311,-60.3184531599059,387.165927355189,122.476685957652,79.9535101790125,2024-10-28 11:00:00
319.046826306832,532.637904354398,584.289983200724,-241.218982769281,102.314703834935,-284.821495999528,-69.2135764299502,380.10631032175,119.127608134569,43.0344300687154,2024-10-28 12:00:00
325.509211361409,529.815822450975,586.527795774522,-247.855188855107,114.069446687142,-278.653337136089,-68.6935420480023,381.09343676301,107.176391622349,50.4004011989801,2024-10-28 13:00:00
333.255346692291,531.967155036602,585.831586221914,-252.122275448218,107.6523962985,-281.491879725305,-76.6974505568249,372.493589807018,99.2458264698281,50.8360349653323,2024-10-28 14:00:00
329.399419275979,532.732801705763,583.394833631341,-261.548248679673,106.577136235904,-300.128887883022,-54.3606370929676,367.013603226869,97.6573447944036,36.0296140499323,2024-10-28 15:00:00
317.398858198911,536.210184492702,587.671124501298,-255.352165238024,106.63950383764,-296.604648027454,-53.6770461749114,374.819541227713,106.40145966582,19.8416997694476,2024-10-28 16:00:00
319.598648117016,532.215805083969,589.165595774789,-241.799952163874,120.013531927022,-291.89874092187,-64.2955303264891,381.45051805282,122.817423865036,14.1546050295053,2024-10-28 17:00:00
330.038056340844,539.309521389387,592.31602470686,-234.630967649509,144.387688017421,-279.488762641192,-34.7307700162927,388.355422949224,144.951334175442,25.7609391357943,2024-10-28 18:00:00
344.55630887494,551.59782885441,603.594550425866,-215.645644605269,177.490106847348,-266.31658110238,30.4202280602033,393.224431151684,174.122317697744,68.6142564374364,2024-10-28 19:00:00
362.638194765142,561.336901362849,614.968921194619,-198.384096257254,200.337003629141,-252.192994367985,68.3777726760633,409.878296042639,194.252448133119,113.285151617834,2024-10-28 20:00:00
368.528882603772,562.805067806636,617.592339726924,-182.847405805808,186.15642435721,-253.222511769351,62.6899090669939,409.471917861429,192.376989684875,104.959474692188,2024-10-28 21:00:00
355.04617437677,552.893341509435,605.66526463153,-211.298814355169,177.708045618871,-276.266057667039,-9.3918323225109,403.611792930131,183.613023588687,72.8028861160392,2024-10-28 22:00:00
349.411290775622,547.283819933167,601.955985727835,-219.346401988688,179.508814532131,-277.135680083774,-28.7653359142756,404.378445821119,181.263436102553,73.8066214458179,2024-10-28 23:00:00
349.253533752845,548.536624039788,596.071975633973,-227.413163922823,160.830392086435,-280.476593846145,-32.4615484539881,404.371385557924,170.569752336284,75.4751606293163,2024-10-29 00:00:00
345.401081628387,550.832825804084,596.240582794136,-229.13993199355,155.56361282979,-295.241449870768,-60.7508345271792,408.968029529086,157.12399807949,44.6857412876542,2024-10-29 01:00:00
344.18293264687,553.087529575631,598.428113410838,-228.926945916189,152.569462801127,-290.963014710443,-80.450350077719,402.843667302658,152.511541426809,53.1261113564644,2024-10-29 02:00:00
332.066178479947,550.766156981092,598.298572097041,-230.230725051537,150.89604941682,-293.338246235229,-97.9662108417116,396.414330034273,147.366192352267,39.8024836019583,2024-10-29 03:00:00
328.157536308132,552.911043372289,599.681480045081,-223.155787374972,144.376627504055,-283.391580623065,-83.5423658855744,394.902827546865,147.862322864715,49.2534830420904,2024-10-29 04:00:00
326.083123160693,557.74069707251,603.744513528771,-224.993633805646,136.899504913544,-281.604731397321,-73.7694670052224,399.497868536151,150.674624123569,42.0336184824708,2024-10-29 05:00:00
328.019210806553,558.138621997122,602.648268785571,-209.97521581654,133.754681660322,-281.845933322375,-54.9790669383801,401.777510391246,147.962236231872,47.9337317496258,2024-10-29 06:00:00
327.927189658544,563.907632371874,606.687615055581,-196.352956711575,144.652709731349,-268.777970203319,-42.769792263718,405.991175575589,161.968840577827,66.704429477283,2024-10-29 07:00:00
332.807043168297,560.73990059363,605.113990481495,-199.111937134209,140.066710575528,-255.668250022411,-55.8028677522427,411.874933184365,167.570886724846,70.5644935253327,2024-10-29 08:00:00
327.677289305983,548.93154847931,591.97404290246,-216.391470938799,120.456157491194,-275.273693175197,-71.8868256318614,401.243763118064,157.056393958328,29.8385704444963,2024-10-29 09:00:00
316.741332510354,545.806723931331,591.310312166546,-228.778302124814,104.04061306668,-283.183942316937,-101.605628252076,388.834463369057,139.01016685983,-28.774546143984,2024-10-29 10:00:00
307.861958288385,542.017130761079,590.447033988319,-239.572847651888,96.8396018221378,-284.550027118075,-104.312005932342,382.875356818917,124.967494933782,-42.0493360128242,2024-10-29 11:00:00
301.681444183266,540.713791350197,592.466184993109,-243.646040441473,90.1782352077088,-289.285387969632,-100.103844215464,377.087096283659,115.106843184375,-53.5069963640609,2024-10-29 12:00:00
301.228116817904,541.622533136948,598.198904346044,-241.263751608055,100.282974961305,-283.994414058578,-99.0892753922281,370.812670589547,112.308479189502,-62.1083768766006,2024-10-29 13:00:00
301.650333968993,544.680222931096,594.503007538095,-241.352627828137,87.7502910781843,-287.972670900515,-98.3328442356217,368.835606925819,111.882233474352,-45.647972818314,2024-10-29 14:00:00
299.650318233038,548.293099648479,591.033241796432,-247.454118709291,98.8520455631588,-295.856289076465,-91.9479788900959,368.477143107261,97.4531174367981,-52.2263630427813,2024-10-29 15:00:00
293.855804409582,544.567169534312,595.49024447715,-248.001270303936,106.821904113078,-294.532480773144,-92.6302755253621,375.093549974262,98.9045417080292,-62.798237384681,2024-10-29 16:00:00
287.100799722728,543.932521103294,601.544316990762,-249.637998634453,123.974720777718,-278.325969334087,-85.0410558814977,386.847004840433,108.902748803536,-48.0639965835075,2024-10-29 17:00:00
296.572292534611,551.698990842104,604.470831014751,-238.323146981529,136.833917218726,-263.96981973445,-71.4791390436876,398.505608567876,134.138400642112,-1.45108000837238,2024-10-29 18:00:00
317.289023567292,564.72356078339,615.121059359306,-214.761495410682,153.282102291708,-243.697859571062,-3.00516548676588,411.827395084298,169.728593026146,59.7811607469043,2024-10-29 19:00:00
339.430305586131,569.902947138257,624.414549352847,-199.45970056225,176.570564620468,-235.491781972711,58.6256277667546,424.74460779501,193.804910996027,105.467153084369,2024-10-29 20:00:00
339.164922097569,575.957799429528,630.849248077022,-191.0001150056,174.904491270354,-242.735591681256,62.5515126567104,429.447529296635,194.327639550133,95.7088940297019,2024-10-29 21:00:00
320.190783821679,568.505641659935,612.899911858166,-198.482570364504,177.119016113607,-257.288166583241,-22.9015549270452,419.656479968765,176.68086134647,71.1246975101076,2024-10-29 22:00:00
325.370693126796,565.644402147113,609.810265830762,-193.424206893488,186.284099620206,-269.195171366929,-40.6263571197018,418.745648944086,177.764465644107,64.3494840229497,2024-10-29 23:00:00
323.580651955331,566.312374079442,606.905308787825,-200.022511390173,169.232340800895,-275.981487569376,-53.556991413337,425.625982677527,176.628406295785,52.6055729174846,2024-10-30 00:00:00
319.950780222486,564.827465335247,603.404486668224,-197.903778650768,160.125415570787,-282.43823003847,-71.7683056320464,434.688202614807,173.260501819978,49.9556211794834,2024-10-30 01:00:00
321.279911687878,568.251075097701,603.39027681907,-200.260049379007,165.858263870682,-280.783868495141,-60.0397927400411,433.652166044052,176.067384175178,52.3889693701657,2024-10-30 02:00:00
308.103244182436,571.052918888265,599.162974282832,-194.76173742608,176.476766970723,-279.707885685186,-84.0869661608968,434.673505582009,172.458326962848,18.4210864291562,2024-10-30 03:00:00
304.516519788764,571.603930149338,604.380137679579,-194.891061444502,163.009004700711,-270.791923877289,-88.5105086320552,428.763037253381,178.980339632386,33.8925550217592,2024-10-30 04:00:00
300.613038628271,576.905082987667,603.384904798808,-197.272560318139,159.521838086956,-266.72426280209,-84.8324506808761,424.350199602154,190.594283328088,33.4801689849998,2024-10-30 05:00:00
302.279568152579,578.302557185894,596.701919586619,-195.968125684236,173.688587975203,-263.748680116877,-80.5743721881474,427.640107060638,184.83146123749,50.0762300335025,2024-10-30 06:00:00
305.387865850549,586.928612383773,598.58665466154,-179.283472363751,192.897121299081,-245.651314393799,-81.1650126913088,433.649090074039,201.760501297632,75.404140147478,2024-10-30 07:00:00
303.257869478918,585.203413815305,597.689602850547,-175.988397810494,194.95398603,-237.036158387405,-90.0746533841866,436.425833280629,211.257195432458,66.1928971607847,2024-10-30 08:00:00
296.392218765412,579.846982028051,584.534082226376,-194.089960807383,170.914870285512,-245.88324335671,-117.662495220255,424.148305034449,199.304893211472,32.0772264640682,2024-10-30 09:00:00
288.576200963009,575.930196494453,579.980717230972,-207.768178752872,149.638396505636,-254.654771082633,-127.986493011485,410.744257313864,187.260948064094,-20.1011591690779,2024-10-30 10:00:00
278.63519214089,575.098736971226,578.062833951157,-217.264918011903,153.023688351199,-255.417982455149,-135.867491269726,410.658127707997,177.365513883818,-47.4328375218535,2024-10-30 11:00:00
276.291041576046,573.34930851193,574.699662959038,-214.253945950718,160.730587090188,-261.847770730024,-132.219262915436,409.774224947584,162.107127038759,-82.9501067248352,2024-10-30 12:00:00
280.077753304092,569.999688191945,577.049212615722,-219.354515016048,164.95508921982,-263.131865988951,-141.35090452638,407.257219938973,157.339493222175,-90.1632955282319,2024-10-30 13:00:00
285.127958447859,573.937435955307,575.745122878142,-208.836343924165,156.956262181338,-273.230338249744,-144.621047761946,409.868331415529,157.771246813695,-81.2610756004542,2024-10-30 14:00:00
280.767975273599,569.484530799379,578.261086959894,-217.286553338003,161.961262484501,-279.670230386462,-137.609010155343,408.355083319892,159.783882746037,-77.2891221081957,2024-10-30 15:00:00
276.177680424839,570.459290434438,583.754984458544,-215.882345340992,164.385930538092,-286.279550463529,-135.464757280284,415.163537060228,163.999591044213,-73.0980474007392,2024-10-30 16:00:00
276.197968582257,572.811983442668,593.671469564701,-223.393613516874,167.038934714071,-278.834885137004,-124.984065694405,419.819423619602,168.616032645881,-56.8585424043209,2024-10-30 17:00:00
292.437130346203,571.97123568327,599.061677988675,-216.483697086662,181.525287442292,-267.907215742246,-118.934485921838,430.127299913876,191.250981657677,-32.9633488079925,2024-10-30 18:00:00
314.426519977847,584.229967398531,610.70043446062,-191.039307410764,208.746228846646,-249.856269081724,-93.1070975473272,442.043258105677,215.493477771582,46.4988115810685,2024-10-30 19:00:00
336.032536750077,585.59854384484,615.056631763243,-171.944913003746,226.563858960494,-242.563690042539,-69.6596717268034,455.789374195361,230.165940206735,85.5299871982653,2024-10-30 20:00:00
336.653934744396,591.699909685735,614.434694636734,-164.856421921267,226.666018866899,-246.210866476268,-71.322007400588,461.432018558174,231.981898587426,88.6541090065798,2024-10-30 21:00:00
324.217692891129,582.683839807207,600.858551643633,-184.320802276965,219.96013380178,-271.806779559642,-98.7524730926726,454.926148884331,226.366852338166,51.8564295899917,2024-10-30 22:00:00
323.836939532607,577.209359068731,600.714948677267,-197.280397270106,222.930926881323,-276.39950179078,-95.9791523841784,445.572278255486,219.723087284855,47.9804122899671,2024-10-30 23:00:00
