"Scenario_1","Scenario_2","Scenario_3","Scenario_4","Scenario_5","Scenario_6","Scenario_7","Scenario_8","Scenario_9","Scenario_10","Scenario_11","Scenario_12","Scenario_13","Scenario_14","Scenario_15","Scenario_16","Scenario_17","Scenario_18","Scenario_19","Scenario_20","Date"
116.741663314145,113.30689596598,120.626196958278,118.419873466543,113.082578681065,119.183479013411,128.118371299341,129.6374736945,118.319943385009,118.76590429843,127.036376136956,119.046303295975,133.757696320058,104.972460860102,111.59756721014,116.211165370083,125.458803281932,118.616712903319,124.647953553243,126.126234410456,2024-10-01 00:00:00
111.618292062791,96.4918792349525,126.923929896852,118.924328041218,107.662340578224,124.2493080166,123.900798854109,129.905210095375,120.325920656186,112.975895464408,126.734000992307,111.303365348635,135.501827477648,97.5573336721617,109.112235749085,108.988996712135,134.561389230718,124.784813075568,121.73768972133,132.638732062995,2024-10-01 01:00:00
122.750075580308,101.114581156415,123.15226751456,111.69330256082,112.476030376539,126.377853303592,133.517638196845,128.973274526156,107.3125524541,113.206434192978,127.931626046862,109.784201347686,144.824463719596,91.0557671380925,110.686460453773,115.843147528931,139.054120068664,130.028022917378,123.183750178215,135.366345233366,2024-10-01 02:00:00
121.270445268869,86.5978743909845,123.888534172687,106.365967574975,115.969668493171,120.154711559593,129.185862144012,130.492042883541,90.0854288208159,113.034849144769,122.753968147344,106.055606047865,148.354461668848,87.6571997467021,104.987580937536,120.490488822191,142.696387148949,130.170652776051,118.783755718993,134.623389430906,2024-10-01 03:00:00
119.969422577122,83.2419853065288,125.054448594492,106.373635934073,112.16377505865,122.702226291207,119.788883958249,123.518199347785,88.1680354449022,116.454011168715,112.393531645448,107.224740311275,148.636338246594,81.3833003268258,99.1403871847784,124.089577220947,124.816159405663,137.943979496969,113.240904860146,138.96462504282,2024-10-01 04:00:00
134.155672591985,88.9867644436455,118.909398294533,106.052292370942,113.210604119715,131.684645831504,123.879312353565,127.234892072457,91.8853857560756,126.275019012418,112.58705452132,107.797703782378,153.40652888178,79.8723788833235,106.264364820105,132.774558716769,116.256034958647,150.976840991749,109.379175227034,134.607730158395,2024-10-01 05:00:00
142.890223297031,99.6538886651379,112.234301291012,112.962453284208,118.135528095682,136.841349388796,134.035527988712,134.256539793034,107.790943186514,127.208270828284,112.492353029872,121.345607873969,165.978896499461,89.6024025852659,97.4776926972454,152.20750655445,124.375560198468,158.360054513228,115.451666759518,133.491596124686,2024-10-01 06:00:00
148.850674535697,118.020562865447,113.452694883854,124.008964513486,133.549533999976,133.790167359541,139.115427215055,133.329522108069,123.678980996092,141.35098348654,128.637341503109,129.978116570137,185.378756521881,111.74089867924,122.313324226111,181.883847989335,124.246299687886,171.812726397955,124.913257697779,147.456787418994,2024-10-01 07:00:00
149.184067390718,118.177605785214,122.545007363462,131.606946513252,148.575649845949,148.492115679603,132.930642755352,149.813965887719,132.150534621144,151.538120567196,134.431976242458,134.116508452139,191.115982431759,114.820126603254,129.676278033308,184.246687747483,126.636307757734,175.038719062227,132.905800650477,162.312647448264,2024-10-01 08:00:00
125.107782813433,101.374139416869,98.9603362117764,108.593894062495,122.964091503529,123.479400178965,110.550731126889,120.925787598157,111.853559406854,126.744304438683,109.261378482852,96.3719817269084,184.524109340036,93.2521418246337,112.032795711548,154.934914440917,98.9251719514684,156.33659059698,110.299068741801,146.214307070149,2024-10-01 09:00:00
116.243606009853,96.1498239276657,93.6538805617192,88.6998112836503,103.016721413328,101.865790515809,95.5122689255873,80.1316853418017,98.6846639609557,112.372235742774,94.8632377699632,78.4577835525219,165.102612025726,54.6702910755224,93.6666771408399,142.762490205149,81.9090148489204,138.745324631933,72.0394266931637,135.628871200688,2024-10-01 10:00:00
110.996749479943,94.2235507056062,89.9096823934138,60.646945276268,94.9258961434977,105.993716382632,65.0379639711231,69.5205443595723,97.1418819546406,116.823589169319,97.289877936979,70.5260349986167,149.402924722566,28.997349568773,83.3712292841696,130.746624686145,72.4094026395434,121.325169104854,21.9576310754866,143.141505472162,2024-10-01 11:00:00
108.584016447644,71.8410703185817,90.6692846134447,44.3061873817798,77.7052775997914,85.6864427791167,36.6232485907373,63.9192056764085,80.5546485093828,102.346813008602,92.7352450622801,70.5650927945867,160.284242209564,23.4513006882294,75.4897473031359,128.084161671366,74.2527226032574,113.743671979817,-37.0182030436736,130.523663631383,2024-10-01 12:00:00
108.114759036578,81.2972864748246,100.185030152029,20.3857099798073,66.6864348496214,73.0389929019714,37.822188061762,61.657023074183,71.7286702394733,105.252361924817,94.9387611432989,55.6388408265731,154.861050991965,10.513103653964,67.5747382060102,119.226319583508,66.8320170656468,107.241526739255,-54.322688643459,127.601755380621,2024-10-01 13:00:00
101.322024652299,79.4264636198247,93.811231759021,-30.4063436907101,65.4107006906002,63.0869965462807,45.0946259820564,59.8180876697361,77.3385010578171,103.229899097626,84.4183535097164,44.1371215516604,161.737440593172,17.6810981562999,74.1782131185898,119.699062120554,63.6241061324634,104.179022642175,-63.8695487770155,112.476102427689,2024-10-01 14:00:00
112.444182199508,80.5265919220405,95.378795686867,-40.9634899433856,67.0182568059097,45.2627081254103,37.2902031840013,43.7028541223162,53.8854469894607,92.5122097814528,80.3096785695172,24.5952922048567,165.950497297404,-22.3908219203395,72.7601347179968,109.771005714805,48.131395194957,96.9577189236221,-62.8334887791493,104.836721930062,2024-10-01 15:00:00
118.569281201462,88.911642568839,104.460415990825,-40.039673377396,79.8658922897511,59.8705706677487,54.0131645767667,52.6686477359945,21.2928114650521,96.7488038157131,83.3590529737065,25.4874132138826,164.472541151642,6.95811720818187,63.3975415693489,124.298754921214,56.623983234143,90.3832362386966,-72.551163021054,100.853396123481,2024-10-01 16:00:00
112.139072634691,96.6837087024167,122.390350224665,-18.7497102430295,85.8623848544463,82.7001731474989,60.2804366815626,77.7978208106606,39.3186652470784,104.944929301432,95.845117516384,31.2404742216669,171.211552950211,41.3205901985914,77.193657655072,127.03679930626,56.8738918067368,95.8626684982647,-81.7497978173553,113.97508685255,2024-10-01 17:00:00
132.895395200291,114.164971680863,143.558247384691,49.8529500241023,114.879516753996,105.740508952427,80.0336021639175,90.9729684586438,66.1805306484559,114.826911051899,116.88439224306,55.3774170924542,182.233809687066,68.4529387157719,90.3070317656636,148.413774934486,84.4492125160873,116.432858683466,-56.9701502387143,127.092357816787,2024-10-01 18:00:00
153.164974086952,144.795283268486,167.733750292622,88.4571384831799,134.307861743035,128.118699714969,118.743668095898,119.692851126713,94.1576299763794,138.859262294494,141.892271672793,97.9337656723756,202.043618555896,98.6553123707888,100.8355170194,165.600674239281,131.790200063546,138.057926436429,12.1202061996554,146.753794177417,2024-10-01 19:00:00
169.503053941766,172.900492599415,185.084319021287,125.026063557432,148.211094091563,150.313256860966,144.335225047302,144.195054516599,128.751830692479,166.582228564318,168.136811699471,138.588170171719,219.589197108503,132.678374966567,127.651432181134,188.778206709312,156.466646658217,153.387203987378,56.1873776843599,169.92612322077,2024-10-01 20:00:00
170.971941499395,181.032642229418,191.237195787935,125.058136576953,138.930464151931,149.711490228905,147.276326195828,146.391072037092,139.93992658402,168.171982644813,165.714159585483,129.545989005786,216.365858246272,134.725364593483,130.319181255465,189.745744872185,162.530307211107,160.382629818149,63.07263846436,178.038242513771,2024-10-01 21:00:00
142.150348223959,173.770767233037,173.784401355952,94.8974392668931,120.573414313271,121.695279850863,116.684644188255,128.759968503681,121.898669419095,156.629890230375,143.892749824353,91.0670095215633,200.474081462227,110.540568045165,107.094129487931,171.924181495094,147.44656612116,131.302145671203,3.6550758444493,166.733138467768,2024-10-01 22:00:00
132.244164625101,173.726781637475,172.887255062,97.7797077749854,118.412336716797,119.768389653957,111.300469495089,125.710865424681,115.583420153895,162.091146957324,128.694181595835,94.8049655641223,195.237302972961,96.7536898753757,111.925300547997,176.038549782453,145.987439018831,109.467771213616,23.221551477631,160.281657814892,2024-10-01 23:00:00
121.898081893536,168.997164468645,171.246249918498,91.3481298603099,109.584832853537,120.608918245236,103.022674895506,135.437303162812,109.031564185776,152.62117675426,130.245727251256,89.0320383869183,192.172653783726,79.7414282124446,111.138714936114,180.506581000243,150.328950589803,101.872833857712,7.97558112711517,159.472145892708,2024-10-02 00:00:00
105.472077051443,150.493980162508,168.83474255478,73.389224006261,103.502001275825,115.916162995982,83.6562909684391,131.340223381827,108.924494907612,157.097242792782,132.921865116456,74.7228359383641,188.58899600686,77.93029527332,101.953485646171,178.881958306172,144.198961441778,98.6869609070392,-33.5753169176749,151.240162242181,2024-10-02 01:00:00
112.31125382958,165.432312936948,166.523196263228,60.397527390128,114.419679924543,116.962703753423,75.9127386250415,138.899384286564,87.6008413002969,164.106195071485,131.148937599165,78.37026335814,190.975005581601,68.9291874785194,104.69188283163,172.349949426138,131.436011999932,98.2264055003892,-22.7046573946278,140.387939979983,2024-10-02 02:00:00
112.284587943245,160.374068401379,169.426331191234,66.7613745278212,123.073571273525,96.5159443179813,70.3177842567575,135.925418745756,71.575852503973,158.970633331524,139.955860318578,65.2740636022336,185.496085917172,62.6226624046893,102.919146980613,167.69304104469,134.375634422712,70.4101904724462,-10.9844906358267,142.760053035602,2024-10-02 03:00:00
101.522126579649,171.318810273385,169.696028882469,59.1387667511987,113.539376389723,94.8473635617244,66.9292620044881,130.619929873076,76.7143246088934,167.477568318479,133.270500286931,61.0483294761102,185.75366395885,69.4949607084064,103.458786664597,178.288492554195,128.298128522323,61.6410809694273,10.0448729135079,128.666234854129,2024-10-02 04:00:00
115.246199739384,176.727555620809,164.393573566005,63.1607156533067,104.339195896301,92.3930019188344,79.3384750868408,130.776538866234,81.2557681621087,180.22883905143,141.989320885689,66.9810024827128,185.11934514691,72.5729871667453,103.678307279127,182.192262735443,124.080202587934,37.7833713305158,26.5339652724726,132.505867489141,2024-10-02 05:00:00
124.951130655395,189.141826851604,164.619424986322,71.5045711165756,117.22820238963,105.697503172718,87.9375242364675,137.516328863502,79.003262350018,187.111729113014,150.712259417589,82.9431726414613,189.185084047033,84.1306017451202,100.415271827996,186.361161996819,131.018469583582,33.4344239492152,15.6727333381536,140.957398929776,2024-10-02 06:00:00
133.219387579826,199.947510717894,165.036735197409,81.8700660295049,134.363893648289,124.138420278124,98.8422276312537,149.223532529491,103.934205502621,201.864700480964,174.442704011728,102.091842531135,198.241605131305,108.318295158233,123.331799997332,202.776533835127,132.852677090666,61.9027406283995,44.5997497779257,154.123121347495,2024-10-02 07:00:00
141.329090057075,203.591922733601,162.61755337746,84.0066800396735,136.498088352553,114.474859801285,108.232004458418,155.638087575905,113.022273552982,200.434515461241,185.387929058024,109.677035649756,201.26232145316,109.747292299581,128.384034147857,197.586186187989,127.631712650243,76.8124033228045,38.1446348871692,159.625960106567,2024-10-02 08:00:00
129.430836278898,192.662072443113,145.741536414309,63.1996216923983,120.392340636213,100.130802196144,106.969115771602,141.490532713265,88.2298667519647,195.191672948695,174.177286007874,89.1209655621161,192.329004852161,87.2704471780373,115.760358860398,178.206984722027,115.926791398229,54.7937471877442,-23.3169215480773,145.216910729428,2024-10-02 09:00:00
121.87301249511,181.242651691466,121.954056444888,41.1752919113378,88.0080656967505,77.0600842925599,90.667888507473,117.102415074473,70.3658876203029,181.205101637437,165.898284851549,79.0675676222502,173.982930498361,73.503960800649,94.7925389327396,161.483899812596,109.247435764269,7.09173468887691,-57.0116815832173,127.025941075614,2024-10-02 10:00:00
120.221865530533,176.120702382004,102.583562762951,37.5363773569322,72.1438407911618,68.4349248041171,86.6282972537502,107.320577866139,62.8937929154196,174.720907014326,164.691833939914,67.2886591050308,162.389119923602,43.3607685425391,59.9288912899528,137.920664386768,99.9786387421342,-23.7392028216783,-74.8220274625867,116.046285338204,2024-10-02 11:00:00
120.599743214025,175.713769048258,107.527992943696,24.3034156581473,68.1961379133911,67.8651583368921,83.1165655548196,108.096168797788,50.3544276335754,173.03951009059,166.657771021594,50.9522912360447,161.449190678633,39.9617905776112,46.7699978310537,136.98943171364,106.518465042267,-31.0915608057509,-89.7228571890586,115.032769839185,2024-10-02 12:00:00
119.019884002689,175.484440810278,104.60751524489,-18.2718257023013,63.0300394838819,69.6297466879435,80.6850124017498,114.163147075049,43.3381055309777,172.977007127669,170.553465970905,49.6120870434116,149.471744494019,38.7486266292735,44.653124538737,130.988791081262,109.643730057327,-32.3177891715082,-99.6869738176506,113.215172238892,2024-10-02 13:00:00
113.915044676947,161.884686554764,86.2949009238722,-26.8825319422428,47.0394554412606,57.6857580667745,62.7411566350151,115.243748794701,40.9933444645884,181.211420800424,174.816746482444,49.4406811880725,148.669863524855,55.0007109473995,65.6162056966997,130.710341254715,109.405801766576,-52.0413363126881,-108.118289251963,84.9688781214782,2024-10-02 14:00:00
111.986812826326,159.203085993545,83.5010302939298,-21.674220318301,55.4098072175973,53.8966176875639,47.009903772218,116.212777994619,39.3190935843005,174.432823470853,172.350719239275,54.2582645059547,158.678628751832,48.535985271575,63.9834796695698,133.312385265713,91.7067305287708,-65.7688171355505,-100.986699885233,64.9761710314208,2024-10-02 15:00:00
109.395032738898,164.871443884903,97.9091924089368,35.7267665187643,72.6823014126875,54.6202386733786,46.6349770413959,124.747294131894,47.1459348739355,172.459083287102,183.435531091655,45.5206164890682,157.427336095222,53.7861507475816,36.5081549263818,137.081492322992,102.35823040347,-68.1986799423292,-111.298469763826,74.0571559682009,2024-10-02 16:00:00
111.401705436024,173.881141417439,112.928014068274,44.3233227165714,71.9538352093159,78.3223547497906,42.822066941175,137.54417080441,63.8385536417018,179.575757994406,189.803502799914,57.2554485545734,162.699418579036,53.6538941071763,43.0741043126454,148.632023053592,120.619269383095,-55.5654341569645,-121.188609904566,84.1960055181353,2024-10-02 17:00:00
118.066465267305,188.794611710555,131.397880093288,64.519498537056,90.447206527166,84.487153411336,52.169018151042,148.064695390116,97.0838059953294,192.534241445513,193.859408359661,72.8016226039502,167.88940428763,69.7435709153908,53.219305557524,157.113003084107,136.505118825912,-12.2460013585935,-100.93305359101,111.287273637929,2024-10-02 18:00:00
154.715113953754,200.428287888541,162.206234802901,104.160096305614,121.842305864371,116.607327471269,85.2521219477098,168.951560797133,127.791163309671,226.388726157922,219.387273091659,109.090642009603,186.075823029647,92.1892809486816,86.5700613292251,176.885435172876,162.452833113244,23.6171368226681,-73.7022224636756,131.967836264201,2024-10-02 19:00:00
180.118186102533,219.448112359603,175.7248780666,137.392505528563,146.454342552304,147.78624259139,117.497172601758,190.438317380625,151.832918884929,237.238751311088,229.307445414197,142.567666296057,205.843952808722,121.466708510582,110.198297151015,189.935124947495,181.76091055977,62.6116267835862,-46.0443501663327,162.151823073664,2024-10-02 20:00:00
176.386660468445,228.603625648245,183.393929356049,136.494054122157,144.06402471834,133.591507534204,115.269392720728,191.013277220112,162.218882664393,244.245176255026,230.623154835829,148.704529926794,211.466636986642,126.437875888122,118.248526843767,199.000626447067,186.233710026565,66.6812089580875,-12.5220722473086,167.445635286927,2024-10-02 21:00:00
153.864601429911,221.887663622631,163.188026398308,118.354060726485,118.25388574458,114.597728553456,89.8039517063633,173.678583083313,143.492939362323,236.110641132089,211.130260177365,119.117644584524,196.715553136658,100.957329620794,102.921530597994,187.58263925737,161.751631417083,13.8321122554381,-81.5557001915337,141.130181021838,2024-10-02 22:00:00
144.441661534516,217.658643946688,158.24846449819,110.590702396821,115.166837718844,107.239637270927,81.3341830792092,168.686994914881,142.271001507314,238.677788526531,210.923205591505,107.947961834006,190.370501371764,94.5800097094124,91.2991228494506,177.528225059351,152.027204872696,-32.6147539612561,-95.1398309469726,132.570645198746,2024-10-02 23:00:00
142.942323399611,211.244939634678,167.782604855792,96.4212614303437,93.653675012128,102.873263700258,81.0263401601583,158.256160196155,149.933908674663,228.332684187679,212.675085936882,97.4896501831895,180.74820977238,95.3991380176621,93.6040740407432,178.383733191198,157.110390162584,-45.210999583445,-100.454018052044,124.482121434033,2024-10-03 00:00:00
136.701947008744,212.60346751415,171.530783883293,94.8501072104433,79.5938336111448,97.8538124758836,73.50526522608,156.803543034661,146.923633999597,228.08818878325,207.373119859682,94.017134087236,177.517504253087,86.7335583096957,82.7940122499207,178.172103707561,154.053301523609,-51.0190779197258,-102.138632466112,107.408891377943,2024-10-03 01:00:00
139.079492036839,206.594544466474,174.147275600781,91.3214279510166,88.2966687876396,101.726637186495,68.9145522716738,161.081896329076,147.076893868902,226.758155162669,211.775816003125,87.8920179077523,179.733253116551,86.4028545779902,79.6575199105423,179.686059418085,148.378290275083,-52.4950153015119,-93.4631912144573,101.912976293593,2024-10-03 02:00:00
137.893934280444,200.89222733636,167.659676457835,93.6293896084634,74.9310177694805,102.72566422349,59.8147035333936,158.992269079999,142.962670667736,215.494598163504,213.459611151094,84.3922511849653,175.424579088461,84.4166390884439,74.3732743450853,190.087170532019,152.390988682065,-46.1155800517774,-82.938898942322,112.489766649684,2024-10-03 03:00:00
133.922786087981,204.772772071893,161.584577947671,86.1635460595651,57.0895910244,105.555721783181,64.4309376302317,166.969829939741,137.247783629842,211.79575607892,214.167825917136,91.8957915987719,179.746508567276,73.8175990558745,50.4091178058483,187.712090970469,156.394857138428,-50.4180664282349,-81.2013538524458,111.295017791372,2024-10-03 04:00:00
147.426213550404,198.248490272704,174.089061719174,101.799445283572,53.0443967576981,106.291601634249,80.2138174046349,167.503909564287,146.331324075674,210.095731618658,221.23793771253,98.4482559867958,182.258949779099,60.1374338214942,47.9579191033861,190.74920608765,151.032649479213,-51.0439491770184,-74.1026006093811,110.505558225986,2024-10-03 05:00:00
152.203840429925,205.307428424191,171.036313533044,113.561133685225,59.9358452369002,110.065009138794,87.7189255741827,175.182649761716,153.321124333303,222.335463478364,222.920586828761,115.8181840315,181.535796713028,79.6989562644818,24.8267973679947,200.523888348534,156.055451998486,-52.1158146689456,-63.9740168238129,112.992217898164,2024-10-03 06:00:00
170.173877247651,224.616666318642,178.497278645517,121.767534888174,62.0447611114426,121.624790638347,124.03532991708,187.632937120019,163.852125261165,229.29131306625,235.369218850922,129.562251383182,189.604516626326,109.959594238718,33.4656915269363,211.634972375489,160.447279730077,-6.95268637526064,-28.0366021684844,133.795410981552,2024-10-03 07:00:00
165.32526440253,227.148798765417,185.773482637813,129.740438614437,71.4463780345165,121.132470106339,128.674561663179,195.716156048349,177.85918724179,234.873820295416,227.252376791295,134.946741627356,188.986160729614,121.339420811736,43.5098402667033,210.253782583633,162.501499613049,-4.66962282336775,-19.5054231966149,142.600471040676,2024-10-03 08:00:00
153.416278157351,213.8059429993,176.866878096423,103.715881245679,32.8660697562537,104.955586685121,134.02100912235,184.408717662986,151.926498518775,227.618725966663,212.428367087284,109.608814129845,169.494625519967,95.5499160595544,12.3721599984052,196.734942813852,157.67078792377,-47.9682127590229,-49.0297149240148,120.784586382988,2024-10-03 09:00:00
143.703908230479,205.941933511301,169.996753853373,84.8625815020497,-32.5651216401369,79.3367629388813,120.439385587219,167.691942222615,137.247465145398,212.126367247233,207.188649720408,99.21939442399,147.362992339149,73.078347398257,-29.8578477776153,188.950857977617,154.039194467103,-78.2015208005215,-73.1081598497762,109.683937923504,2024-10-03 10:00:00
139.175384062917,199.654129613121,161.107852518769,88.4894709480075,-49.2811192316785,76.2071230690709,99.5405113944457,164.526297574489,130.738730800375,210.148222114841,208.529396942584,76.7212762977082,136.180393158372,77.190999457889,-58.315124479279,172.80730746918,149.285257131899,-81.4588362965436,-81.3244900964126,107.82687726364,2024-10-03 11:00:00
139.554299536636,200.550305933927,154.702547250417,81.1796339139689,-49.5560264464212,61.6793846722195,82.7895400221594,163.725201376919,123.61456243919,209.983160172677,210.106231576549,54.6344809157704,129.392007977262,80.1392155785387,-61.3598431457231,168.76603765095,147.320611703253,-83.2331343115377,-80.8778546185974,98.2080356797577,2024-10-03 12:00:00
134.673313268074,205.203748098466,151.708389515145,83.1957248975086,-53.4129741741667,41.5682672520855,72.2086865426045,165.251252897391,122.353231945584,203.423308070295,211.386935421304,55.7798061249818,125.537965758881,83.8329938469273,-51.3063739961992,164.79938090945,143.119718723551,-65.8848936149662,-85.5733136647894,94.7860051713713,2024-10-03 13:00:00
129.799210918832,201.44537315677,141.345139198525,78.0908343582483,-60.9844869588737,38.03418249635,80.6296724099062,168.664919260279,133.521405336362,207.576162452308,214.832601764028,42.2890965931668,111.637329854733,100.349301439271,-52.4999155261772,163.79660172092,128.768499630931,-75.3626726284388,-94.4449832959147,91.4712368463865,2024-10-03 14:00:00
121.74523678945,193.612891638306,143.299754644048,53.2205077396812,-42.4007774377421,38.2645001003593,90.4622191230944,171.621747826034,117.388030242483,204.96389797775,208.456424040609,43.703200924179,102.228267311879,88.3770005879033,-49.4255692382286,171.860270997345,115.184975308737,-71.7764430335018,-102.891963591926,71.0415562675498,2024-10-03 15:00:00
114.832916359161,188.538196899623,154.67922325647,50.6089746044556,-27.419342273846,53.6169249935032,96.0414096301931,174.474796420471,123.848144835807,203.933116033023,207.858955648735,26.1613728248849,113.090322858122,86.1838026426174,-70.8909777536296,169.91691272437,120.211497093462,-75.6434567691026,-114.322406232785,74.5752757604646,2024-10-03 16:00:00
121.225928709935,191.010909837718,174.807424619045,62.5845247110978,7.36284166217919,74.9769223237559,103.061556313019,179.440280600546,127.519028978453,204.779523067407,208.509335651454,38.1363348931939,117.637689280993,88.8428690640696,-67.481792471057,174.892326416269,118.710157502331,-75.7567332645225,-120.839614281361,73.7063596658755,2024-10-03 17:00:00
136.543882922778,206.513816090803,189.727118692947,93.5749930548865,49.3499150280359,91.7069226025,111.875178248372,196.721905630135,148.031494098638,213.776492040318,218.866669670497,41.3913898285638,130.649420653227,100.208257488055,-49.513523700612,177.393898053288,135.56407610252,-60.0261016239928,-105.456993692552,82.0599688977082,2024-10-03 18:00:00
161.993622328955,214.054546536964,205.793275188205,118.870068072005,89.6305663673279,124.415210069337,132.489676846853,216.152875216584,168.886949706673,230.032193839049,238.768944190689,83.8453459389149,158.404743739656,117.342430207588,26.4464446587445,192.593388846575,163.750987062411,-35.8358370792527,-87.1228226369722,114.432246292253,2024-10-03 19:00:00
186.255004202551,220.644791708802,225.602517632289,144.042536558722,123.359721036379,141.063545920802,149.533460064683,230.357205385857,191.535587047859,243.842963196512,254.160804703478,100.57851241355,176.80745040864,140.249339525066,54.9079798233452,207.778621733646,177.422326150914,21.7322805260865,-86.8436871633685,135.941289669232,2024-10-03 20:00:00
199.032374485051,222.114553496548,234.283343073489,140.803115537779,124.693101237286,132.471927004053,146.214566573282,228.076650595157,196.244546264561,247.136152928239,258.209438560589,105.149876645073,186.993623930464,143.168639274016,58.5233198369766,209.590521548533,182.440113513589,36.4369584686585,-64.2373724762886,143.136781242006,2024-10-03 21:00:00
178.570340165491,211.299288314397,217.61227673224,112.67895138151,103.24645629749,102.186341942159,121.365997925513,214.031222009241,175.71151815239,233.157970310579,248.387441520107,77.8149267387172,175.346251677835,115.280010631422,25.3227895901222,191.634009993649,167.528222732069,-47.002645671152,-86.6783666139159,128.730176809463,2024-10-03 22:00:00
158.372457401283,202.572593094975,205.317427957478,100.763886436327,112.543953480343,95.2337556766727,110.312736758463,211.926994527379,164.702268474634,236.56798435252,253.025374625342,76.7391004794892,181.319424621465,121.494673139587,24.5891073299136,187.986224894223,154.753962200426,-56.4068088532807,-94.6958467876613,130.070267358981,2024-10-03 23:00:00
159.474864352077,201.703374189103,207.890002727655,102.709126710909,98.9439996679537,95.4547640635675,109.918301655795,202.103038224998,156.011912783144,228.071557653734,245.33905667797,90.1147579225162,182.229531927817,116.852797615123,29.2601834062364,185.238686295798,140.694366428112,-71.8932126733187,-97.4260875347307,115.18687462251,2024-10-04 00:00:00
151.062022690605,200.50143094372,213.39727159971,106.634210435975,101.815239939501,98.8266383006887,110.349058429801,192.415572955801,151.384730057746,225.433351981727,244.380907794269,69.2058573370114,189.920473949677,93.3274936879478,12.2884440667478,178.757942047245,141.997410619973,-66.0893871254625,-101.082096831258,102.553495428016,2024-10-04 01:00:00
146.785866865285,198.286785650732,211.227558002295,107.547129652809,100.006172531182,110.262750376823,120.126856962025,193.650047375195,147.832506545655,229.249860098327,242.092642537518,61.4125981260267,191.166782611723,87.5962645114457,14.3987620732153,171.567503272163,147.047641521108,-69.0067522370659,-97.3788829149795,93.4309909818474,2024-10-04 02:00:00
152.016943264211,199.556870014696,211.979035614514,115.325344373681,108.98644222305,109.972959645294,99.3134990315691,187.995536788629,147.344624812716,232.110642281237,248.090518913528,50.8261033137538,182.249311941382,62.0399926809198,12.8217699363829,176.6542247035,159.843096358862,-74.8633151000645,-97.9174500753174,91.784760685017,2024-10-04 03:00:00
147.737326862205,202.35615553491,208.76955749709,109.253190788925,99.840732888194,108.397279338597,100.229134344895,194.926317857464,144.78863404167,230.985355778391,250.566660875522,42.0574192945861,188.260841536032,53.187368510689,-28.4236111114344,170.251506389977,161.488228341212,-60.301092314747,-93.5710960722193,100.504977576672,2024-10-04 04:00:00
145.495289582934,199.804850963023,214.469522547165,118.688560372154,91.6119427467985,105.059328676785,104.05923955805,190.598289378675,155.500804112436,232.609534927624,258.273085505331,29.7998700748506,188.346123470847,56.2514108743825,29.6476492729532,176.605894633825,150.649803184805,-46.7980812707097,-84.9810950294563,100.501876877121,2024-10-04 05:00:00
151.603030999699,206.313220742005,215.617779450385,127.226337004659,106.444539134522,112.317475523378,107.431338843098,186.384139410627,153.577012878417,243.453068447974,256.102455471292,51.0017695742602,194.101735841141,61.5667485171046,34.3143265430821,183.255914600637,148.619674720334,-29.0371985986151,-59.7497792527455,90.9242380878689,2024-10-04 06:00:00
162.703577851338,221.430177552505,220.665513681016,130.362848803834,123.976907274317,123.619283148291,113.285082732375,195.50887228359,167.387330599362,253.424573384165,265.589878642247,72.4353437616038,212.940190302737,83.4674958377267,58.770713653315,196.747936188698,153.434238184292,-13.9274292287975,-23.7244315406307,100.540867910161,2024-10-04 07:00:00
163.589612114011,225.457570609298,224.453817265387,128.877249125902,132.648538154904,123.271740818478,115.267025011966,202.521877702581,179.075734547111,257.817009304614,273.771479817236,81.6856974421565,219.051409973686,91.8095822943503,51.8638773334109,189.653621010617,160.190426239503,30.1471953041985,37.4702830148925,110.502931409203,2024-10-04 08:00:00
151.72142668656,209.81473131296,211.219308558018,109.601313888759,115.358518143098,100.556333929127,98.5227545609426,190.287295830779,164.610665993972,246.422801484892,258.093694112441,72.1052720566588,198.301120125125,64.2600767631604,12.8558816219651,173.306866356435,149.617440812466,-12.3349025285724,13.4368803690056,81.4809823197803,2024-10-04 09:00:00
137.6081996749,204.185175450465,197.964807284989,94.4077655291901,98.3300032468297,70.7875277274408,83.3805798756019,174.668561598616,151.214356094385,235.35800199652,244.772951269988,32.935880721919,191.532470884603,53.6600568335058,-37.507650499227,163.259248969396,137.626277389656,-63.0672705270125,-13.9159307293798,53.5546181265569,2024-10-04 10:00:00
135.997473015907,205.373222258067,189.535222312787,85.3902335344408,105.157564188884,53.117577843163,59.3523150751779,171.445646554355,141.900073149723,231.780951499931,241.303758606131,9.93880736774695,188.822767679989,64.7004665179456,-47.855586485747,163.293146472275,124.877698549153,-83.709356296224,-26.6092426664322,61.9600777422523,2024-10-04 11:00:00
132.529273733783,204.21598182299,186.554601180708,69.9820288890476,90.6679155891228,58.8455349992633,80.6620009146612,164.654482166914,127.248268024014,231.942522435711,236.70763333528,-24.0841896144904,185.311682700363,69.6784661084091,-47.7643135007926,166.865737049157,127.109806057024,-75.645840500584,-35.8506989621042,43.6586489535752,2024-10-04 12:00:00
132.211101337559,205.742173563337,186.616224084932,44.1911606255019,78.0790561350141,55.873798987828,72.4103590729757,165.516600504518,113.895504160024,229.498949452143,240.474986987624,-34.6559379042246,179.109083402425,77.8689089479073,-50.5095030702156,161.476073226296,131.441949444714,-59.1341326514117,-35.8781271632724,26.9516641266065,2024-10-04 13:00:00
136.843714494587,202.65141140416,190.816235347236,42.6289834687539,62.5092440556994,46.0893942685097,66.9974835800589,160.786183299762,120.458781296121,228.421005458658,238.669614096311,-48.9196394138611,175.510606341741,101.004483432321,-44.3668183381287,172.996263625392,133.344046662866,-60.8738552828791,-21.8485270798634,22.1098700078418,2024-10-04 14:00:00
137.412370985247,210.980864598112,183.118562634286,28.8965528639481,73.2029904922058,19.0853842346211,55.4892472272622,154.526425333824,112.171346933426,225.701591536954,234.724509903803,-54.2931490340416,166.654891898984,95.5268611356912,-41.314718122196,166.43638399175,118.338398036626,-59.5878955979978,-16.1410915034183,21.7085156652833,2024-10-04 15:00:00
134.926508589133,213.30861143768,185.577630222671,39.3254412203488,77.7342189411606,29.4556813543769,54.1828160821066,157.644467488522,102.1237615017,223.831245876376,229.754548971199,-45.7758103053822,155.305311225175,97.6278750181217,-35.5940478940354,169.29318077803,126.763493596377,-42.1275854350799,-6.06894742613056,22.9527184067091,2024-10-04 16:00:00
146.855427785664,216.562594039241,198.565684712227,32.9589419922168,83.5777941535346,43.2637657209815,83.1166208919398,166.627793971997,112.38885249509,235.17427686555,234.87445249076,-44.8614431396081,155.582550476812,92.0942194257815,11.4658304106611,177.335915577752,123.957774892971,-50.5027730636305,-38.6993648612825,34.6211974437097,2024-10-04 17:00:00
165.525039580837,215.517469115673,219.172432691882,45.9368752589301,115.375446693459,62.4064356021948,94.175433034609,174.30392013092,134.757568759817,239.628777375411,247.734690517686,-29.4176021712981,166.333360643707,104.895528385802,47.0911325049067,191.861497231062,140.075909874744,-25.784491120509,-11.1609461749153,69.7594023890584,2024-10-04 18:00:00
190.359683132807,222.33719741236,239.53645473938,81.7176995473729,137.330942757491,94.8008490894135,124.553609877538,185.745787486856,144.203790488124,262.275323533406,259.443951429712,52.6771276063046,180.922434337115,124.914917852671,71.5807432054641,212.77376045813,172.677715352277,39.3759717258517,57.1059292603802,97.1562844385913,2024-10-04 19:00:00
209.810042198526,235.956970496999,254.240844260285,98.4695189921892,169.922598578951,122.921595610942,139.420086744068,196.871071033891,175.136006676726,276.620380937138,279.672125093386,86.8551918172167,185.667672776122,145.167061863082,93.3795248554486,227.396006877573,185.545058077934,73.8532047295809,76.2304320436322,116.600489708495,2024-10-04 20:00:00
211.043717444915,240.080706402781,257.450247776367,83.8997755080614,164.25430664373,122.189180723947,150.08099633646,187.523575197055,187.62763765998,270.093241283921,278.556489917778,104.667327519364,192.976418831557,149.769463438722,95.2049164906154,228.313839674987,194.210319548223,76.9096898607986,88.9688136197904,124.565253997746,2024-10-04 21:00:00
200.428127193169,229.184239063769,244.491229518589,59.693775130954,152.685921747941,95.5449943345942,132.80570985596,171.191657339718,162.096938650956,254.676573642737,266.997136466244,75.2577845841123,173.659842857882,127.013400041381,83.7694844383042,206.005186110874,175.804415363531,45.9672691319326,70.1732102954246,114.329246020497,2024-10-04 22:00:00
189.213452097418,228.191681351179,243.801709114216,59.7315010336283,153.906608158641,107.323843653059,120.250068915477,170.602200195869,150.600308638986,258.602811785795,266.054071245373,66.6126122681964,170.585203909255,121.4129195498,77.3469580819927,207.746995169363,170.395664582737,32.3999382402301,69.8515231727279,103.359448017338,2024-10-04 23:00:00
197.177065539444,223.799216030047,241.743406330231,40.5911497662817,142.714397307786,112.173278246612,118.449772017923,175.792598617395,146.700478423393,247.447539776026,258.281001128802,44.9533252192298,153.817496439009,96.2072965325807,65.9854942485153,205.14533255895,178.773284861401,-3.41183028510571,64.239111115343,104.604907040335,2024-10-05 00:00:00
201.53716197321,226.170791855298,242.576465046678,31.8450546462061,139.222211821143,111.201388450686,111.678152321774,166.857482230102,146.111294057921,245.527266321145,253.94422808036,46.3668331942688,157.221285933603,95.6523835968999,77.8875235806359,198.19231324366,177.260454545992,33.8084746212233,66.3874288464628,97.0918059050184,2024-10-05 01:00:00
199.455034747445,221.514971379432,242.445302628643,-0.363807414421757,147.496294686592,107.99638294598,116.345866000234,163.568354591204,134.752057832628,240.621935122115,257.261234339102,52.3068164802288,153.128714525102,98.3879132933843,90.9351578818831,200.856609506995,171.821617847993,-8.23134318341188,68.5412522661348,89.298377200062,2024-10-05 02:00:00
194.225141209883,213.02548540855,245.108564743266,13.1158626969754,159.337099696946,113.298899476351,103.721475428295,160.754969117585,126.847067246009,239.157664349093,258.305479590837,56.3157599659711,155.619214000428,75.4000941156774,87.9396323939409,206.257925243919,172.068232904414,-22.3796220069432,80.6478627332907,97.8902124816869,2024-10-05 03:00:00
187.437769875974,207.544744855574,248.838373156854,-4.39924923150238,144.803688747388,106.038343654688,105.163934875862,162.611537972817,145.1252618791,243.896783366182,256.452008571052,43.2088984875885,158.186109784962,71.2926906760235,85.8667868297656,206.350535226192,168.03231301179,-32.8049600664283,71.3737173831781,108.081058608933,2024-10-05 04:00:00
191.371572441897,210.966870592141,252.179615845353,-14.0652459040349,163.526683393027,105.285919623964,120.660931578493,157.944740869202,156.073450124451,244.752828561973,264.008873042059,58.8233579200367,159.754522552051,84.8761376766217,82.6463619808041,200.483991987719,169.54508581129,-36.6673944861407,92.3871541502867,102.184579300207,2024-10-05 05:00:00
194.828747469546,216.390980896695,253.505883940317,-10.0780927996633,185.723100407798,118.279831507168,134.482197474582,165.828352895927,167.157537893939,254.92371472167,267.790162956806,65.9348195055148,167.061006452295,106.19939308678,88.864808165258,208.115464541572,166.106618287348,9.14938668979418,90.7687742787461,97.3140203908671,2024-10-05 06:00:00
202.34189558531,231.1219288413,265.922491010872,1.8685046120149,192.826662685054,126.531287998902,147.49654068933,173.8281190494,174.811808369672,267.159255489073,276.025536841866,93.9541663439901,178.970114801281,138.928195137016,100.546081029888,232.745546234271,169.021347431298,56.6938038708522,100.361603167422,108.898700452035,2024-10-05 07:00:00
198.89034608129,232.819736030707,269.57845758556,21.8312108021492,196.711132902356,125.822637712296,151.846390335924,183.862792458722,178.389446225334,275.40160604651,279.991421431873,100.362799348349,186.212113032303,140.065676522014,100.776985032235,225.226231483392,176.671391311597,52.7343076206784,111.869913216961,107.848506650265,2024-10-05 08:00:00
185.777371939134,216.702638307938,265.230398140374,-29.2124592102076,178.64549599479,110.22258129463,141.939472040871,160.945517889675,155.178292190816,271.106963094559,261.76210105201,84.2844982539016,181.573048753006,127.660311228706,74.1935216352232,207.347811917388,164.90142268943,29.3254869551358,109.556777330253,76.2674456933778,2024-10-05 09:00:00
170.322488340978,205.960478390376,255.555061259602,-51.7259061935114,163.931600976566,91.1831824810634,134.446112384046,142.464251532173,143.312214120482,265.444490034268,252.647217096972,65.6882392930502,171.267814411793,124.334239623057,23.3020489162439,202.985755721576,168.322650335919,-56.919982433694,93.0436030616264,59.267447946029,2024-10-05 10:00:00
155.691009449348,192.28621150687,252.10489034123,-70.223674100691,164.465301946076,80.2698287181487,126.354316228976,139.587566306744,136.917528276168,263.686920499824,259.791195351891,42.3542284931887,163.625632092053,114.514908656007,-38.031708382432,197.686365995887,163.393455699323,-95.9551633010216,86.6930613946305,57.9827516903924,2024-10-05 11:00:00
150.34761923664,182.631489638751,243.084712986451,-94.1930428388384,159.880280270842,74.1089437870801,129.339763372311,131.865051466559,143.975240002195,261.870314050448,256.64895522415,28.4918379859107,159.933849457531,116.901807803107,-33.704397115054,198.627011538042,157.700427178665,-105.132080812024,76.1472992492912,48.049060117826,2024-10-05 12:00:00
154.731198950408,174.924222487171,241.300938516054,-97.3805986769286,157.324900464018,72.5713174197995,130.922798627318,128.652827140716,138.776163208632,261.096880858255,254.466328470119,10.8546499946436,148.69938404919,119.936220192058,-51.5073798661906,197.699733667074,151.651593004086,-101.441980861727,82.5566894460349,43.186568018698,2024-10-05 13:00:00
150.608928255141,177.60784586414,240.235054338127,-101.155240667881,162.150999688411,72.3455017063014,130.502775331187,122.156225894078,139.376818040985,262.589484193324,259.917931657216,-30.3465194221729,147.202167035426,133.78335008174,-57.5839421131726,197.362626988559,157.259076529034,-112.402745815011,69.964534926278,50.7848997882016,2024-10-05 14:00:00
152.973983949446,175.209420358251,233.957731988933,-106.603767010205,151.007522792981,77.5880527754546,132.184701515288,119.746416806814,128.785034033598,256.255702096681,261.693743582917,-37.4937517372469,135.559854293998,132.261426061714,-67.5877165905278,198.394509435826,146.577029766595,-116.327582584702,72.328457345425,45.7060088348055,2024-10-05 15:00:00
143.27397150337,180.588650126557,231.727167116939,-94.9302549620784,150.220361331756,78.4052831307995,134.291691251538,131.190547730067,127.905650627275,253.332098477113,268.243004772339,-46.4846889408822,126.011518170409,131.968216644577,-71.5693004007675,201.874406593955,150.432695252478,-125.85920755684,85.6279197320126,55.4388145198454,2024-10-05 16:00:00
148.167278600567,194.299210477214,243.823905467591,-96.7464524146971,156.614098048694,99.0147573743748,148.909797193388,132.993001032318,130.491024871454,256.71375378132,275.456905371749,-38.9436217138757,140.141968831456,138.602434420695,-53.7883319777287,201.782065820185,150.723855480923,-113.09703628531,92.5506292488742,66.6995842705985,2024-10-05 17:00:00
165.347063981489,201.776693391745,260.636922222051,-71.0723039133306,167.191057894416,103.083254428274,156.968488584597,143.695912165403,139.339423020695,261.879472605479,286.328965275026,-5.93336244671493,142.494591773429,143.679159970152,-34.9171647547671,203.14891788701,170.191629012619,-110.411051550697,115.469601315606,82.3294819613924,2024-10-05 18:00:00
189.147762290194,218.086752314154,271.924395360768,-33.2879952300713,193.128705943576,123.980450861091,179.55552958406,161.238630898949,158.358858905773,278.897218826544,304.394502367695,67.5922369304474,174.966995339221,167.055124904908,18.2611156236575,220.970690555579,198.621030408754,-93.3663503141499,140.91210875561,112.574762771495,2024-10-05 19:00:00
207.821820854862,224.466288687282,287.123238353622,21.6556787521731,210.476976031729,137.724308390164,196.308404559619,185.48227002831,174.990075996531,292.109822558131,315.062538906104,90.618515589563,194.488978287942,183.979534350468,62.7354691997971,225.311889250511,213.880541817831,-69.992220924372,151.113630324126,142.483835953014,2024-10-05 20:00:00
207.165523886513,223.698521468398,286.038637217076,15.8134489023535,207.942606748599,139.105412929484,193.995001918695,196.206942829134,176.418167495068,289.454519949793,317.319427113491,102.141306165522,207.489649195569,189.359258277018,69.440523915546,224.528534566272,225.96544961575,-74.4912215137935,165.344148009222,144.106938151214,2024-10-05 21:00:00
186.484752849897,211.32748942256,267.529507327722,-42.4687600178855,199.603472123464,120.484307965615,183.319109601802,182.871515677661,159.511047611528,266.481113908554,307.167534799965,74.7096823940645,194.791262204751,172.758753010234,57.8100063096783,207.657848894842,202.439149871785,-105.036196550481,142.87716000369,130.857341796517,2024-10-05 22:00:00
172.35691597972,208.932580208366,266.393668609844,-52.2656957575842,202.084262343768,108.052741541932,170.641792128653,179.724464238074,159.339445719652,274.403796347007,312.258303742007,62.9974568006028,189.509082183104,169.537455351008,49.9991100724029,217.160527710681,195.742143978051,-118.156565948069,143.420433701061,118.242803544674,2024-10-05 23:00:00
171.559777631736,200.702687714883,261.545159790687,-71.8367852665926,194.281988457125,105.735973777304,174.477654149409,185.389706911346,160.593304225878,265.293271408614,312.683270649687,65.0991042474369,192.9113621319,156.590528737316,51.9330788718682,202.057557353731,188.358801015647,-127.471837277518,135.338716674807,108.027414430635,2024-10-06 00:00:00
163.667615235031,211.806666069323,265.521407438625,-79.1536463542887,189.330233713769,96.5748041311358,165.04786709114,178.729133786091,158.553760505907,267.32339593523,317.026724943492,61.7480243772466,192.7727161614,151.392404985664,46.2311072128292,201.956116315835,187.139552626203,-137.54175374301,130.997432345553,103.919527319517,2024-10-06 01:00:00
159.754488887041,209.068150706868,265.224946579133,-104.726864228105,183.31893824889,99.5297980379732,158.9202186426,177.249140049636,153.808776480136,264.215987347801,317.942441348882,52.159320794605,189.641410684884,147.656108121068,58.0777047706745,198.903655949382,190.085015457288,-137.904069915418,127.675098524014,103.125976624257,2024-10-06 02:00:00
156.46359169749,204.750588304729,267.209829554454,-109.108821664823,181.27504207444,86.1590156052334,159.141445722948,181.398200119859,144.907517525863,264.064701982953,314.523138221233,32.6918079539787,185.091173212366,144.340530788945,57.0857897523455,188.814041445979,192.691804687968,-149.51041337496,116.815668919292,118.706855584099,2024-10-06 03:00:00
163.552809557658,207.765317419713,264.901693676563,-108.26777291254,190.023443898555,89.3206740418397,157.736326635639,182.214427601499,149.131873164785,264.73901340728,309.864676690614,31.009582379046,182.510949907292,154.867586613117,44.3346267352905,181.618229851478,185.852578079897,-155.053362516944,116.24972772511,117.449341325684,2024-10-06 04:00:00
164.078013622085,208.499315341077,261.078547903509,-107.625599572793,193.862800981446,90.9545989080022,151.790853288475,178.912184247751,160.368895281018,268.578977010503,307.582074540731,27.0186025276251,186.180058218807,160.862581855753,48.3556022383268,184.711389130741,182.71265627415,-147.71261091822,129.233126499476,106.810696551997,2024-10-06 05:00:00
169.493781535722,210.663246937215,266.863194703138,-96.7605329018384,206.695207702879,90.2051794658475,166.698367656918,184.472429844695,160.371688034036,266.653936077219,302.60620466209,60.8942983705216,193.360668984684,161.470010187764,54.7400985311451,190.4780124504,182.060421703942,-144.025335873886,136.371563068698,112.936092061499,2024-10-06 06:00:00
180.11442093402,227.293787932064,275.671483846389,-82.578892792345,214.917419206186,101.756562859518,164.029115849826,190.864719343697,176.283349928959,276.078678220297,309.199098486352,86.7940379341275,204.507889707671,170.520858940423,87.5576227863953,205.334725666051,185.483228739534,-130.568478759964,149.911816041337,115.858708551359,2024-10-06 07:00:00
174.893114272022,237.772534750194,277.175386482612,-72.0022508590561,221.077680841495,101.322385614042,161.294532198522,206.112078827439,177.956748218562,279.891976189197,309.931238306353,67.4786305182296,198.623625470371,173.33863032136,99.0432608508212,202.039240287983,187.768068019983,-129.14809702693,151.075181211227,116.948640146377,2024-10-06 08:00:00
160.461850742703,224.700153958921,268.023828681905,-87.854322434972,207.057923791484,77.9950662778088,141.072680020169,189.54421548586,162.38705529312,276.574616484064,303.192356592068,24.4171032398551,180.273832794181,164.768317883505,74.0646392969092,185.012647693589,179.419377589141,-145.346411265512,149.25062570727,100.096762644361,2024-10-06 09:00:00
156.294727837594,217.84466278673,264.456720917558,-116.848073347783,200.811238829953,35.5439119917358,123.699090016407,179.027364584457,141.704116031289,266.654285191105,288.118475863117,-44.7787079465686,154.006888305947,162.76849878343,45.9497812624361,166.609810580198,166.407401874004,-155.274209709846,130.639903412343,76.810320873755,2024-10-06 10:00:00
152.171652583905,211.231308184932,256.525489400076,-125.746487158099,195.15537392224,2.77918186861722,115.017847483107,174.9824516874,135.47190714502,261.024111689218,287.24282514169,-71.068805495537,137.665640252134,150.213613308657,34.2712592718806,163.538165594943,156.911427987229,-154.805424489621,130.067720206205,81.4821235457514,2024-10-06 11:00:00
148.908464768852,211.909704903307,248.93812327162,-122.741830213732,181.071520131424,-21.6520264405235,109.803714855839,178.08242162528,141.610780017717,250.543595648431,283.749154337328,-92.7569442011084,146.67882729375,149.165856365656,-9.89662658787777,169.632072761515,163.042382350692,-164.465898654092,136.214127232488,58.8876117904062,2024-10-06 12:00:00
146.308343657866,204.910389827652,245.264585548123,-129.647428958238,183.508386077489,-47.6356693078675,104.045158662182,183.217633353446,137.467332047431,249.405788940477,285.747986221798,-93.0110469244526,151.399256039642,150.716577161601,-17.7312793391493,171.137390407839,166.003746934837,-161.718836572913,141.453841731118,14.6483331946445,2024-10-06 13:00:00
130.399018484961,214.807822662764,235.447951476604,-129.86676320143,181.25875692993,-48.9753279358575,100.831168090089,177.281057283511,127.784227646983,253.151855020682,290.210393596689,-95.0257532580169,145.117534727095,154.777551076662,-11.6129506611337,164.299217026805,170.499922963477,-168.507158439741,127.740076825713,36.7670029029571,2024-10-06 14:00:00
136.858402704434,211.577071756367,236.52639296413,-132.478225764691,187.351030647821,-34.5443873606813,101.393945543753,176.923299299323,131.924137944957,248.570078561523,285.249393362835,-94.7646156949166,148.604425365479,144.315323047954,15.5965244234344,160.896044151804,172.030840216126,-173.887304009668,125.986322771261,39.7349089988034,2024-10-06 15:00:00
125.785752146588,205.219361682588,239.476826577565,-124.566070331758,190.742466111726,-15.3351973703583,97.0066525780698,180.045193171318,126.999569067508,245.58075013439,286.586348672963,-86.3018740898415,146.561836899119,148.813534024137,23.4091997778221,167.243801957632,176.834652476342,-176.990749872557,127.882045799995,63.0607061537952,2024-10-06 16:00:00
135.080775962296,210.277163579821,248.483426451085,-122.080342435602,202.764278429508,12.4283054623515,90.5572841134719,188.112787726384,125.19545039204,251.566891496519,290.353821187333,-79.9544189178451,151.891434074309,142.295012410578,49.1989715552479,174.579391475362,185.222783111515,-179.084280510873,138.092735097426,77.0208849223349,2024-10-06 17:00:00
161.976207459779,219.811963573549,260.794559306654,-110.6604931924,216.794506679511,28.4925463328397,95.6122213402687,198.176711346801,135.789733143693,253.959674063869,294.829865649513,-49.0956497615825,167.453653034109,155.614515362497,72.1038542322836,170.812085341977,195.724768486482,-169.873888297668,149.179184987248,93.3334993744276,2024-10-06 18:00:00
176.505218228401,243.322015090294,273.985612607064,-81.1847377282329,233.813886341272,64.7487531972244,109.764901650602,217.704607818137,150.17098245143,272.729659523804,311.105705985006,10.8363928265512,189.257597583167,167.703173834439,104.777579532492,181.262029945903,212.256068799703,-149.042099613985,171.719879587259,123.068769213653,2024-10-06 19:00:00
198.357656185568,260.078816490475,284.299198795054,-49.0745118540086,253.484026235406,95.737421610322,134.739731584339,233.782913854689,171.495969393989,291.039433671382,322.418271690825,47.7303212118479,211.66651073363,182.928371564064,143.664095788616,191.235864430232,222.504879490913,-126.673855382022,185.728635470007,141.624144746307,2024-10-06 20:00:00
199.698537137093,263.278800148426,290.265950580464,-50.5825512619343,251.473966741334,96.6197767777437,149.262489525033,241.091144066992,177.994893193304,291.134874407964,321.441864595901,49.0163339580041,219.291847845645,186.538612816175,148.731397988757,183.014425447786,224.091343479528,-130.091711466343,192.402331349104,154.143014426524,2024-10-06 21:00:00
172.280234144934,244.999181774756,269.723729444569,-80.0787160229199,246.826878970529,59.9993197280513,122.933836144841,229.209809760142,157.685671713871,274.602772131627,305.367382295061,-26.3096832873592,199.398509986358,164.068995591592,139.177325228906,169.463955392098,198.403787193231,-147.875496551262,175.746590806251,135.012343239378,2024-10-06 22:00:00
153.568319251295,236.95265395954,267.720791267053,-83.365341526074,246.721142393238,31.3885655527533,106.532895019092,219.016342058765,157.606512157035,273.661579285412,304.31947908673,-49.4595647268156,197.31750791553,156.486745415249,142.427784688395,167.017982687455,197.743128082014,-164.867709895005,173.081798311227,124.674291763654,2024-10-06 23:00:00
140.548405646046,231.281942678599,262.194596104649,-98.7878931156352,230.39452771702,32.0173301099678,97.851957195623,217.792836914261,157.744841537165,269.517724196489,302.581724880196,-49.0531595308714,194.646510422748,150.279078576221,131.132108137842,165.515362776239,191.339606470611,-180.316463411757,173.465188838279,112.904851740242,2024-10-07 00:00:00
131.529304406974,243.471591893504,263.428243397367,-94.6903603509552,224.574800728629,-4.21281151981229,96.5138289695661,212.112033059949,147.381379076605,262.981865215421,299.213720886566,-56.623197923324,190.847385622081,153.811111983576,126.920749743239,162.277532784301,179.24470515889,-177.094091037416,167.584331383133,109.769871924667,2024-10-07 01:00:00
120.324010861884,234.12043271569,259.707553917173,-84.9054579017741,216.001888075509,14.528410918863,95.7156120995248,217.07152146069,146.645202426333,257.593175339981,305.896580970624,-49.3712069336131,188.819072147335,151.879347549187,126.468819779489,167.693931951158,172.227723964988,-174.413597094719,178.213749205111,97.7378381924821,2024-10-07 02:00:00
122.549302084755,235.497494868321,256.76545522344,-72.6613695445203,204.476026997843,-3.04209675906259,94.5888972410054,211.178044624945,133.622192978178,249.362735528197,300.836207407713,-70.5180403152512,186.267078331357,143.529548366884,118.703920785508,150.071374627316,166.587500325255,-182.913714499386,184.168985672768,99.6226424408916,2024-10-07 03:00:00
136.395307915747,234.452901593552,263.843716474007,-78.9250697315928,203.238760226961,16.505838568465,99.4963226287207,199.988794703639,133.511720993317,247.842488182393,297.363937568812,-87.5689503942844,189.378388172311,139.797517167953,107.941767135396,141.445155819744,151.439823055596,-187.376944127641,183.048626318461,80.560882180912,2024-10-07 04:00:00
131.418388917662,242.262843921535,267.406250907479,-92.068812761698,208.494324531071,37.6601631219212,103.487454056171,201.626038780321,138.241670808291,250.236362087714,296.226338286972,-91.540603176287,191.660556274205,146.566624387123,105.53561671134,150.179181308927,151.671855983471,-185.919103936403,182.463341780954,78.3073218445987,2024-10-07 05:00:00
141.501458088315,242.099519509613,260.331452527994,-84.1605109450431,212.399656722488,27.1473388169022,116.350560883695,210.92440016759,136.610392763938,254.163098573018,300.247788433708,-86.9525338496206,197.781356786037,149.447571478455,103.359467025249,158.395056193678,156.076451246578,-188.340437641739,186.534234266836,88.2289727272943,2024-10-07 06:00:00
157.896020748832,253.346270538921,267.71857539951,-62.3778715912614,214.061768527982,58.1213506310074,117.570912162567,221.021195526595,156.746403781369,262.659208290151,313.52122322435,-81.504994509528,202.013407382437,153.352488729698,125.805049990055,172.176891955147,151.572765905165,-180.684305110642,197.488540399369,107.681183853136,2024-10-07 07:00:00
159.410421792747,252.95105980056,268.411130060268,-46.7380802554328,215.005619997583,68.0520342528872,118.251389211356,234.471609637324,161.688166221876,257.572874247042,305.224479315621,-78.9889789872293,201.656182067819,156.587623042465,134.99653519361,179.133354136121,163.697928503091,-180.720050307711,203.160860163855,107.414967090846,2024-10-07 08:00:00
138.430345878083,244.178841213733,252.506656319701,-82.205824615996,192.621863690991,35.2698864616238,97.2783149074839,225.599616384224,147.425411284816,242.525350145899,291.567769734282,-96.1661070637205,187.40519626553,147.987175852278,116.777508205579,160.650041332509,147.805011633224,-198.800819141212,193.818544243771,71.2395167104025,2024-10-07 09:00:00
125.598872540768,243.637147163164,245.014296030742,-111.404531305089,184.133974763723,-28.2797456975216,67.0705650190698,208.268496858152,132.058461148776,230.501849271147,273.093020395243,-104.766557760376,169.226620370293,140.789400832265,98.5195337388786,162.148879827963,132.408689903659,-214.720825448077,173.354506418455,65.235906220233,2024-10-07 10:00:00
117.644463203968,247.477551493408,239.496284317879,-118.458581440253,182.991368420066,-37.342748913625,38.4911913234072,208.301720396658,119.05907372076,227.481037327668,278.746666367256,-112.085216568123,157.749115226296,143.958742362042,102.200168436738,156.365804189622,121.522512061259,-225.327147187059,176.90382214779,43.7978553796238,2024-10-07 11:00:00
117.73513649951,249.486000632333,233.845502771953,-118.807043840009,167.085149459511,-37.3203825206991,43.2716885628698,203.946705372705,120.569924561164,223.92893880114,277.808335304454,-118.032730228786,157.585969107309,158.187474464068,86.1526601001078,150.174658001483,102.082197984248,-231.365992717206,171.500637341973,46.4982002976476,2024-10-07 12:00:00
114.132731344183,255.964074382356,241.784362254195,-117.347497721126,161.599787239524,-64.6396497234769,19.4677162791627,209.885685699836,111.362427860193,217.350400453013,279.548272759767,-110.540273206684,155.658383484214,162.595673980627,83.9078462675003,147.884726704973,103.250952633155,-233.690916377886,165.125180168055,19.3751325469049,2024-10-07 13:00:00
114.794508036112,262.928729034782,227.5201017289,-113.741239930704,165.489645103932,-54.2216823101131,-7.25629326954748,213.315021460621,115.155183819383,223.210050027099,281.089019015373,-116.689316694856,155.530144392473,165.144164393881,90.9922772965081,150.31341347272,102.334361930829,-232.550641445584,148.528874836871,22.6449080725423,2024-10-07 14:00:00
113.689658057498,260.767551642171,229.273197905531,-124.095337993001,166.048408051722,-67.5107356358241,19.9961087929473,211.431211398061,129.217555205679,220.535974216277,271.397584793655,-117.810047930716,163.109479027298,167.959724450192,92.5730842450998,156.85883634996,93.7748127781746,-226.091145855294,137.530343272634,19.0673292818353,2024-10-07 15:00:00
117.104865089878,262.847857183872,231.290804380061,-128.953075927742,168.763371936877,-82.8616432394424,27.2262392332188,219.646397419877,130.491413483246,217.781524969778,265.664278082357,-114.001175495872,161.158519646124,174.543544883934,88.2244616617636,165.936325857171,103.996160264988,-229.956994244534,130.524163889086,27.1874126663848,2024-10-07 16:00:00
117.34398881531,263.274948325516,241.792190234135,-138.173785226649,178.045757216371,-62.1963034139408,45.6085762289,224.382487401157,139.131969839816,224.59353214956,273.644332858849,-90.1121462112561,164.828558443308,188.133511804698,101.424481448336,166.772874318047,112.833543420495,-219.696364020977,132.558480423597,31.0951362707576,2024-10-07 17:00:00
126.048530866146,270.537753965732,252.291404138173,-121.665705098608,194.720303503801,-61.4033921060377,64.8695897380113,238.364363284776,155.421925978371,235.868406157668,283.661101574404,-67.2401094450474,187.621950141355,200.591044730483,114.690172180075,162.028198056255,123.752943830385,-210.634704182884,155.068090288488,47.4910567779826,2024-10-07 18:00:00
168.946176803962,291.525420649711,264.899927454076,-86.7328303045289,220.13327348059,-21.2495709705316,92.6496364642787,244.481552053193,180.735761338999,257.693629766777,296.504433554087,-34.5206011577536,206.111470101696,215.297446609245,133.435336656218,182.865245698411,147.563666397903,-202.930372103997,175.371564377601,77.7327375347652,2024-10-07 19:00:00
187.077772744911,306.821578366031,270.737767164748,-53.576351060282,241.550258943715,28.3124114870632,100.543921872921,253.625897919804,193.506472552567,271.026733245361,303.443125216008,39.1443633250138,219.522725844953,235.128251175802,156.324278516509,197.910528509256,154.916191994316,-190.054882531736,190.980222468026,108.048814394432,2024-10-07 20:00:00
190.482404740884,311.51923881155,273.032309855412,-63.6927379033971,234.892712677292,-19.0019966913403,101.510418886294,257.626858473697,192.79934256817,266.817761595292,307.220511031618,31.816749873754,227.442974919767,239.311011620238,161.133431957769,207.018149633716,175.674582243244,-185.448052797527,197.124058220822,119.395354030987,2024-10-07 21:00:00
174.343567518349,295.115460777476,268.695728167309,-78.4899531671565,220.928499297438,-67.1799353865496,61.512965480951,241.870048141823,175.437208394772,255.666728093811,290.36452487628,-54.3364885624594,211.047891369766,224.77250599541,147.076705317462,193.793367222556,149.142975673998,-204.448218166341,189.70773961553,95.6551977653047,2024-10-07 22:00:00
160.418437132285,287.911278808148,270.103838231395,-86.4642581878525,221.036446801083,-71.7371315959374,39.9731782301605,223.970379666544,170.82913623837,250.593877740915,286.678919218425,-52.6229039357302,210.074882582719,227.152880027199,151.531988776215,198.608862835342,137.941867280724,-208.384381432365,187.837310784437,88.598329997323,2024-10-07 23:00:00
158.51159166968,280.412887007194,274.72983566816,-82.6854644910964,211.493675760643,-71.6551210467641,57.3972275744409,217.312246082496,161.515579604291,241.065279143373,287.825632388589,-68.8230227122586,210.889258963029,214.903608653483,152.414983639695,194.394801529577,144.938595701161,-215.930048392318,187.365655472001,83.9312269914677,2024-10-08 00:00:00
155.623444212061,283.252804341242,279.409853650541,-78.7746376434741,196.260268935615,-83.4428761265217,52.7251801280994,221.525639169134,146.146668675521,243.985736552725,282.088538034871,-89.7041918345272,223.546214058683,208.89987439468,154.382521807274,190.562913828795,142.305838264573,-226.57893528919,185.164722728328,75.1836213763228,2024-10-08 01:00:00
151.494878963325,276.554732942845,282.841916150584,-71.8002261905319,189.702943591358,-82.461805167022,42.9668770468349,216.525608363571,139.219371786824,239.689817136021,277.588132204353,-94.0775780895056,229.511975920337,203.689386102941,151.156100429761,190.038020244677,130.600926667907,-235.627080491812,181.611269978836,64.3003104498409,2024-10-08 02:00:00
151.117444079616,276.830604989296,286.19273977221,-64.7213305779574,193.04353674492,-87.126663150234,46.8709180960129,214.61343286086,143.312583193789,234.979008224115,284.55658456408,-105.791860395767,231.884112974128,193.722656594251,153.256180084888,194.225817493647,132.852220599425,-230.812245333436,183.136541534439,79.4157523054928,2024-10-08 03:00:00
152.279748269023,272.182130969826,288.989860564656,-70.2678395951047,191.427235826887,-87.5200579870847,52.8411921046968,209.951504420113,158.153786792652,237.069516856983,280.712663093123,-108.459980678724,234.381272291671,192.643198698297,149.117261786537,196.167945725356,122.717075245608,-226.726415356291,179.704176241196,53.2517865487804,2024-10-08 04:00:00
166.406655194502,281.801646083811,288.094214073336,-79.6954806924437,185.744884195465,-87.7135254686942,57.1547622860277,209.745741011218,167.874070481252,245.629453940622,289.445292378022,-109.519120971473,233.726963219813,192.535414217066,155.049026159875,195.349580255403,118.986279657186,-224.258175887887,189.740185457107,52.0294616203804,2024-10-08 05:00:00
168.716260087424,287.832955131196,285.589761806919,-77.5129006778929,193.16354772626,-80.9768300777769,67.3746248556319,214.322636727575,161.318789290959,245.855493062186,290.581205609407,-79.8908558838016,238.564515590935,200.699180497872,158.837538662254,202.00177799886,129.328459093174,-225.761601126093,190.436658430609,75.7702416399709,2024-10-08 06:00:00
172.926649164475,294.418581472011,285.521173314628,-62.2782668009734,200.112998608067,-74.389455033069,77.7120661351135,221.798983069145,178.174623827369,257.865704787197,301.413728022364,-47.9517802086056,242.031751595811,217.726295360523,169.389156259675,210.478564914765,127.475575638365,-213.757612771534,200.757098196929,86.9368534041201,2024-10-08 07:00:00
174.142007967641,297.62250430718,287.071757816449,-51.479778074222,206.616340920716,-67.798905706675,79.6393235278172,228.753144595467,180.347564451273,259.648839657837,304.003949675747,-66.027361737746,247.07912908323,217.128034301577,174.572860800937,197.379926760791,126.691469413361,-219.568263471845,208.830594597507,84.3774808662372,2024-10-08 08:00:00
160.48729828182,285.645431308998,280.09044713809,-78.420747887526,201.901093334652,-93.0520481306198,64.3839441865256,204.912763269001,164.842553929104,255.116303276575,286.750042306964,-86.6164421232038,238.514798061107,207.514747316659,156.397335777465,176.712325260721,111.101174643293,-228.137127136746,200.243706778847,62.0778790706883,2024-10-08 09:00:00
151.792975106934,280.941722149553,276.301654554836,-101.574319745058,182.398627137108,-116.478692889277,39.7580470409213,189.537281877877,155.801855786771,249.737218422096,271.781060703033,-105.083743978178,231.496804248536,200.718762370869,138.968993671935,165.380487157614,86.7243951706008,-238.731533530974,183.382059340473,54.678067763871,2024-10-08 10:00:00
142.648486758729,279.376833728368,271.575786738676,-108.177921438736,174.943205208797,-117.848503276253,-12.7637816403951,186.85275837312,158.441451155671,245.64666112316,279.6553454268,-109.768395071147,219.51991874438,191.801284128668,143.358071249091,154.574960622783,75.0430580034755,-249.258049918743,176.966585249967,36.4717435502437,2024-10-08 11:00:00
133.204946271591,273.228037335309,265.278054527731,-116.848285651137,166.647320558686,-124.330804376092,8.64933129569493,185.771894184569,157.588640545212,238.848518362284,278.145392202068,-123.220494067437,216.641881071525,194.809248635047,146.911022685142,157.346175933855,52.5404667078041,-254.41530183427,179.64564657351,40.4883771107658,2024-10-08 12:00:00
139.549462399902,270.108196348551,280.816932207706,-123.909118816458,150.582626894263,-137.649035772571,-26.8190349588181,194.926285085362,148.585867928112,229.810911001043,282.905817817588,-127.804436841808,209.602459996802,191.746462991878,142.545717218691,145.885641326143,40.9692318755934,-258.720044400721,175.102162311016,8.43263974095323,2024-10-08 13:00:00
135.354554117546,272.432548630082,279.778671151998,-134.909826121325,148.967916235169,-145.878341181998,-10.1266940007054,194.701876172988,153.876966607129,226.451564099926,276.869436090556,-131.051328399668,206.393290766537,188.754141874009,140.755410285816,143.231421643274,61.8494444722221,-258.639994182057,171.127125064504,-21.4204190220881,2024-10-08 14:00:00
128.668210396574,278.415655840935,284.748370435067,-134.889596223636,146.067907992491,-145.085160101275,-27.0149294318451,194.259927760932,158.762293646989,221.075076039234,276.446942983041,-130.28306705005,207.992345768542,176.43643509835,147.926436593213,145.975709171704,59.116955172144,-262.633396848364,174.238818924346,-16.2287675531521,2024-10-08 15:00:00
126.462216645109,284.48372733529,285.950189673898,-132.058347006566,162.144755263151,-159.156342700712,-10.3099043445513,190.938989019817,163.929147914938,214.173163072036,275.728438684868,-139.629322096202,211.164037651918,188.036376854029,146.415643344249,150.92920672522,64.5841945985545,-270.064336968766,175.02064241594,19.1624366572509,2024-10-08 16:00:00
129.613263338565,285.450102695343,292.886561809407,-131.749926357165,152.517247886968,-153.332774550293,42.1136388553943,196.782501274149,176.122576245264,218.714281349667,279.47484939297,-134.443132113661,217.473454552633,193.570843156895,156.000438458789,151.976235092321,61.7128860824518,-262.847669429542,167.731157977747,39.548185404817,2024-10-08 17:00:00
150.42693382311,296.568294454878,305.525412251318,-121.475754778854,174.459709112234,-143.484030284101,71.7861240667572,200.24164595158,190.6514270665,225.100630156479,286.357636586009,-134.119404402819,225.686440934169,201.394407853672,166.904909890424,164.821047593641,87.1688173555567,-254.523412377269,185.601414741531,50.2855245676483,2024-10-08 18:00:00
177.660512407239,312.017573517522,326.130905763163,-94.92166023779,203.200489065873,-130.176181695448,100.547248363411,224.823183380383,204.278248286495,253.966066887561,300.903733856418,-105.817505251357,243.101439523342,225.125983810143,191.106441224674,199.183862288773,110.876566527642,-240.146141657903,213.510205045398,91.3111067085684,2024-10-08 19:00:00
199.901556725627,325.669042044268,335.938523930926,-76.128210429233,224.945613838918,-110.142394608483,124.239678197242,238.224979858579,221.183776380462,273.873849584724,313.586333087633,-83.7706709734162,252.701909227476,251.711633094677,210.901177507689,213.875307884606,124.107746003743,-232.764139142651,228.375295590855,120.189733760372,2024-10-08 20:00:00
200.369634731108,330.055955223953,341.737551795917,-87.3501075048606,224.979654138268,-107.6832174855,113.381949927208,241.878503658353,215.924837626963,275.986034181072,308.311202641153,-69.1858892258291,259.464162318139,251.980847686329,212.723164970809,217.575431651993,127.40366744597,-228.679966188329,235.236998503342,137.964036771437,2024-10-08 21:00:00
183.241459068602,328.271982389362,322.663555412616,-122.358999193646,207.358778749361,-143.430932180394,88.4903201484011,230.28247996938,204.772729706972,260.25404890441,290.847926786528,-89.8742517463832,248.174916999237,230.309720824577,204.678456358708,209.705903723975,95.3117560962026,-241.1000992224,224.242947152303,115.432681627878,2024-10-08 22:00:00
171.513799419086,319.789185364527,317.577977940787,-121.837013584778,211.757631601561,-154.628932135152,76.5469487634191,215.914808696463,203.844611552673,267.493929307367,290.406067338433,-101.882990887737,239.411332282441,227.429169844158,208.137736463738,213.055644738146,92.9869656836382,-246.14968919216,215.46153424808,120.799629726601,2024-10-08 23:00:00
168.439979088438,314.862750006444,312.005779711793,-125.156062338365,199.109954212219,-145.527929238447,80.4877002351072,215.224696395454,203.015855198499,260.439886988765,288.181367009315,-105.379228913604,240.487965415275,212.349841132996,208.245383904591,212.001126687059,86.4604713739989,-257.519611124038,211.488594300727,117.215463434939,2024-10-09 00:00:00
159.25556597623,308.492330133594,317.025214514834,-134.659010379646,196.096101930967,-153.566647166264,76.6770524048366,207.811294483601,199.158077535304,258.793527013666,285.986564579494,-104.638023279318,247.169519499517,204.857899041456,214.44205595569,202.535820426405,94.1877568370864,-255.52658132969,206.559806767072,125.4618517831,2024-10-09 01:00:00
148.549139050388,307.484789487574,316.943415346853,-128.623915279926,196.768623600665,-159.297021746547,85.0090721103285,208.698570898795,181.806286325711,248.335598236659,284.215957715602,-102.802515380947,251.037774093919,201.849345291819,212.595957342349,199.223880644791,91.4437039235873,-259.428526032049,215.806223315869,115.708859050377,2024-10-09 02:00:00
159.681858255409,311.155715426164,315.112024387684,-122.309047255441,202.381717342183,-167.181266730434,81.1800202989413,204.167473798845,175.091460407295,249.81627591205,290.424558149003,-117.296717490259,254.334571726396,193.311311759828,210.107940756494,192.065126794734,91.9406281294619,-256.320742149295,224.009867638649,113.718426348736,2024-10-09 03:00:00
163.741810188516,315.852866846716,321.447972293346,-120.243164671921,197.230582437778,-170.510259935729,86.7849341600657,198.081445225227,184.048970007487,250.815648448349,288.491595266135,-133.964877737875,250.813323429658,201.08355096105,204.428749743859,185.20548333862,73.5894215048942,-248.298353406743,226.636779089012,109.40876498676,2024-10-09 04:00:00
161.147911369303,311.435578021378,326.71461926475,-122.300116710123,193.737292206148,-168.224298398507,90.7070364882228,200.294745300615,187.987962076564,248.980084423839,291.335772371556,-132.229107224486,247.20204517315,204.242053958188,211.08086679562,181.132657756566,72.9070191709194,-245.777963394929,228.888470766656,104.707044034445,2024-10-09 05:00:00
162.109598034333,316.3803942899,323.555102415215,-120.395630539313,202.512906906078,-168.275730676842,104.002530897907,206.83966007437,193.536188584962,252.72648476194,296.285875976284,-124.637559725565,257.692447202736,210.147679160034,213.110029020785,191.98866777287,79.5942999960543,-243.108925111898,234.302374718137,107.834228764677,2024-10-09 06:00:00
164.421956262591,332.201455498663,329.804869282444,-110.06617291973,211.867996019339,-158.75048492432,105.924355648122,213.828375419519,201.108165455959,267.103048339984,315.210175758232,-99.2389869358843,268.785472448071,230.964450532056,221.9778738243,196.419651826781,90.1698217087944,-225.800461262348,236.213751675916,129.544393951915,2024-10-09 07:00:00
177.555804956028,332.844095875597,327.095546418211,-101.555947914166,223.06907455916,-151.764718300542,111.563577592692,216.649540446293,205.698251060544,270.094918331289,319.384730327273,-105.539855438241,269.748588195079,240.355868446737,210.415215648578,193.913254903718,86.7334669927353,-229.028137203178,244.499857587413,126.773739033725,2024-10-09 08:00:00
171.858295023694,321.609396458252,315.583830440366,-114.972018821231,213.565073844819,-165.668247715242,94.0077871739811,201.509587423864,188.476313797503,262.642355681972,311.440199094615,-120.274576783518,261.860891606049,228.087277389276,196.166306625148,175.16417390633,81.1841040695526,-236.915726767829,238.942496600358,118.631060503468,2024-10-09 09:00:00
159.547126722249,315.164664759376,315.525560088101,-121.482069121426,200.932588711545,-177.23722173894,77.7929565249752,186.708844607129,172.690091240494,258.725380590304,297.397050905565,-127.916339252726,259.541328484241,219.657302908351,182.356752923672,165.27048379873,67.1124520578367,-246.759902672617,228.309672919469,107.912265479722,2024-10-09 10:00:00
156.333198162014,313.617218805644,316.773781447318,-131.494137228491,200.693381690439,-185.980823630531,53.3337451471402,187.827821528621,167.576913557607,250.780974928299,298.039605385281,-131.050430374143,253.061084814567,209.446533338823,192.378857491161,150.245565449396,42.7609652594814,-256.009696514105,223.09705151744,100.110594471036,2024-10-09 11:00:00
149.811572730845,313.498667238651,317.786241862087,-144.241480671731,191.567663122565,-190.713819867017,55.9465360596043,182.261184373917,174.915961955127,245.229540179233,294.411891482467,-149.096611637349,249.590935588527,206.193666561061,185.03472804256,153.299463036497,32.2904534190037,-266.792688783454,225.560057264295,86.4281447222967,2024-10-09 12:00:00
147.047298844521,318.148270913264,318.747162995619,-147.742134079546,192.099672259504,-192.490779598867,79.3123826691657,183.801291882422,171.97473913899,245.245899753892,299.113079510998,-160.829425135813,243.57262280742,198.378012550786,186.188246190021,151.557639401464,28.6140229555594,-263.150534583525,232.34779371704,77.1286938028689,2024-10-09 13:00:00
138.778466093311,318.508597615609,307.834916882652,-132.210068528786,185.542817814088,-194.727883103215,92.5306562658117,195.338485436575,174.00238529438,238.732240992859,299.214088712368,-166.842408538435,235.910920479121,203.114540715906,190.64564312825,154.3335460445,38.1118689677188,-260.893522890662,220.368822378178,66.3958812119857,2024-10-09 14:00:00
132.919025326537,319.519639717572,302.825603995993,-137.24917799921,186.415984919594,-194.950223931529,98.0118565560715,187.422134474639,182.674146229902,240.576532497193,299.467863669478,-162.061261744714,236.439455898905,197.634391237436,190.83439511422,150.285074048114,-10.729116584094,-263.67051213566,220.592271198772,84.0074398681985,2024-10-09 15:00:00
142.088368926669,331.611564124374,308.555973062104,-127.654807219464,182.996579921754,-196.41831629448,96.3300885876379,190.343375968046,182.009031306594,234.123844460725,311.427263940061,-155.524571672386,239.170265931408,204.123986100206,192.113271702127,147.171556679674,27.06065401366,-263.714899124991,223.782590352448,86.3200473289768,2024-10-09 16:00:00
146.873978333815,336.905196508721,314.56460621216,-125.719038542052,185.909200491311,-188.286804378382,108.435504731171,199.063962931535,190.954882445409,239.641403846358,313.259984337807,-137.839434265715,244.699515482865,207.717520695971,203.404097852771,141.431035344404,22.4061174777316,-263.525830654805,218.028108638492,95.5884553007157,2024-10-09 17:00:00
162.341903310667,345.339805102802,316.140045197267,-115.900661858846,192.96266918728,-179.943227066077,121.190378242922,205.308736657601,199.891462170764,248.600989310382,322.852436608564,-133.512390486541,255.390729691825,208.925783911049,212.288143497055,146.307087101112,45.7245727343539,-253.958133024078,234.942507855232,110.544761092551,2024-10-09 18:00:00
187.976492821866,354.002091759496,330.653506903434,-92.4725646176943,212.607875765242,-168.06562179409,131.048482818934,220.132932462473,220.221357193891,266.16607448953,333.620911354721,-112.276390615299,271.573766405541,221.387323352586,226.388781434695,165.865038155944,88.5170490637338,-241.490323570317,261.365042107106,138.989614394826,2024-10-09 19:00:00
213.022280897942,365.402047524958,347.338612426684,-68.91080085313,223.177836880891,-149.312762936125,148.353915512829,227.473316190244,230.683008825057,282.564725759253,342.062053809792,-87.8447311300316,286.02414308892,243.307059048994,240.112068271833,181.722495435149,104.960257867263,-229.058592580067,280.071833547605,154.387494385139,2024-10-09 20:00:00
212.917535397765,367.891080528786,353.553628360076,-55.216455392544,218.690359495083,-151.900794555921,147.104468890121,223.17068408961,231.556541970637,282.764322979081,346.738845188264,-70.2679527722168,287.519666700789,242.462633929486,232.071319275982,183.717878454949,110.96454276052,-226.388972808377,287.28847950153,151.959017860338,2024-10-09 21:00:00
189.715308468843,358.878982871838,336.715750642497,-83.2913167167171,200.576553414032,-166.400714312732,124.692157822486,207.378292149417,222.992721489594,272.612732792676,333.21263980182,-111.808076933167,273.524483952477,217.657173164619,219.304703632766,171.0639286715,74.0272374760635,-245.982991466749,282.269862183919,140.66232085966,2024-10-09 22:00:00
189.040773180722,352.128871715535,327.110925840238,-84.2691032475677,202.604194356241,-174.950846468067,111.521419151137,205.939265500338,226.148051905127,267.720657529414,332.869383800674,-128.36133310966,269.384417088836,205.928383027529,218.421135377382,174.409422467725,57.0125527305075,-250.376070729246,280.671444053798,141.115378028777,2024-10-09 23:00:00
183.862494971848,345.051598650028,321.119667231236,-83.8585152053692,190.817272497088,-174.45943160503,114.980920867159,204.478613615008,223.48500824755,266.782017044351,328.037697959099,-120.357609445451,273.361869870879,193.033618714573,222.641906324811,170.734676532845,58.0792846377855,-259.261378744521,276.48191046238,147.111727863715,2024-10-10 00:00:00
174.065186489702,340.923529133565,322.762152442038,-70.4706603059164,181.475965877369,-189.209762630992,124.438832434828,208.097500027552,207.335841931042,264.819659515434,325.329669001876,-119.060742629216,266.172819726177,190.337407591628,225.553164470746,169.976196203202,66.4952449540103,-256.39331261688,272.733122497012,149.421939893132,2024-10-10 01:00:00
163.308712415495,338.177611661958,325.870528170222,-63.1795542113796,187.60340927911,-194.448106437149,133.215454597368,205.472389075759,208.823763290251,257.323527148481,321.160276110087,-134.294954563275,276.413380363693,186.030248697681,229.390297847977,176.284036403423,49.8689549434424,-249.111907209897,278.125982913379,149.848386546101,2024-10-10 02:00:00
156.879359731539,343.064899818644,317.622696751186,-73.8315770832162,197.837148545571,-201.957104352281,134.379178357083,205.513099959214,202.187103444284,251.024267776707,324.659710023182,-134.814043191748,274.046168466773,176.923863633075,222.440756913048,177.339637723448,41.6120748515732,-251.051281433272,284.876175731855,161.801520937357,2024-10-10 03:00:00
153.978557681779,348.082362713737,322.746926480536,-85.5012412921247,200.729857377672,-197.106136702918,135.568881170319,204.173361326338,208.432757678543,255.932264738423,319.380929922469,-137.205177260433,277.448439867063,177.460009908636,220.399579672993,180.055886572352,14.7691330703668,-251.420274262189,280.0664775933,163.738972228982,2024-10-10 04:00:00
159.803776923895,347.250420844002,325.296869647543,-98.7851636920686,192.897766278283,-195.71013559168,139.10915745423,206.08004456533,204.610883324254,251.050387372155,320.130383155595,-141.212095838849,277.253704753252,180.078547917604,219.699431972834,189.086712240407,-33.4118586327219,-251.133720120389,284.57303883643,165.24158942543,2024-10-10 05:00:00
170.746955814855,344.376221697759,326.98233945031,-115.299109198013,206.471706595104,-192.741722458714,154.369472512215,212.495731641017,204.300881107176,254.925667672688,321.149076543228,-132.098197500496,280.667311954365,190.940536217399,222.041385756497,198.271358356588,-27.8853283312131,-245.298211988396,286.330705189581,163.512882802015,2024-10-10 06:00:00
182.897520505047,351.08822268847,326.56163187781,-95.0950209292576,209.131609435519,-181.976357994128,169.17414092714,224.001996160303,223.398588940725,263.227910413219,332.422043272202,-111.316286822594,289.006857422117,206.000961321881,240.58140530646,208.705378724276,3.28607230432859,-235.023771298287,294.046170507615,175.767997387511,2024-10-10 07:00:00
184.469540992094,351.20438209942,324.094232079855,-91.4906356612156,213.52072386291,-182.155989035227,168.318599467519,229.897632323635,229.070168842182,261.693559893367,332.944607911336,-109.133670853508,279.758943764921,209.321736158027,234.119052871363,209.852838557784,12.2441173756408,-233.538322448804,294.782728407169,181.095331729183,2024-10-10 08:00:00
172.519123680246,341.358444076737,312.603315828687,-108.300762861137,205.004640184307,-194.445911880882,160.884332773952,220.236334907432,216.463563830753,252.156428534655,316.718826413569,-121.153487169284,282.083580457429,195.026945640024,220.714177693372,196.177239725307,-37.744492913774,-248.651399033771,283.440585768833,169.617756660522,2024-10-10 09:00:00
157.341892300088,332.504031938983,310.717033741137,-114.356773339495,190.867738256053,-199.972006377553,140.942894891669,209.36847840418,209.199847825088,243.691059804321,306.623555739531,-123.459146555363,275.12820094727,179.960190359065,207.964302607735,187.010477916036,-52.1318335476319,-258.338479612306,273.016199123294,155.156812078718,2024-10-10 10:00:00
146.955547060413,337.435448707267,311.895294059747,-126.131642885081,186.583165207582,-201.916692878585,119.853616436581,206.288232857604,197.500652675965,237.227748075743,309.869793415679,-128.109476174136,270.782242099513,172.148789410121,208.851451991467,174.917316570374,-35.9276785989773,-265.7904044779,261.882417239092,142.851256495333,2024-10-10 11:00:00
148.359240252868,335.091912157044,311.169240719888,-134.385529416542,180.035991196418,-201.885637873353,129.773990088498,202.671953354749,196.843056643588,229.156019210043,314.547536879465,-147.375955399299,267.064502145862,163.837341420285,215.563030166442,177.805435867124,-67.9389921577742,-275.32409876373,257.248758328058,141.018276638809,2024-10-10 12:00:00
141.20616581983,330.40956616844,319.216325433635,-135.947218080429,179.860245313901,-209.837478127366,131.308063775614,197.302551389031,196.302215441762,230.689904143742,310.474690451971,-151.407342424668,259.797671243189,169.969062171996,203.495823496134,170.758791158904,-87.3704558945407,-277.370871901913,242.483518757043,134.901790754116,2024-10-10 13:00:00
148.674707180733,330.209910601079,312.319125780219,-132.899021499659,179.435716842454,-211.191648618444,132.663221301766,195.254039261528,202.958112437446,233.056552581135,315.672362680362,-169.213735278328,263.180893431722,175.253417858747,210.031207204583,167.023111890812,-82.8565646219819,-276.259266972551,235.462243682287,131.842467768287,2024-10-10 14:00:00
147.217977608182,325.959719622407,314.646746972956,-141.974814492368,170.002975450932,-210.628948406415,139.173205659775,190.803945492792,199.933254417726,238.96847067088,310.393655956219,-171.53195428551,266.607255995342,159.044510995828,207.423708462816,164.499385682399,-79.9533748771693,-282.683580860987,244.165279488512,137.141178793226,2024-10-10 15:00:00
148.7471345427,330.167187225048,317.67203914404,-133.131180783679,170.678444273399,-214.523210777719,139.212813763742,198.492639032467,200.500908095562,232.27565817168,312.015546746118,-174.232953909624,272.015874464915,155.329418358325,206.250592740308,161.993353444427,-85.7109354418589,-288.737822617479,239.882491889751,138.571530024477,2024-10-10 16:00:00
149.535332976945,335.192432270269,321.316596257092,-126.415990070491,176.852926215921,-206.70056237344,141.547134248785,209.358565487482,210.368635689168,232.026892905619,311.259019740834,-172.116430563299,275.263992058488,163.800087993055,219.786038074652,162.76399376489,-83.9207556120984,-283.282784000952,239.641851994265,151.685337059084,2024-10-10 17:00:00
160.003386089981,344.287828243784,333.350048773416,-115.041044172461,192.464114972452,-188.114395324809,153.121230030963,213.994319671029,239.235860973461,236.467627001219,325.194009211117,-166.871019952283,278.188974985106,159.303600741196,236.090342093158,183.27033922744,-50.8956416302129,-276.755093158595,248.38010136064,159.900458419809,2024-10-10 18:00:00
177.206218541005,350.581834167746,353.133974372977,-97.1291505137986,211.703180122586,-175.833958031822,161.208097831437,227.814649107776,263.700937999564,250.361911117811,340.169447072382,-119.712785147512,291.424443270604,180.450297276426,258.667805661564,208.072721978377,39.927340932986,-272.284817172438,269.289862125692,180.120649721951,2024-10-10 19:00:00
196.197684893068,362.648537777263,368.675033995211,-65.9562381805529,224.454396937472,-155.450275173009,174.664288837013,248.952928940628,266.589136691105,274.720401743697,350.390867459032,-101.879623488445,311.196950728024,203.168060942685,281.150731099419,217.988776199185,68.8517310836336,-256.05758137216,284.707389413465,206.442863954597,2024-10-10 20:00:00
200.633465015276,366.945897018577,370.577156442054,-48.1525900511224,216.241680397603,-162.060592909855,175.329689089293,243.82774988532,268.650755915241,264.778053291471,354.245293130232,-103.251930717876,308.86735894712,201.07185044335,272.704934899253,233.029125672817,78.2095156247951,-255.222207902252,291.781283333655,212.012888586917,2024-10-10 21:00:00
182.805448359305,351.592908862922,355.294097439495,-65.777838729008,196.956807082491,-179.8467427343,146.624614192411,229.926534560595,257.099647331069,243.593119325962,352.414029301597,-132.077703067982,302.96802008784,177.521535412006,258.445599531774,217.263772141478,46.0693455640094,-275.781224891736,281.93661320486,198.320211777472,2024-10-10 22:00:00
170.766311872948,350.331886255707,356.276991297227,-62.0695135914437,196.004023718929,-190.829493120337,138.11989648344,226.504981676902,258.658004926552,239.05712612872,349.108765665781,-143.204938205071,298.350252922934,163.699582622567,256.000769944657,217.532945421518,28.1455278633154,-274.264442003243,283.090527839063,190.96368671243,2024-10-10 23:00:00
161.822354994164,348.947541960986,355.192264350784,-73.0997865855822,182.884160322444,-189.079160159217,133.244789331059,221.734559651668,253.056630256501,232.107319272083,347.540399949994,-122.008545498897,290.137832403797,145.609737108483,257.164955858563,220.940363359965,45.7047907739465,-289.126314647563,273.471778153398,181.579594900023,2024-10-11 00:00:00
152.533459602819,356.406024172186,359.307294136104,-78.0848166475104,180.178591953243,-201.21285269515,138.716657229613,212.987380730238,251.248585537456,229.956558269244,346.460994470081,-125.006124664149,284.418766734332,138.437414520887,253.083141072068,223.774203134463,39.0888673612851,-294.279630716286,268.816950056612,180.771892425762,2024-10-11 01:00:00
156.68565321969,355.536146603251,358.523992633364,-83.6629874499356,183.086633085076,-203.169967166884,139.335305504066,209.747152413927,245.414211012191,230.794968616967,345.743462531259,-131.118731425477,288.151441981094,125.427583439714,251.273771406111,229.825046284722,14.7064404311557,-291.137998678869,271.016630645025,179.149471444547,2024-10-11 02:00:00
149.015279475379,355.521770472396,361.06192806209,-87.9605260264571,176.670640433268,-199.499101748301,129.214175566573,222.037902884058,240.258800852754,234.230472654926,351.674398302811,-138.286989394701,286.017831613353,114.765305391435,248.754441697672,224.609396596424,30.5452714687585,-302.535167482285,266.521820337182,191.294791719165,2024-10-11 03:00:00
146.414946364305,357.333282625446,360.043861497588,-86.8080283129422,176.356492392828,-200.214152380261,131.2338548024,220.298296329225,246.497541323316,230.555041755376,349.883875997133,-135.208476782843,275.179711406701,110.996169196095,236.709886366471,216.709647054964,19.5207012082178,-298.696015365704,265.786762319157,187.78645611794,2024-10-11 04:00:00
162.232111756878,358.223936567419,363.470456606212,-87.4750353883192,178.398937776554,-199.463403038192,134.205796002363,219.237674879758,245.748877079722,231.998456409484,351.599931353783,-136.073523960998,273.576748617924,114.329852669732,239.70610828393,226.383328094571,30.5522189568378,-297.547577245891,271.53935455321,188.197038169175,2024-10-11 05:00:00
167.996805821202,353.396572225562,361.439594609743,-101.692657172813,185.843211757587,-188.767334774113,143.985777790951,225.351050076432,247.844695095387,228.281558576596,354.567041038933,-124.054850512077,285.03630729104,126.832650355988,241.421106212345,233.144906140864,-7.15744000777962,-296.350268976984,273.247309435658,190.474188367347,2024-10-11 06:00:00
169.890213089121,355.211134246393,355.595864155956,-102.951789672708,192.946391559848,-167.523238868034,155.167493567537,228.056379534338,266.587450050329,241.901273185857,361.514343078177,-105.59774531832,291.884900674516,145.196305598096,257.361684031911,244.498022748172,16.3711675178505,-287.116671951288,279.163787191131,207.536747866406,2024-10-11 07:00:00
167.713165534762,356.525143796694,350.835548729475,-98.2026397293524,195.41576777954,-150.345911409573,154.270458161157,237.420689312327,268.757356296139,240.027758495233,369.64037197533,-116.778329031835,297.549444081139,153.005751431227,252.664061120458,246.193168291408,18.8465861461287,-292.025192190055,289.748271520216,208.084051064234,2024-10-11 08:00:00
157.012600044198,344.346106507954,341.494707052421,-115.228504541563,180.681260693759,-167.208844564939,139.977271599794,228.395491541369,250.453842562799,231.678203168996,365.647645526881,-138.327408329737,287.909815773251,138.860273599921,239.303672470681,223.334620572298,-38.6899050154631,-305.62425913759,285.796873751007,196.301741756263,2024-10-11 09:00:00
142.219888472852,337.570913284657,339.724274693657,-144.00632556201,160.709861060676,-186.528037155592,128.312401230856,213.689903647517,244.148413238453,217.814739321963,352.823397231091,-148.915104478374,281.283961631363,121.485665478999,233.142296474344,213.197904548249,-46.4885137297328,-320.675281431376,267.306336794113,193.498744217817,2024-10-11 10:00:00
130.856452907888,328.02770080623,329.872105354344,-157.404331742339,158.370358766392,-187.497393450356,125.617481793936,210.593767185478,234.762896231147,212.029523503753,345.894741837232,-148.228067599833,274.157263251927,111.370688548779,221.388926510838,209.899215908842,-68.35307696004,-327.805541015587,259.557100077673,192.074624225378,2024-10-11 11:00:00
125.795129839174,319.194044536864,321.989593156495,-163.010418541112,143.780482607379,-187.726796597715,113.65247522994,205.063602346849,231.957553535927,207.328840153956,352.686448653367,-156.129018135758,275.785344137144,118.757397297242,223.4682773276,212.745031326043,-78.7044755750935,-334.415542927687,255.883188730975,192.619558942898,2024-10-11 12:00:00
123.878341364421,313.629959540395,331.945217801645,-157.545430378652,136.39011986527,-186.062624242363,110.539815041602,208.378537666626,231.968152088237,199.792029036755,355.12118567507,-158.372942560908,264.163809720011,131.045701081853,219.868215126645,215.813025265986,-73.936501692697,-335.245814095891,252.823100907262,185.621781635412,2024-10-11 13:00:00
133.569410343071,317.560379992052,325.965983957993,-168.830629127542,128.633011273532,-186.68050677272,118.560927344647,199.662243289188,236.065250971663,202.239596152925,350.356593923045,-169.768779376295,263.20655493999,138.349404637708,214.965393928692,212.975285606413,-65.0506660209997,-336.335342791603,247.895120022008,185.657426056058,2024-10-11 14:00:00
132.019686770415,312.234453985051,327.413564277858,-181.435240567242,119.641521174043,-187.097504944879,110.914441845714,195.047511020551,240.90612740302,218.395578200029,344.465007353394,-165.844089869754,270.437826374655,123.381297783077,210.644681649542,211.310777435739,-86.9976810048115,-342.235175762805,250.516906530204,180.119880054156,2024-10-11 15:00:00
138.812560480331,311.242956723516,328.054606861532,-182.996040291464,120.396886766172,-179.667594743074,120.182957139432,202.628293242259,237.972416331059,216.36490565346,341.895825130481,-160.005535278381,267.708785070464,127.479860726814,204.749902878233,213.099582462278,-89.1161584288254,-354.836439294145,249.639433836874,184.817948439855,2024-10-11 16:00:00
147.357805873088,315.944884727249,332.453065042352,-179.5672104498,122.637157025104,-170.305565870087,125.125609546762,218.190741949583,242.11685167575,217.748642583396,345.097530933699,-156.049425486021,279.043901910312,141.851054342827,214.197080829126,214.210618705058,-92.4650620197813,-348.816502537506,253.79899287066,194.094602594599,2024-10-11 17:00:00
160.06749404513,322.732252952992,342.795408405449,-166.112030463758,134.871156859018,-154.83250985986,140.811520652458,222.184480068539,253.504614646791,222.973231977849,353.112427279788,-142.26645347327,285.163508903719,142.04696639765,233.003168247802,221.111082833339,-80.4014108724698,-331.77725551882,269.745511223317,206.292738987446,2024-10-11 18:00:00
174.03096039809,335.255350468947,358.061898363295,-147.774105742179,157.457265188113,-132.326987972664,167.686942008103,231.867754922118,269.789372304095,239.902536462597,371.880197163917,-112.542057994178,297.595784056132,168.676055250285,251.774559196608,235.164417191463,-46.7087294677697,-319.675068793626,278.021851986934,229.620422317555,2024-10-11 19:00:00
190.379753052766,356.230329529823,369.657818158597,-137.523045011747,167.49573445132,-110.966237263698,188.466394737538,246.902859114384,290.24818408609,258.630437258201,389.638047376633,-87.9503177880551,307.335217779949,181.915566509746,266.154426648955,246.024046438951,19.8097719786385,-307.402367186613,297.048608264476,251.305959733582,2024-10-11 20:00:00
190.719624182399,355.586227748218,370.840575889179,-139.735436234551,164.606756861721,-117.130036058606,196.593032859986,246.819968531968,292.696717536879,252.873913287828,394.873494312058,-75.5401056676271,312.005345366173,181.548379250652,263.993180798102,244.815303516208,21.3854730572786,-299.056231218189,300.068136472207,261.763306255222,2024-10-11 21:00:00
171.5677882027,342.533252664676,345.633837072011,-160.083993271472,150.665089674807,-142.152634480781,163.953302415743,236.735305158133,279.873910980335,243.875966756109,385.304888548252,-101.48230304769,296.728810609225,168.515603748554,254.293121790656,223.300720028947,-41.5088943958052,-312.144591203294,278.344329028051,246.680954520837,2024-10-11 22:00:00
169.398224753473,337.056456498824,349.774420261007,-163.974730188886,141.544568713976,-161.637664929581,146.916628556163,230.995608329185,280.531242502301,245.687348399647,387.393899648991,-115.686317584952,286.428224016147,161.659902937151,253.064864414348,220.071342786394,-52.712935000359,-320.834888456175,281.935396550252,239.943857376867,2024-10-11 23:00:00
177.904941127565,338.916763723073,355.547691898152,-159.382921166133,119.385800325338,-154.929494304172,148.979909420208,225.39545162507,271.899716005609,243.722218248848,382.891560790715,-110.7133321867,282.266887126118,154.03235748782,254.530971758482,211.41375256751,-65.8562857730183,-325.640604376524,277.381186653206,238.597732557616,2024-10-12 00:00:00
181.098628267554,337.494364408864,352.788273322543,-164.844172275223,128.631107822144,-170.574920601297,142.293345913174,230.528949332275,272.072986968343,248.915092170289,378.48606754559,-118.48618221347,273.153215352948,148.400786857363,253.828819725186,220.770487033559,-66.4328646028557,-324.716002577951,280.101788019333,240.912784216757,2024-10-12 01:00:00
178.721965193845,334.873147773428,351.734286014666,-166.576318829519,131.713260475348,-175.99904799864,139.0234200001,228.403108301285,268.120381139946,241.67194225326,378.175411100397,-123.837479988821,270.849856706831,138.137196783276,253.778749353125,224.556729729426,-63.1336977447464,-329.837195037057,280.846557416343,232.901245598519,2024-10-12 02:00:00
166.579572709315,337.909560725625,356.800904255956,-170.526943949236,130.927395824626,-179.415979357185,143.46165389829,233.620907619583,260.699671154858,235.605022015194,379.398118463561,-135.371146813034,278.164078396194,138.935248169883,246.341610210809,226.23566526208,-56.669891872492,-341.222293652614,284.98887835105,236.262667175248,2024-10-12 03:00:00
163.074364207015,334.46928057475,361.506341557323,-179.779982631849,127.732620488395,-173.483283237634,145.231436918457,236.018102012317,265.717095064287,236.910559370726,374.520151876208,-138.395177035146,276.641576913932,140.861735147923,235.00950571397,221.36379810732,-56.4060776924347,-340.475879655959,276.840835137081,227.925286370596,2024-10-12 04:00:00
169.785427038986,341.917679070302,368.20452537158,-177.078398045326,130.92462606794,-171.09405936477,148.243359190001,233.657260492865,267.113292691897,236.227519561118,377.739541503521,-132.223263296859,280.129198969958,139.894088541005,232.322504290483,216.993774447048,-53.4977552417679,-341.945018326138,282.236507325066,226.675758615741,2024-10-12 05:00:00
179.713904508754,346.216178389291,364.275744017321,-183.023168910876,141.0030426851,-160.740267193014,155.365507619893,246.483094432294,268.365688172364,240.886224386553,377.699623032118,-124.091398455624,279.561363927813,140.018402526137,233.452429646617,221.122128753811,-50.9630733790833,-338.549213155636,280.582792682562,234.844281832167,2024-10-12 06:00:00
192.713235152318,349.345323632097,375.919231603959,-160.846493901466,146.288553617505,-148.990011559633,154.672459087179,248.038094074054,279.813535773675,251.492091213021,390.120534457994,-102.135657912231,277.231193827893,157.599451298706,245.221136425257,237.815992944077,-64.1713307360794,-329.420602113502,291.188392415342,245.224858469753,2024-10-12 07:00:00
197.377433746232,352.758174870511,372.214916501195,-154.873833125536,148.616016236113,-132.798238755621,143.903597000811,249.567594168201,289.738121366745,255.741576760673,392.059924242973,-104.874585495543,283.29252238633,160.240615080197,254.483523859005,242.886660585533,-51.2241260959408,-323.029764541495,296.352237791333,241.708057639682,2024-10-12 08:00:00
177.892960167691,341.590798928394,365.111427448668,-169.911977557549,129.812553773718,-145.486984551437,128.400162954686,243.196045960931,274.263359030442,239.362422810271,381.260185875293,-120.099583076355,274.715032964908,149.907493062092,248.232278064408,222.296797315363,-85.3994633774082,-326.408916630787,290.921476974819,221.222970054431,2024-10-12 09:00:00
170.477347844221,336.028633807103,361.539120754681,-184.676084697721,108.890356470233,-159.219502470874,116.047772037774,222.604913632021,269.281130008856,231.699836600691,370.950522127153,-142.19370780668,272.580647317782,144.188557854667,243.223134525231,202.472925354505,-109.649302503595,-335.348772016453,279.415891932178,222.920309192741,2024-10-12 10:00:00
161.456202806483,331.953845883039,354.597928176086,-182.667330220642,97.9604275326145,-157.853172701148,94.6144186246906,221.979273366152,264.868580999931,218.333000178479,374.486407868192,-144.075678605906,271.023036553359,148.248833091136,241.916625248624,193.317739087569,-114.961113244359,-344.240896988169,267.844325156512,209.671298756984,2024-10-12 11:00:00
158.477597871214,332.399442950657,349.707391520724,-183.459316619471,94.5415898514158,-169.436693563123,75.0280216307474,220.164865114311,261.765379632077,212.633520233698,377.673350588536,-155.971670139266,260.013084894861,149.698627005863,239.009711063748,192.285934994205,-118.823707919821,-354.561479158974,266.110458759798,201.957481568355,2024-10-12 12:00:00
158.020715755032,325.70459334047,349.241279217108,-186.488286558191,90.5695949541363,-173.420371295618,83.5207508435947,224.79645161203,256.831114537494,212.518279056486,379.815484356838,-161.954136021249,259.633643593945,152.683788329128,238.328421340955,194.907140708816,-117.709895517772,-356.79273382481,264.710683302892,193.87628281888,2024-10-12 13:00:00
160.384811305508,324.107241566867,351.047240954707,-195.26984114791,79.0902164821026,-173.582736697089,90.8239248859778,227.115769839082,256.598431291458,208.694806527049,383.012948159642,-166.514007793617,254.027218399019,154.888063867911,237.999536393919,190.867857877621,-102.877019922284,-362.587860383394,255.237326111485,190.029115153284,2024-10-12 14:00:00
159.595705090841,321.62096378683,351.573862146544,-206.682136851976,80.6069986869563,-179.208194291436,92.2629116294699,220.962803076239,256.0544236511,218.586602631156,376.091844240233,-163.62597979895,254.574935015873,142.356767580345,232.407142441049,180.767577631107,-103.942317298609,-362.217405451431,253.736729936999,188.930143566581,2024-10-12 15:00:00
150.571542979596,319.079609220258,354.193330910914,-208.492106236011,87.496410058877,-178.057773347128,103.503082812264,221.428068213746,260.268781637945,217.833317868589,380.698093773,-164.81253754207,256.031621879133,130.366806971411,231.744967441448,186.482630247942,-105.837927637436,-368.247377440361,253.719705052824,189.260014693625,2024-10-12 16:00:00
159.818726404213,318.909685006105,360.872840187743,-199.806325842028,91.9479562124061,-173.705254069372,115.063550907835,233.498297733677,262.039294146049,213.494902047148,384.312869181413,-165.377361420401,258.6490803305,129.081286327174,235.459257469235,185.324974934401,-111.560302515028,-363.768747099336,267.502693875536,199.969852334169,2024-10-12 17:00:00
175.704739105738,326.348603849451,368.602535599692,-189.159054576554,112.70250876016,-161.56951560949,121.130724372148,245.202104393839,280.324606976327,228.339507157686,386.472623480067,-159.458190560931,263.228097971995,140.631795076496,257.550727371786,194.75274314109,-83.4662569820586,-351.854316628658,279.288325109544,217.029134147417,2024-10-12 18:00:00
194.307929802232,338.626946329809,378.642125891797,-174.653296211848,133.181729990316,-152.493961251621,150.899225775022,253.97235465277,295.677108676817,249.255805806539,398.395453041594,-141.6361204422,278.567606567086,172.119577481534,273.164124912025,212.569120388409,-46.0819791824321,-336.763011351551,286.822103272104,232.950706605684,2024-10-12 19:00:00
212.929467637887,342.565939598045,390.678292560124,-153.442147276663,150.622811806456,-131.90296843039,162.394273097355,262.037988540395,306.558609139233,264.451464014921,408.891354919277,-113.175877663803,292.790356450226,183.73717844526,287.370418946349,222.977347976278,5.87242966015616,-320.774972602325,300.764764782964,253.57518335421,2024-10-12 20:00:00
215.455544002405,348.392830542197,385.91820997797,-144.617047628416,142.326269774242,-137.673613178722,161.924655501066,257.93035648193,306.190399731673,266.399576634702,416.555972941157,-103.271511949619,289.796679006476,188.79105800085,282.597719223888,227.100592357897,42.420265231459,-317.9742373645,304.583690448683,259.453224679737,2024-10-12 21:00:00
198.807073265615,338.675901274044,364.486142355917,-166.823132254102,115.202915173323,-154.357716927573,139.743356193432,245.009275548685,294.2859833103,247.307062234294,399.412706933899,-128.86932252742,284.039675088225,168.390320789404,265.587029655754,213.53091689897,-35.0307379402835,-331.134590004694,288.66057832192,239.989707940454,2024-10-12 22:00:00
200.318455326211,343.350373046665,359.121892104609,-173.031949121221,109.500555409951,-174.467444222999,129.977249358608,239.493311821576,300.398995324306,246.553850277913,396.691193273893,-143.829702795485,285.407065029009,166.233010124009,267.196268758219,207.689209085168,-53.2622683104439,-338.338939686857,290.504940279479,228.000897558854,2024-10-12 23:00:00
198.473064388272,344.055209797109,354.347110026831,-173.530447894866,94.5027275357854,-174.395462821199,133.637734765916,247.441024059584,295.615214864537,243.083912676599,390.925726017029,-138.334421836901,281.103483422584,167.415199404161,268.740129492823,201.510078261985,-65.7948171330303,-344.010555919501,288.526037384172,219.468628412538,2024-10-13 00:00:00
195.598726985356,341.535052582791,355.140243434017,-175.974377073695,83.981259108057,-182.666098094897,136.109684931563,249.288125893112,291.995386546877,228.825089188936,389.120319663417,-141.274710401801,271.111806137486,156.932988126195,273.622351335128,207.396668346236,-60.9374797269907,-350.901282294414,287.870692683851,213.686736371671,2024-10-13 01:00:00
199.681320112758,350.655128684014,360.845140744506,-175.047621719321,82.8663396603241,-179.87312890551,130.811800498189,247.236272532823,289.247093900157,222.204556596031,389.125935235634,-155.603536839348,275.995475713282,138.384736063498,270.260237313964,207.421905014862,-72.9066735604501,-358.439415697937,292.662805947846,218.192605265765,2024-10-13 02:00:00
201.94795998714,362.23320730159,355.973694302731,-165.806588005138,67.09536936597,-190.763475074574,119.659314328862,245.881578826248,285.105571347591,216.056138948348,394.029522156312,-164.3466956548,286.101803497551,130.503921938602,264.348066763083,198.322308823044,-90.3248959549937,-360.948940455305,292.16542133184,218.165806334589,2024-10-13 03:00:00
207.106819714423,357.615138951152,358.854711725388,-169.579421826624,57.2240899709992,-193.595745399343,112.05722375366,242.262527676952,285.101904202905,217.914947714159,395.392478821998,-169.000694483675,280.413212117024,135.389130845654,269.435944702005,188.727598096097,-104.815234435278,-360.073661709939,290.344640023242,210.345119653756,2024-10-13 04:00:00
208.685927318847,361.411554140255,365.530289382037,-171.606271352984,70.4343391781247,-187.68036139888,119.207924890262,238.950222416657,291.425195695278,224.978014895694,400.137211021447,-169.587434553741,281.817656803783,143.160377904409,274.393876109229,193.857411112531,-107.196969716201,-358.86441534269,301.761479204083,217.930690339574,2024-10-13 05:00:00
224.118270587171,363.634996780242,360.848408745197,-169.026322002945,73.5927853073767,-179.058096103509,125.513338270502,240.083425497109,288.269540814436,229.479897081979,408.224824672584,-161.171745509617,279.617128867951,152.193917425847,275.75857372486,198.038226314106,-111.416381819748,-360.6956940304,305.852424331096,216.707146579528,2024-10-13 06:00:00
233.545246086761,370.999000945778,366.120072689999,-157.457330727294,73.97968200542,-166.055190373458,135.156530819544,246.766564699793,294.189911039074,236.279592237123,413.864179846936,-143.599555203039,282.557000868299,167.008403345584,284.408995065723,211.746481864567,-106.900047298555,-351.490976068604,305.190206291804,227.606013895797,2024-10-13 07:00:00
243.949760285463,374.246587965695,368.770052563258,-148.965346470242,78.5839563951346,-158.078060146923,141.981706075404,236.868672000217,297.41401848141,238.024828565854,413.679474698502,-136.899392677543,287.867819204522,187.807594373637,284.110997459901,220.191534323646,-99.5409123830082,-340.319705468813,312.311343580473,220.582177146496,2024-10-13 08:00:00
225.876903502988,359.193970149052,359.192841227035,-165.128151801991,58.7969324641141,-181.639107608469,123.450947081138,218.524047422141,282.796962830207,221.839431559293,407.437078844964,-152.591712411151,272.474974046494,181.797606137498,270.534131127673,208.855052597835,-128.889995755557,-343.159990723405,297.573575233429,196.999048452379,2024-10-13 09:00:00
215.802785102852,353.950878570027,353.180662295007,-176.85770197063,43.4841516502573,-191.312531865362,114.661826150306,208.46329724201,279.362926746398,206.456627514097,395.773774111716,-169.614074199522,259.21190582296,169.726310240031,264.86757529479,197.557751596252,-144.071424643331,-355.070787255412,277.26622030027,180.865140729446,2024-10-13 10:00:00
216.663752876059,357.722546970613,349.613591231619,-190.156183906117,63.2057697260763,-192.659204803725,95.5292324547405,206.454229682156,271.879545553839,185.825042566891,391.441813101143,-181.290555137496,251.893888963601,166.615857128424,261.117322604144,187.9535592899,-144.792519616603,-365.470527033662,268.543867748625,174.090714093907,2024-10-13 11:00:00
210.161756185157,355.329146421591,345.885994102821,-194.940129481673,61.0667656428496,-207.206283902064,94.0278054544301,206.50531608462,269.104255939282,178.297561834011,392.953559938446,-188.269364726097,245.647380564985,171.37934095069,257.743364000262,189.359163980651,-147.424509341638,-365.365836144868,271.25922804573,167.305601589396,2024-10-13 12:00:00
205.196607293839,352.282587846575,345.66570965532,-199.558576764097,61.7668774311692,-212.176234796995,95.4634082714462,205.482471131974,264.73637098502,179.868240325353,397.084134398202,-193.331088438606,242.088851583587,175.666203145377,250.767118997042,184.880563889503,-148.092484585579,-364.584381625868,269.010316623387,161.097967786033,2024-10-13 13:00:00
199.756329078757,357.871131620389,342.120881507394,-209.2472136967,75.4760923550968,-208.475148994017,90.4820488400626,212.274823113068,272.726347006867,180.563634057563,395.861013002924,-195.367074506983,238.941162570066,178.633899572974,259.340480938993,184.017763017135,-154.959642921256,-369.056528895377,263.374901726307,159.556106592451,2024-10-13 14:00:00
192.933845803036,360.121298852387,349.309194175245,-217.184299882114,71.839601117988,-206.740494265562,97.6387114813316,207.877371671532,279.485330352335,177.323546776752,382.374976704217,-199.231706252595,230.083665911935,172.435100066196,260.324861472343,186.948284213204,-159.5015154213,-376.789927907475,260.672426653887,162.138804028018,2024-10-13 15:00:00
188.895678651639,354.902179739909,355.234641498305,-213.720028858049,74.3948822698717,-209.561593112894,107.912081400746,213.237194509692,275.52415656341,172.04360414054,379.784317609979,-201.113227217911,223.836763615066,174.953649138122,255.492681859549,186.590943193748,-148.725433009274,-382.130943996068,256.497130286104,161.975311884867,2024-10-13 16:00:00
195.755361405219,358.287023476262,357.730983264014,-209.202318797064,83.0824836549952,-198.334011239846,110.228984212123,222.233877103104,281.406875517601,181.320394657419,378.516341494332,-203.241186205712,229.408539134559,175.742894252372,261.071605969275,193.430273490451,-139.603690973022,-382.25260760257,266.166363578018,181.343811024279,2024-10-13 17:00:00
197.89003141885,372.126774571619,361.73597566999,-195.092185553947,91.8159285172917,-189.999285707901,121.476327349125,233.109416791051,288.750526947851,195.7264764712,382.387393954649,-193.063534463316,239.619114222823,181.816764655072,269.686874884985,206.837392034518,-125.610503783258,-379.917184434996,274.883039826915,202.075659170821,2024-10-13 18:00:00
217.860110652866,389.189182926484,373.584113801035,-171.27073436429,105.646483415823,-172.714114219393,160.422983817232,245.053489437566,299.914134466031,219.719293109618,394.274675448166,-172.162282160804,262.901119621585,206.723750482972,283.181888062881,228.416219996576,-89.7015393498665,-366.221382906224,288.030451882799,217.732596583627,2024-10-13 19:00:00
241.625122381406,400.938697726102,390.087773607787,-147.530891529556,139.252573917729,-148.148036318492,172.516067894176,263.132622048889,310.260659284044,235.57955745912,408.616451952247,-135.084590748965,279.767785094808,221.013606833319,294.331417107637,243.82061104802,-56.3494682981951,-351.184501289507,295.945328365791,233.360329234533,2024-10-13 20:00:00
253.207535692425,406.594122881933,392.569279930984,-146.740788948241,132.675627037222,-148.318098927479,172.532762421258,261.219251344435,308.220520577692,234.981308096959,407.038842008282,-130.590809624491,281.8420923564,226.405863940426,296.99050624301,244.848089551378,-22.6776552878798,-346.666140907712,300.696798690033,235.754184968814,2024-10-13 21:00:00
243.926127577552,392.660124693027,374.299736511084,-173.62338262069,106.762697911614,-171.532494844268,159.592472953649,260.909416005616,296.968415841021,213.081621590182,392.181293946956,-159.510354537614,273.294383068205,203.134010339165,288.922419941921,235.094276758164,-57.8318364415013,-358.786413062344,286.995725657117,233.079702265133,2024-10-13 22:00:00
242.216562424094,391.284654712213,374.593688651648,-179.18719365878,96.6286769045799,-177.433613939059,143.449537353441,255.919223527254,295.604366430993,212.071479326335,388.054701348522,-155.910646175281,265.418750324612,202.774196892677,291.882406935313,236.009611461285,-82.2393756931171,-367.270846764469,290.049219425724,218.142983572105,2024-10-13 23:00:00
231.93155277148,385.749821251959,372.263295618506,-175.52588451212,81.0784721180506,-168.437650686713,157.702434222642,255.523956560448,293.098161691003,208.897475356506,389.823440150823,-142.557997020086,251.561912603264,203.318400928666,290.470436187856,219.671234797548,-80.7629911307894,-371.705817482976,281.738636882997,214.052266498806,2024-10-14 00:00:00
224.588566612791,382.950082753505,368.710893120375,-177.948857641498,79.8430754933794,-180.745772444939,153.42120107574,251.902848072339,294.947606770345,204.771365156396,382.897586525567,-136.371439669795,246.482536981353,195.404197214289,288.145944880372,220.899704757964,-97.5455378298356,-370.829583220112,275.764858144338,205.668970199159,2024-10-14 01:00:00
222.231432771606,387.208384603573,371.381080520256,-188.055262589775,77.6729460033744,-182.409480078882,148.197396104277,253.590334050461,296.621040720798,201.68380722457,376.12095301667,-139.887921540988,247.492187242917,179.960880640993,273.24230085892,224.673369092517,-95.9269195942945,-372.46652285332,282.811057775912,197.368346349602,2024-10-14 02:00:00
224.383601489207,385.463347080835,376.064232611823,-183.811112732259,74.7951573442475,-181.402962309184,144.109765372528,254.959537838381,283.913138500862,185.165942124234,382.353186070831,-141.892883547607,245.643639674008,175.393597554107,272.182730257432,222.955316077458,-86.7661224021092,-367.517847926877,279.363562722975,204.854597334239,2024-10-14 03:00:00
224.891138315894,385.381317339633,379.468440210289,-184.867351197919,78.4485838371503,-186.33232146524,149.268941554482,255.686583701085,284.450293442058,186.823966573883,381.086167807536,-139.309650262363,232.732988194353,177.99609501135,266.306686273083,218.957767159521,-94.1670805554833,-369.114089525563,278.98127590157,205.647197968372,2024-10-14 04:00:00
221.742109051187,389.252985256584,383.206405269447,-188.081795652562,81.7820052184215,-193.582160462044,172.704728446905,258.586915864283,290.194486924401,188.569000199421,381.660539000299,-131.299976462567,226.403986364329,171.897898796354,275.413638511258,224.426221252759,-110.534588837084,-366.165512351086,289.258187197715,205.414180866913,2024-10-14 05:00:00
237.076878341514,391.604206751092,379.628088108842,-186.138025154744,86.9178375762428,-191.036744715318,182.920517825172,259.26477624783,295.725649100246,185.396810956471,382.172611040432,-125.781128149756,237.097859528961,181.472435185437,276.726695421445,227.642075710057,-102.502676497104,-370.88922144942,295.567388017942,208.99014880308,2024-10-14 06:00:00
249.832050520412,405.507082891369,386.11923008841,-168.474998996736,95.1672708603034,-174.314113763871,193.369852142333,269.324370371165,303.084494887071,194.638066128477,380.961969267927,-114.378215657621,238.758332394294,184.799701263459,286.525857860796,245.254880221332,-88.7506132944313,-352.855878136235,292.296468639483,218.075586320215,2024-10-14 07:00:00
254.319054533101,404.277023118586,383.027225158923,-155.13204247643,94.3456158440307,-176.294757529384,187.828940485364,266.251050586798,306.992840524495,197.729359634102,383.006661880678,-105.386087113321,240.885297872072,187.150337095964,291.874337261981,249.554948764796,-72.8708297057842,-351.735085957281,302.467657967018,212.663180277232,2024-10-14 08:00:00
247.521544543385,395.392550523518,367.478325552639,-172.611556008529,73.9966849262462,-194.142464369224,175.338464450833,253.610878903227,301.215602179755,179.512194801565,373.525056785052,-130.763116939381,228.035939421677,185.488672274291,277.330174736337,232.500413697272,-96.0035252798584,-365.026952785203,288.084191267475,197.62676256146,2024-10-14 09:00:00
232.035322024538,389.733934495184,361.908496485514,-185.820650578891,40.7802753794754,-201.242479933079,150.298847877449,245.908678842121,294.971053678044,166.47635906801,366.845775948975,-143.217314373137,225.103765658421,179.592972059047,270.342219816355,226.615487583339,-111.771649512367,-378.319743026261,278.321209951102,181.841421371096,2024-10-14 10:00:00
230.549417244794,387.08568425188,357.606524662962,-201.00084315797,53.8093953977165,-204.213444553643,134.685381457684,235.629791724509,297.522890727147,149.048244260145,364.358567986406,-154.716774664327,219.483507839849,175.389242072845,272.191133439304,225.834170394352,-107.867225854231,-384.932425591435,277.079290329626,177.102025544131,2024-10-14 11:00:00
225.071321631505,386.670093919722,363.287006491966,-209.900635757757,-7.46199112414928,-207.287206000644,142.421595156277,230.940874370481,286.814685487383,134.993029536512,368.043562881749,-151.604504446049,225.614412022534,159.946319442037,271.178583860681,222.381869696392,-109.048144709832,-391.807094232195,268.25410384226,175.603746796487,2024-10-14 12:00:00
226.009368085103,381.088495751258,360.904790552095,-202.048551893802,-14.1528487045408,-202.891209546876,140.829456842839,229.947482684323,291.732040245279,144.88505693479,371.151882907585,-148.125895942864,227.531660074713,161.516163498639,276.033361427708,215.142980753712,-118.469198197831,-394.166396743196,264.517638158628,172.514176010684,2024-10-14 13:00:00
224.540224094778,377.535100847444,357.372727382061,-197.590945911873,-21.6134483875507,-198.103709199837,140.540624754099,220.559712684598,285.239693522403,150.366049331272,373.477708551068,-150.430234221868,216.991728389726,159.283937444108,277.035737422776,210.16726894058,-113.881768659067,-395.227399583954,262.789545232442,181.094900912853,2024-10-14 14:00:00
224.990056425855,375.128654955679,362.294741814176,-204.537560863363,21.658728438986,-195.803505050654,141.640719803994,215.917056588552,290.221978578877,140.379302328459,361.537020647452,-149.759151350621,215.845491571322,151.705503560666,279.751260965853,199.300725490734,-116.464115427058,-399.294533481192,255.19782445563,178.205232490114,2024-10-14 15:00:00
230.89748572067,381.696956656985,369.022263202704,-205.659990068194,28.9883640915836,-193.472316971313,144.987669671245,226.787751623102,295.244480354473,134.928617722313,365.217258444142,-155.13219087377,217.100819717763,154.919062488332,281.418547402111,199.452326174532,-106.537050486969,-402.328852477022,252.267083564178,180.911761958302,2024-10-14 16:00:00
235.516781499589,385.503241166658,374.390579684216,-209.364450615184,43.7339649496564,-191.328447711667,151.337912830565,227.94683072124,297.73983348406,141.930142448999,371.074518146133,-154.251642895811,219.341433871196,161.396703503455,288.192876504511,194.296748651248,-97.5866610397381,-403.058173530188,251.269465962743,187.261469850185,2024-10-14 17:00:00
249.337368765568,394.972395237839,379.094410703466,-186.876264279159,71.5400120758035,-177.295173450804,152.473346955002,230.941606514118,307.189702343867,151.792577096229,382.190900165722,-143.613416324075,226.310991267517,167.476422241842,303.758223592113,209.334664543687,-74.0565427574961,-398.526008485008,270.151898744478,202.094681302424,2024-10-14 18:00:00
261.863614169934,407.128747595157,391.962799738003,-164.795857488883,100.850176875224,-155.884328198621,172.660678539001,243.086004667804,322.083744392389,182.498083941419,395.525308694863,-115.430867858499,245.192142265489,187.86052062464,317.424701929649,231.077561578706,-10.686138968983,-389.143116098424,288.582001483362,220.959464056896,2024-10-14 19:00:00
275.33122742954,419.553188762667,411.1849357628,-149.357134927011,130.442202969077,-132.510572501738,185.923517315409,257.284976386372,334.913170925712,213.313990763166,403.042471061175,-82.7346770150182,251.416685856156,202.883806119424,329.760557767678,242.051896831488,43.8525238132975,-371.304009507378,306.188031699169,236.438310004971,2024-10-14 20:00:00
286.052748510047,419.797424864527,415.452710736367,-140.909674741812,139.581728312977,-133.558417905819,190.250179646674,257.828753004338,336.75559394537,210.149937373656,404.110757003352,-97.3178261598355,243.988436188378,206.261150105119,330.76596881359,240.112521684128,73.2599407623672,-369.363078323767,308.817864245831,250.30332497289,2024-10-14 21:00:00
274.386979378713,412.91490445803,392.895623356521,-168.026179133418,125.806601681853,-163.308380498553,173.038525827088,248.537951703177,330.774833161371,195.954477651881,394.655917807929,-123.857582041597,227.947119484328,182.845315735648,323.741000721878,229.628842516026,24.5865948612668,-384.644533923464,305.928047617124,233.274632348143,2024-10-14 22:00:00
260.061830945591,412.788716053209,395.951806445553,-168.240519463531,123.016438042006,-170.964249182006,157.906900811875,241.88427468294,330.736562737115,201.542763968562,395.967193073465,-124.907647644561,224.833726403305,181.656540146227,320.072418114496,231.752505029388,-5.48809883739963,-387.45610986967,303.276017753545,221.057430656182,2024-10-14 23:00:00
249.33012217739,406.311414172029,396.649463894915,-161.098995966733,122.405544565057,-161.215253871742,165.616061148914,251.613117336225,319.230753798965,198.226073818769,399.155753149406,-113.78442761481,224.813851115289,170.149120060244,313.655175502886,223.733631349669,-43.0354737407853,-389.715762149237,301.558037966031,211.921521272694,2024-10-15 00:00:00
243.836596274368,405.587203212654,396.152572336342,-164.455597885894,122.758715766193,-172.92789014862,170.675751410769,247.888870275881,318.309917667422,197.959316762755,396.080898491358,-103.690459142465,209.481539910545,155.659374519167,308.646473280502,231.233267372945,-51.3563487206368,-390.374991048844,297.151235373621,218.538066346916,2024-10-15 01:00:00
246.134141634129,408.558611336942,397.03969894609,-159.341820929108,126.850315046684,-184.370720486985,161.987997804633,240.615264677733,315.071219879862,200.72865989313,399.770785411717,-101.785634635841,209.264898571582,146.700536748357,302.911772532018,224.276822571768,-55.3221779885552,-388.505155781691,292.423367947183,216.915365684984,2024-10-15 02:00:00
245.233990419228,411.012813728609,396.979404714383,-153.240146344406,134.397212921732,-177.095366884854,159.135779056373,233.588397522512,312.495784379661,195.610047714443,400.058931881249,-100.004845100055,205.275601689676,137.599526127045,304.26041598131,221.376748131002,-59.5519474857914,-392.143071589777,298.638271685929,224.30984777478,2024-10-15 03:00:00
248.012521414094,416.093058174415,399.764725738202,-160.21010810556,133.942305014305,-180.600405454914,156.054700391723,231.075428845576,311.35352318881,185.515246629797,388.082486148208,-105.402034812584,197.03161948301,141.276388508747,302.123924646486,219.637484354225,-82.5945002816843,-387.465838293914,296.024953970045,226.912044721277,2024-10-15 04:00:00
254.792996712718,416.399461060407,400.682754796826,-158.224497564469,139.992814462518,-175.163664051582,159.765449595181,229.097006042972,313.1406724691,189.582497472921,390.720376886108,-107.056636803207,201.642598537537,132.01499560271,305.614895174129,225.343042370621,-104.629910678336,-388.64063406349,298.183810465745,225.439845150159,2024-10-15 05:00:00
269.921415586761,422.190760754016,400.268295823614,-161.066446938578,146.04790863804,-165.965409329959,170.669084979324,237.961723150657,309.312993340068,185.440187481815,392.726743618421,-103.814433909524,218.202183064263,141.074555497105,310.317645346731,225.840317895749,-102.356470607439,-385.952868197303,301.241383720704,226.16323177169,2024-10-15 06:00:00
278.881020681183,434.685473618581,401.869018212815,-152.348059274553,153.890544465142,-143.320440065557,183.633128062607,245.211283133005,311.793331940955,192.365550573373,394.290127401197,-72.0267239827584,223.230859182453,160.727017622775,324.364510448479,242.76921297985,-108.909253361202,-377.775890537675,303.050155178828,237.817898762481,2024-10-15 07:00:00
281.129015347112,435.195376873857,401.830434261513,-140.276755080915,157.870428178294,-138.771436391343,185.354550709214,247.558415354596,308.479640514147,193.822887281062,396.434785710069,-86.515107946467,225.358829324303,160.372341738549,319.90564576586,242.762410631522,-104.244041954851,-371.749551275239,310.919083515068,243.422863893329,2024-10-15 08:00:00
263.293697571734,422.455657595993,395.977194696545,-159.221936814425,138.219157733062,-158.754109170456,169.933618337238,227.227832534099,296.980000697346,167.686411166137,382.4821178212,-107.551178547907,205.096726630348,154.282237379818,307.634970168772,230.120097933841,-128.804057948638,-380.352425150907,308.533684983031,217.091340809861,2024-10-15 09:00:00
252.92619762448,412.753768961559,392.768401364956,-173.472679775525,134.298888724129,-161.228260730537,161.28394229925,212.814091691844,277.814772059398,153.374069104356,369.663197826402,-120.881065773465,209.587408355014,149.596881921341,298.635050474849,219.094480697619,-135.528799392165,-395.121819401267,292.025093307399,212.431163712877,2024-10-15 10:00:00
246.655704053055,412.110981454637,392.494078327161,-176.598477331182,130.407158270104,-151.863462407569,155.701554049525,207.006010012364,279.000810772455,148.238515368994,373.994256564256,-127.195921920074,203.830475297617,147.734274586613,301.662717187627,206.938018191701,-133.959347229563,-403.004462823925,279.621131700833,205.859949403719,2024-10-15 11:00:00
238.12739978911,410.172067859447,387.502510622117,-189.045898257527,115.829874239825,-154.464008011201,149.362185676422,195.957451755984,273.325103259466,136.395403509058,363.591784796585,-127.610415050805,205.680427276855,137.51615829783,298.801930931886,199.614153688687,-142.292309274907,-406.787494084893,276.927494487073,198.515567853113,2024-10-15 12:00:00
236.481469567465,413.967388050317,388.377183377089,-180.840557992295,122.391708137152,-156.162537101996,150.236734399561,191.632680897546,271.499325301916,126.653847022699,365.675832873034,-138.678393862856,206.021684182681,136.623514512946,298.122395454049,201.916759620807,-139.396110338957,-407.095560026034,276.587334667056,196.643608383493,2024-10-15 13:00:00
240.030806334,416.126044190284,387.464292292869,-169.736471405129,120.093474096653,-151.007534439753,143.865371461025,184.404598535369,277.328875476846,125.644958670001,365.151171514298,-138.843720571305,194.402270764871,141.368390363439,304.479423237758,200.75513237849,-123.13520546748,-414.776392850032,270.573738280523,200.269396261773,2024-10-15 14:00:00
229.663892016782,413.467213230414,384.89062518638,-172.526269599249,129.148275763626,-155.562379908146,152.620701302489,185.093672045407,280.125884476989,119.879465471641,356.22465520179,-135.96908820885,194.795333373193,123.94759033488,310.487286876637,189.903581706337,-122.883864253574,-413.073825657603,264.917268840926,206.109392227065,2024-10-15 15:00:00
227.60869238349,412.0019009441,393.7615738398,-168.103159952882,128.811814593173,-152.251231171931,158.408315425809,193.989823811412,283.136174231835,117.856355688271,358.689307726818,-137.73740639889,187.753814413868,119.923963357416,313.211549055577,190.865685897609,-114.694475392449,-415.936524198217,265.267171630427,211.40929916334,2024-10-15 16:00:00
233.025615313337,412.934957272961,395.730890744019,-169.104695043669,133.670317772389,-150.52378135746,170.159696494491,204.26079038849,284.538740331205,119.892420500497,360.245332862605,-136.302377625318,192.866784582239,129.065695126207,318.876700463037,187.673452026801,-114.726807287423,-420.226658843086,270.768665618133,224.739180604868,2024-10-15 17:00:00
239.611563597078,422.016522710969,403.086735699659,-150.931316577465,147.705080943422,-140.590606374729,180.743009423796,219.310139400578,289.796550163954,126.545505879576,366.311341410862,-123.117953404927,203.789350773715,144.239892960024,331.109742171739,190.585039214586,-103.494496692709,-411.525242318312,280.418316364845,237.722243395322,2024-10-15 18:00:00
257.924960219893,432.058927817608,416.814424244116,-130.806407642927,163.125862276579,-113.370115324449,199.247499902017,232.089616203281,307.126821130933,156.780766297974,374.602068797193,-98.7470990867547,217.895609362555,168.724454899866,336.468263950484,212.05474930487,-68.1256747412685,-402.762065936114,291.637130754195,257.552068487469,2024-10-15 19:00:00
275.673602253046,444.601118562092,429.995196813773,-108.118056177175,181.531732650238,-93.983380196153,217.159981108218,251.819136697343,319.215181526454,183.088791971547,391.033556332434,-64.0830686784434,224.591547563835,184.009281129245,343.471769306544,222.073290936313,-27.6534799136646,-387.917367149502,307.553937336451,275.489728331678,2024-10-15 20:00:00
280.177063053796,445.915789764938,432.022614269899,-109.126976181195,177.448465091108,-89.6623849086006,213.770060123365,251.385844636408,320.643560914427,188.198730853578,396.630655925764,-61.0522074855948,225.466042737232,183.327624804214,337.272992709707,219.343448298975,-14.497873038768,-382.851049370308,309.277459556469,278.034937630414,2024-10-15 21:00:00
254.962856557269,436.289360930309,417.432794737956,-128.654170824369,165.991123986962,-113.763110470633,187.715466577632,245.101227127578,306.829982493719,176.758909939694,380.505585697598,-107.009172796055,211.988669304017,172.648703277741,331.785188191897,211.631955638621,-71.7617669416752,-402.126915506846,299.196007944211,262.319356624675,2024-10-15 22:00:00
258.446920597842,431.683782927921,413.041043606561,-126.677902207416,162.146511426942,-114.073721027401,173.609673054603,233.892995867604,303.301856787353,173.821247160734,378.125765828981,-101.045815942588,207.936832791359,167.263537449292,334.092032597882,212.554914236457,-86.6647483183174,-404.64604560138,299.703259360488,256.042667387149,2024-10-15 23:00:00
253.805444241305,434.323774428725,407.011229908307,-118.969960986217,152.222493990897,-93.0223384843535,177.440672067235,231.420391632006,288.262731971381,173.105063663713,379.61210602782,-78.058682914077,214.555112948993,161.77898861654,336.176744278166,208.592239852918,-98.6859677808132,-410.925670059632,298.353994753004,245.794437032109,2024-10-16 00:00:00
251.626858097872,435.351132529856,404.86662623607,-106.944732191274,144.17412860835,-108.437272479908,174.786782071698,233.664639855411,277.863048393837,163.563834080047,374.947249985506,-68.8503992367276,205.952390698422,147.707359322975,337.961996746284,218.216682595647,-103.202196434297,-413.713058765451,293.660026727993,247.305859830276,2024-10-16 01:00:00
252.908412037195,436.344722545544,405.110595145865,-111.971060635033,145.929642804054,-110.379905321887,169.350773366345,239.358043678848,267.654072653034,161.145188849715,374.965277123286,-76.3329412340471,203.890114274278,132.578939595614,334.640142551906,218.690406005102,-115.664807099527,-414.244394352444,293.732490892472,247.576759061047,2024-10-16 02:00:00
256.1237267678,431.819228224384,409.62915784712,-102.444167751203,137.081109495688,-99.3120111371773,171.534394002506,238.18867158199,261.854340372712,144.350967547402,377.317354481614,-87.4134113140858,198.404045957977,122.846284471057,335.140948229252,208.56680307296,-126.895332412139,-416.021996111884,293.246868300969,252.813182898177,2024-10-16 03:00:00
261.062205409912,434.582153347356,417.232500506331,-116.883545758921,114.015240068938,-99.1132571955711,168.478528820343,234.647044368554,258.903254171119,143.679586557183,379.032574673828,-82.359085954318,208.169495109199,126.267182518381,334.643326000641,207.582919852904,-126.159056237276,-415.028703657143,284.995021015753,254.212938539682,2024-10-16 04:00:00
263.547068591961,433.068582906925,420.666904650053,-121.49946921037,129.122084349421,-101.540975059403,178.382283943938,237.301912402973,263.209641220112,140.805605724114,378.858960633373,-72.4495721666556,206.588144540553,131.583423089561,342.16902983627,219.065857305481,-128.109346768215,-412.001538880062,286.770994343794,256.750113388688,2024-10-16 05:00:00
273.64221821674,432.399529700186,421.139087546006,-114.172655120706,142.842575917402,-101.385566884805,182.76287467862,242.350360863831,264.264656817278,141.191023762236,383.446870110988,-49.4841633609025,220.22990037462,139.620356736897,341.322720858908,221.136607328456,-123.668686047575,-415.143660145837,293.797743923979,253.74976040163,2024-10-16 06:00:00
277.47210342644,444.42203062001,424.186856979898,-106.675526445714,154.054631905378,-69.7223752268891,189.491343311234,249.438495881186,270.318871045062,155.313676030492,388.090955411872,-12.6920742347041,221.651810345378,158.393276080322,352.44746355772,246.494310514955,-131.6008362995,-409.006644437617,299.92672230665,263.084983533966,2024-10-16 07:00:00
283.418818580895,444.209535595978,424.167189237396,-95.2829449610352,144.938447559478,-30.5871576464464,185.883702333742,253.720710038582,265.575143905986,148.111799235719,388.503231096632,15.3682723914771,229.798651262983,162.091077446471,347.619789574569,249.217465310507,-146.140667396949,-405.25116732473,304.476850582493,267.805798990535,2024-10-16 08:00:00
269.437704667292,427.918240347665,411.0486618135,-121.361169536515,130.982808632051,-73.2167326056193,169.971795456796,244.672053448552,249.010952799778,135.114139626976,377.885438003272,-10.9535440631895,219.418321657397,153.405873411058,329.067286166958,235.196003752299,-157.310416696999,-413.344498129931,296.713262983309,250.360053013553,2024-10-16 09:00:00
270.400997197371,427.297859560387,407.185206952396,-140.270476818851,121.450772874442,-89.6327405736181,150.669765021518,226.799631237698,241.98201673855,128.346834661195,368.311575505252,-41.019673615972,207.956627650664,134.890716702391,314.371569599805,227.793558529169,-162.746895050867,-418.891147088143,289.195595156505,245.912143138545,2024-10-16 10:00:00
259.079230381484,417.716415830743,402.39922688079,-147.89372266783,117.388442837373,-102.591150456407,142.040528072291,219.994423955312,240.962157733051,120.674041193466,369.333529789498,-51.8948726265382,203.079662006189,129.487100952916,304.614256412654,225.135053425165,-163.221859677393,-425.113528578184,289.60211616103,242.80899218712,2024-10-16 11:00:00
251.639186533342,416.898402090534,400.444173897602,-159.49161304265,112.740114719151,-108.853967308405,147.326109046578,218.615234259133,235.973075354761,102.512049822196,365.334609096329,-61.6646964536134,207.633245191886,125.085363991413,298.675856457192,218.697166226009,-163.835675772703,-425.193595359426,288.084355181337,230.787478705856,2024-10-16 12:00:00
254.875763129552,420.573741172776,400.866719345864,-170.170281956012,119.580333715982,-114.224785073383,148.826511450603,207.474989631411,222.678991129723,86.3246499187158,366.851615245755,-79.4635176803986,210.062475233529,124.526603484226,291.728142712491,223.744608969592,-159.629127014518,-430.946853690509,285.1027201992,228.097689426175,2024-10-16 13:00:00
256.891901180422,418.834648931003,395.379317611386,-168.55805018821,116.821258470736,-113.997163945108,158.413615382743,211.284169652206,222.102438124202,73.2689419808858,367.903058602252,-94.9688668379481,206.025329401377,124.283938995882,301.649834333067,230.816909762381,-154.17790927859,-434.669256606001,286.571237902608,231.974821450715,2024-10-16 14:00:00
251.205557777357,419.155423747086,394.727575853716,-170.729181966115,131.599874482057,-93.9465838197324,151.036131335035,206.35181205097,209.228792966916,66.2180197037213,363.682130428684,-99.307731178909,203.754486887546,125.352025829516,306.543362399332,233.794636933069,-167.551676894406,-435.498751745831,282.89209622202,238.759837519836,2024-10-16 15:00:00
245.701532519107,421.452593011987,397.446514328341,-167.319863795716,141.298109728289,-102.78920085393,149.379156980556,205.437359133117,218.338507238512,60.838924180872,360.226307476245,-96.6346512797391,193.101919291802,121.20094386188,304.966807777191,237.604299602007,-164.437670539209,-442.194035154486,282.50583290565,238.118314288065,2024-10-16 16:00:00
250.811853455497,427.778906951741,405.882235768678,-167.992872670863,153.468070530662,-92.0085748505944,160.555048725825,214.497375102351,223.99921877856,70.885632941325,361.868125923488,-89.291706667633,192.799290429935,124.696544379698,309.329185232083,225.789370832845,-152.273363011811,-435.779913086604,282.756736257535,245.534918650114,2024-10-16 17:00:00
260.117911315155,437.373438438216,414.367620881805,-147.992700121865,165.936089158118,-57.7837355229635,173.562391900503,235.001133223372,240.359095733609,91.7112894015109,375.975427850379,-63.3730649975893,196.539846635666,129.874533222857,325.934625356393,232.572914272219,-141.904938504077,-430.44731484882,288.986098505132,250.801853379406,2024-10-16 18:00:00
269.063094418912,447.528515894535,428.6274194774,-117.452640517987,183.691222896689,-23.4319521602186,195.312068275401,246.035584869302,257.363821222445,120.444554945709,386.314427813799,-26.7103210365905,217.527592566755,151.612676451956,339.228341187018,253.938706432115,-121.649748550556,-419.165821688186,298.556537678875,269.693008244574,2024-10-16 19:00:00
284.996612353602,461.463776264868,436.6810223663,-112.09025354102,197.306231276019,30.8729475308435,219.247202261293,253.710635527667,279.566848706426,152.986211158995,398.469585355737,44.5583953819009,228.715012208582,173.381025009257,347.568878543879,268.691717409744,-114.502935401239,-402.97251791662,314.54584456625,287.514899224732,2024-10-16 20:00:00
289.860041204268,466.588917477106,443.661469952838,-102.941606077709,196.839033851981,29.8218748440431,228.701210638843,253.310577970977,278.288013507644,151.780998003418,405.038865391028,45.5883655056996,232.661829979849,162.472779234465,345.811692146778,271.325040444467,-103.744517945361,-393.23333429506,320.811160908652,289.717483959804,2024-10-16 21:00:00
274.006494464333,454.173774838778,430.066716750511,-136.713505998066,183.948942152099,-23.0275549994765,201.934575298692,248.336333917338,268.272400596634,122.145005735389,388.154660696762,-32.6558522773622,223.451755533699,140.456671499242,337.317168945733,266.286065865213,-125.377766695914,-405.046823240723,306.026155380657,272.56287517445,2024-10-16 22:00:00
265.27829126974,446.309835999248,424.51594016735,-142.656672848101,181.49978729195,-43.2481907830969,188.923544988461,240.535091330367,267.372889288388,125.85739086887,381.358489187212,-31.3444145654947,223.378890304707,133.61092709146,336.675018002004,270.148107151605,-128.620009900746,-410.891680890516,302.199818155765,264.567405033436,2024-10-16 23:00:00
263.133613960295,444.81890655114,423.286375571903,-148.666379732272,168.12260077819,-45.5950788261528,183.328277213326,242.317417317859,262.860917317275,124.376736642478,384.640449412641,29.323068834371,231.251845311127,116.3490647326,344.759679452508,265.583026912782,-129.233968424829,-424.965431038447,301.452316888493,260.95202955619,2024-10-17 00:00:00
266.114434059613,443.771940503356,426.061723164206,-152.931449621772,161.924260381834,-61.5977079920552,175.334575293754,246.900248793023,252.600036467848,120.036377827969,384.203702118053,51.5850922434871,224.501139486207,104.912584944099,348.723086355722,265.071285756086,-125.536533697845,-426.704089347856,297.282963161972,248.45504812725,2024-10-17 01:00:00
267.58249263513,440.58383412915,421.855895397842,-146.424159174986,174.286021465312,-83.1221457324199,174.434956400464,239.027860891556,257.119254023063,119.703434908275,379.600102202571,64.6027623911401,223.35350394089,95.8738378047057,348.639116621242,261.068452776141,-121.637835718549,-428.611661202859,297.089065877928,250.156943602012,2024-10-17 02:00:00
262.435563501654,440.388828171985,428.339985375333,-139.700117977243,167.582528939305,-95.8935337542213,174.486000891583,240.765948970565,254.479071076008,120.839245734989,386.957673691952,62.6835219391282,218.932314393835,88.9597687772407,345.462504512939,263.7512183758,-127.11153002947,-428.159767074109,300.727668475365,256.226720601038,2024-10-17 03:00:00
261.44509819597,436.827745184069,431.334917383169,-142.069439798849,158.392573668114,-87.9118486086694,169.419406262282,236.846713509547,252.421758217815,118.416050456774,389.211152052103,77.2758533125703,224.866291472192,86.6550421125155,348.576139977226,263.11003549769,-138.162769848589,-421.698411576878,297.88920664475,253.584190315109,2024-10-17 04:00:00
266.143471880915,438.064905224399,437.289050317506,-156.33338938194,154.551019752362,-82.5598702207549,176.864055358405,236.469334937573,250.801679803901,126.464796127141,397.182996728339,71.9094869404364,223.355719055899,106.52207827703,355.719751120387,273.342329369268,-137.02266919727,-426.075342031031,304.445353764864,254.757969409599,2024-10-17 05:00:00
271.098176394453,437.926777621321,437.520440902153,-154.011194353958,155.051066939501,-94.5206556687527,180.145922991647,252.396031247254,244.297833835695,126.005266280863,395.90730214093,85.1935221419198,230.357200517241,113.971070300688,350.059512409628,269.134809995565,-121.749736799485,-425.598780978964,302.485870629538,267.598786041213,2024-10-17 06:00:00
268.291887262766,449.794287367595,439.831358617584,-139.190580325382,161.59887986945,-68.1068467837641,188.90511305088,260.804785562393,244.95228761883,147.637194950712,405.569874516116,116.386569606122,233.1194761271,120.082240699419,357.013860057003,279.642729680085,-119.302766017464,-420.831697450332,308.724379736616,275.295741352463,2024-10-17 07:00:00
275.136402933195,459.377805936949,433.679913284732,-126.156840200521,160.236736268183,-75.6306449800705,189.351912385315,267.642818316006,237.881546467898,147.846322017789,407.96446673851,115.21086980037,235.056692063921,121.629917497386,362.593447281333,272.184986574231,-113.247339841471,-414.879337955676,315.74771477738,267.884126283747,2024-10-17 08:00:00
259.680554079432,445.410538445648,419.757948495786,-150.198892366431,141.166794067159,-105.626527822785,174.323163593169,251.440020273513,223.235511438018,129.616811756104,390.635477067826,102.584552185228,225.226408179533,115.598635635268,343.578855818467,259.864822905182,-122.703037059324,-422.441262438878,310.187272220207,246.32945482017,2024-10-17 09:00:00
249.227770785663,444.047812332645,415.241073171729,-160.230036436748,121.7319246294,-117.768759402752,154.321983384545,239.266504908456,219.171094472799,121.429547922028,377.569269327059,93.1667625903721,211.459294440275,95.9418916648852,331.55076333285,255.561505928039,-136.528322719301,-430.033851013609,298.182212717352,238.567633558754,2024-10-17 10:00:00
250.257173657749,443.639434568618,414.190513640251,-175.079956066718,117.228270165769,-132.871271860256,140.086717376291,234.734879438054,217.560723767121,115.636803939098,380.251968597402,82.5649588726353,209.694429229256,87.8595959175225,328.677954148787,245.689792580281,-139.535643330686,-437.107321995161,301.452001106165,234.608217578884,2024-10-17 11:00:00
242.240995640462,441.576913584751,405.398028022029,-173.447815645334,116.356259239944,-130.099510769236,142.930954002715,230.209423758917,203.785033312367,115.663507683505,381.91321301476,83.7832895664802,203.774194934797,81.5390246721816,321.136173665932,248.118011483274,-140.750859551244,-435.608456481265,306.176092302107,223.842032788735,2024-10-17 12:00:00
245.747620487376,439.936681889718,410.967279549485,-179.487366368423,113.942187623257,-125.493201303185,139.86301652303,231.000964239785,198.621629303147,114.295788803196,377.901190624201,81.7307343221504,205.568790932055,76.2520802036721,323.456496892192,253.441486093732,-136.574904248392,-441.411964065583,302.42339254102,222.462468946937,2024-10-17 13:00:00
240.183415191077,445.199310082685,412.979134437968,-176.665255981021,101.43560629946,-129.866846046722,139.804855090583,223.333552292275,208.046470144241,119.301816990324,378.041624362918,65.0134971547592,198.511007849867,90.8871464356428,325.068978372319,259.659311094471,-135.143624682459,-440.77970499211,296.51524476206,220.366114471992,2024-10-17 14:00:00
234.733017294732,437.973159056011,408.952035350574,-178.702228337691,97.3313251888537,-119.533708218704,131.906003233293,226.583429038405,211.521284210739,122.499476248418,366.213721053562,74.5992834647193,192.187627431345,66.4774768824312,324.359488030656,254.621354468768,-150.095171645284,-434.675686939869,299.360022765354,221.248152878762,2024-10-17 15:00:00
233.283426427013,436.455567739742,413.711218758902,-182.620739711145,86.2584148649327,-118.890246678859,131.142162175247,241.469304295633,223.561163849445,115.600471046192,369.351384098123,63.9055927548671,195.468023738554,65.0823846089261,317.057248809828,255.007328798748,-142.062893060065,-435.822391262701,297.211853739036,226.376912174536,2024-10-17 16:00:00
231.957967147532,435.502045811477,415.833938328647,-174.373141504101,79.9564486960324,-105.381662085181,139.573206205707,246.837058046201,230.895119310361,129.91620122877,374.410264891367,78.3478281039451,199.559751136964,71.8829907387013,322.104988891113,259.283333514405,-145.99535451825,-433.320564503191,300.003285074657,235.078059006647,2024-10-17 17:00:00
238.970356151511,447.711058331493,422.780364057704,-158.730537766268,92.3934403643648,-81.0145746888557,145.812640456051,259.761943027818,227.657960057196,136.279961596213,389.287240968604,89.128862118762,208.522124913871,94.0089409040514,331.793848854712,266.835533873979,-136.088134707222,-428.224321426357,307.705736826135,241.786222263711,2024-10-17 18:00:00
254.449243509097,458.502936845607,439.120015778852,-129.994961207432,110.803202683095,-64.7242853243735,165.57707154597,281.526463102763,247.102128259104,167.491924014994,400.942489700651,120.766318637332,234.279734834837,121.685594261896,342.553775408075,291.313553913983,-100.805318524202,-418.399393989944,319.591995865522,256.483156033603,2024-10-17 19:00:00
273.948231237981,467.578296136327,453.046679377387,-110.114863949251,124.969609816923,-55.6841923900303,177.742897984109,290.095799430595,264.749714677694,186.412384499567,413.76676202313,148.198745449387,250.957701935165,149.488070518076,353.257044535388,308.344727936988,-85.3130795365574,-405.321761139758,331.698883231843,280.571624335356,2024-10-17 20:00:00
270.753553646082,481.291179135095,453.592341875324,-100.007782645237,136.071629857258,-31.8125086163923,185.119276530896,289.961758105578,257.589119830997,190.459618567374,414.984461867687,157.510877368171,252.975262778977,151.202573774185,356.667875833764,314.560044312407,-71.9191605405251,-399.631908216913,340.427719321845,283.078428059285,2024-10-17 21:00:00
252.745496266139,471.708835603689,437.721448236219,-125.564577922069,130.395836969875,-64.279121918478,175.412425294197,291.310986861605,244.363624665464,171.441505641201,398.141278553245,136.526971888478,236.480861746744,122.260323681211,345.567786710919,300.839760472546,-107.680341698872,-406.730697457088,322.661005729615,277.334029783795,2024-10-17 22:00:00
250.115145460077,466.153070499019,431.779157867719,-122.292568351068,144.080219140543,-74.4556175885319,161.900266356907,281.631018252783,239.895085157568,171.270826981562,399.106976587639,137.622807864293,234.162789899809,118.95826685511,342.01444943936,304.211311683519,-114.147235087728,-409.732832134995,315.320787552658,271.881549764012,2024-10-17 23:00:00
244.021724476017,464.953437995593,431.021394625125,-126.379890059353,137.973861449215,-80.594572311029,164.339591301222,285.395629923764,231.739515515362,178.320352671344,402.237609515306,140.804497941063,232.282182586626,98.7837566653784,343.507497024866,300.776683438009,-112.067350656624,-416.039309812031,314.218950567234,268.596731276981,2024-10-18 00:00:00
242.538383002827,459.11768262048,426.535318859555,-125.373041475341,131.562623232501,-84.5441761544669,170.883676633341,287.654158451836,228.452561034983,170.847443049781,401.348956107768,141.250855699312,231.054861235784,77.5686056022999,345.107895553486,306.957519862687,-105.130012872302,-415.745698919443,314.863474856624,269.040624537526,2024-10-18 01:00:00
244.602430931352,459.938058865135,416.254420348405,-121.976502156933,128.517300645,-74.0568595804459,167.120279949444,283.686270037412,223.364780756316,173.834350686917,401.566089595185,147.324872515691,226.618072959301,76.9571391180615,336.430421103736,302.896325679495,-103.077509025899,-412.648225465178,316.241009809202,267.612185906934,2024-10-18 02:00:00
244.149590279769,460.052733899932,423.074092859991,-112.53942725049,117.791409952507,-64.6320456271886,162.513588719949,285.324629587764,214.980202876646,166.125184469051,405.958811562522,137.639685874851,221.255175454388,70.2258722534834,328.373355708618,301.18947110816,-106.393899427704,-410.011852435106,318.799424085674,270.415916999667,2024-10-18 03:00:00
247.629325329705,461.045065754955,433.74977446339,-120.814193041688,107.970716495292,-81.1325905948168,164.930111609856,281.894204612214,208.395080051614,164.786419252151,406.084947359893,131.173999566165,235.358407528785,54.6715830938184,326.968025399356,301.238908015704,-120.908828523074,-409.894435110257,323.584510191803,273.571730093663,2024-10-18 04:00:00
250.74789764033,459.324357246639,435.550563989406,-124.766489513692,118.544906039245,-88.8982136227218,165.546630714666,285.060105483064,211.312523340082,167.610064550211,410.152783558331,130.482494592793,242.205033883011,55.020667465761,334.356518867361,307.693825567959,-126.261088971227,-409.839965023225,329.541174795493,268.653363696572,2024-10-18 05:00:00
255.85154765047,457.144599449523,437.475248039163,-126.610382669403,130.827113919749,-84.7809858162341,170.861413215156,289.961162028198,213.895256857006,180.101106326349,406.956666288472,138.9495451945,243.76207467381,72.4831142422938,335.088709268925,308.741954125745,-115.407875180925,-409.933280679906,336.916619282892,279.940543344112,2024-10-18 06:00:00
248.906946657563,463.903909172182,441.303277294612,-107.427141071559,144.461903403437,-55.0980908240998,176.404317317032,288.902780997132,224.736613631447,200.371073596837,406.929772975302,156.695403865819,246.244094339711,93.3716085584739,341.759012336528,327.791589606038,-99.3565409956386,-405.229872995848,339.07749467943,294.794271132235,2024-10-18 07:00:00
251.770584203451,464.315901679422,444.686539013623,-101.631081320939,145.626012865103,-53.6045329922235,170.61002751466,296.000891313875,231.242825960112,201.615490354417,403.810601690393,170.248397419952,248.325353148934,95.0825040316182,342.254686674597,329.462117421302,-92.9080602678008,-403.769746055926,346.521711503022,298.505236046739,2024-10-18 08:00:00
240.934355750199,457.651958127135,437.015263826138,-111.465531973701,117.257976222701,-90.734416602829,158.983854725414,288.657122081189,204.700676344586,188.526321335321,396.56093840062,148.527679072527,233.695012820151,73.163995290771,332.804998665403,312.099484845361,-114.115252894196,-411.661466200702,335.519491171399,288.534189746632,2024-10-18 09:00:00
233.935998100092,458.829980987331,433.01285738917,-120.602704319949,101.74855968874,-104.656225927441,142.42520930755,277.260820381789,194.843462682561,178.685890043264,382.213057984659,129.672103130709,228.351207196719,50.1614483342871,326.362775994548,294.69016106017,-134.285300947159,-426.966936768627,324.601590457093,294.657753313345,2024-10-18 10:00:00
227.449333630589,456.288021421808,423.89584829002,-132.041997923832,96.9110368489135,-118.317691131889,143.809033634717,269.735513816729,184.425313363355,163.2958502448,384.495173089471,116.58544587201,224.611791286897,50.6077102172561,318.798903858744,287.994255733439,-140.903420554822,-433.410450249966,320.717077904926,288.272311982587,2024-10-18 11:00:00
230.627840593164,453.117350507094,423.403466056084,-129.249366675601,85.3383551207773,-107.856026025091,125.691822125305,264.032493563788,180.588260180924,146.418501549705,387.498163585959,120.283829129957,230.174256818878,38.7676912243136,319.0785763029,291.302313638842,-134.49700949872,-441.570934772064,318.188871570194,289.055160188958,2024-10-18 12:00:00
232.996289044574,451.044760279821,424.980655365468,-132.644889228426,101.079353651649,-121.995362208062,127.394370716892,257.705800125014,177.602526189079,142.404866445534,388.213735668135,125.824629167793,228.595740598119,49.7191519588383,315.697090084082,294.397777393319,-143.420510683434,-444.076112617537,320.163533745104,287.532025732274,2024-10-18 13:00:00
231.541626516024,452.647094910241,417.542155715383,-128.900562980666,103.587656459188,-120.820459665771,124.060079553101,248.601147582398,174.612483935403,141.736388175696,389.794264299279,111.366116180502,228.006808050153,65.358916090048,319.936495485976,295.752781793338,-147.438055053658,-447.820484636534,315.866739071788,282.635464428388,2024-10-18 14:00:00
234.753497410236,450.672487644055,416.263162577773,-130.477213144819,102.464534740832,-130.503848316126,118.898911698505,252.327661677883,173.376269182476,136.597860741393,385.568648778093,104.644262779357,228.548953171687,45.8467475294358,320.195709481856,291.331657558477,-152.880540582768,-450.360349582035,312.658635142999,280.977767133719,2024-10-18 15:00:00
230.409421580916,452.193863114423,419.294460066757,-126.388261829123,88.2708893653402,-135.365104790608,114.584587040064,249.252837511648,185.440072423687,126.498187023724,392.932202972694,99.630583494933,220.594647339237,21.2030489441457,316.813264575333,291.342209010351,-166.625508678227,-455.466829251559,319.73103426875,275.893323014068,2024-10-18 16:00:00
231.168527683739,451.954803452683,427.467350162859,-126.034438693012,89.342891946671,-114.783798689562,126.081529387181,257.674662782615,188.98296726701,133.242387935245,396.347823901767,91.0647585003536,217.724129672489,18.8333950416697,324.860696413613,295.581929360467,-157.380201351262,-456.290700961544,330.992866631579,287.434401201829,2024-10-18 17:00:00
251.989144659688,457.525201012671,430.928437224212,-117.529768135968,113.569293793976,-88.9983875355341,145.568827699043,266.573666502735,188.892825280972,154.572113794046,404.328595627415,106.825319647273,226.206628302529,50.664178884971,345.217232062114,301.293374824745,-145.078027539172,-446.799290821239,336.581266628668,301.68090817872,2024-10-18 18:00:00
268.589810829966,472.234911516539,442.144310810439,-101.933563283585,137.971607203896,-76.1346683013425,169.672932994232,274.8201424846,213.761823064522,178.837732404776,414.120939121524,134.47271448634,237.298460499075,100.661269670243,357.708704214597,325.107409443362,-119.166859584075,-438.368512041164,352.934503230512,321.344281267178,2024-10-18 19:00:00
291.944238664746,480.970719463583,459.250200846786,-83.1336559972863,158.491699909821,-67.0641235526133,180.596852494125,285.932781828989,236.548028972745,205.123388906772,428.780771096022,146.965888729754,246.203062884607,132.019195605703,365.616932594301,335.258542810681,-95.9255791904883,-426.223250388533,368.246000643595,345.533386255813,2024-10-18 20:00:00
288.58184127994,486.849446400875,466.108867428102,-71.4010089905008,165.489282495891,-63.4168329252679,192.454706534043,285.08600263341,233.138979415905,205.056596934815,431.738589931301,149.743933908365,251.710995422392,126.787468138614,369.9536195575,345.060730355407,-59.6022668721832,-418.800433112415,374.49881512776,349.192893429261,2024-10-18 21:00:00
271.193529499333,477.507484800069,455.608917962903,-102.101406599407,150.651051084779,-99.7452614830393,173.845132623616,283.189460471616,227.478520780066,188.576529762087,422.366677661356,125.139000993607,241.622263612673,101.334229674815,359.677047771351,336.6402322798,-100.044216394594,-429.444899745691,364.066280323448,342.18759738482,2024-10-18 22:00:00
268.41934596742,470.49437929621,458.303074334269,-113.418683542975,149.045309665029,-106.694107313403,162.662124676729,287.14687634555,225.062258084881,200.535735413312,416.646153928913,127.162296267752,236.072562997262,92.6954207455804,358.05841020548,337.130793156703,-114.755437752619,-433.220092433071,365.98534550706,337.179067485177,2024-10-18 23:00:00
265.3338131814,470.239014641911,457.732174004457,-100.126000028081,137.406230874182,-111.843802404534,164.306934728078,296.033281550317,211.437924029565,200.353768247684,414.5727083778,132.362960975068,234.40848016385,72.1023342639447,354.81123771019,327.99366677233,-112.79021894338,-442.752515780897,369.596543967067,331.803707317459,2024-10-19 00:00:00
258.256291271017,469.239689855144,454.912133335741,-94.5421765332384,136.993027477002,-132.112196762112,162.432103245258,302.749502628697,205.186134816268,192.739955439355,411.883131126598,127.535646192406,224.923413169484,44.5020337554699,356.411144313625,333.906550733755,-124.322401643565,-441.288981295175,362.402816292531,328.412691595913,2024-10-19 01:00:00
257.78404380551,473.864954237628,454.501965486369,-78.8841255611284,136.412447278129,-136.02972707631,160.772108189115,307.942307552889,202.395383960761,181.776209479853,412.786566868711,122.518710515271,223.652991955443,17.3869105030948,347.782948688036,333.027210337139,-127.401594702474,-436.471247096965,362.722621843805,321.576456201174,2024-10-19 02:00:00
252.199214271456,474.740987458237,460.419147706867,-59.8124241020587,137.413849388236,-144.143673742909,151.41060490875,312.093936605319,199.250253730987,172.715817762017,418.25788258943,125.100082236045,226.509604121417,14.5153717822202,339.367337580645,327.806560295057,-127.434509253884,-435.618818642647,364.214799624755,326.435934723333,2024-10-19 03:00:00
256.196390337315,473.801483458931,472.54936446859,-73.6697247847206,123.865663522926,-140.293233514545,158.070825800138,308.276324018507,200.891904833447,177.78024748532,416.006181490051,121.267856582023,235.074745625225,40.730405574449,339.164247903164,321.928771368158,-134.406100334504,-435.896661258146,370.449117951473,321.700074449253,2024-10-19 04:00:00
264.905758344584,475.421207716516,468.862988547875,-81.1613768792735,118.406650656104,-141.94984506384,167.052958955457,309.505002360397,210.483393550388,177.7845336836,419.686174121032,123.573646628482,230.945545974942,52.7670292833868,348.740826326694,325.797780367397,-137.872171205942,-433.215710523566,377.958528675102,322.515503937594,2024-10-19 05:00:00
261.482452574898,472.449741386115,469.122703293921,-92.5139667523925,128.618929228288,-138.997214206109,174.110331025767,308.529101604715,212.956092068333,186.469480475285,416.440014926401,135.957585673859,234.291294273899,54.0855217037055,353.084607581477,326.83953727117,-128.050081065506,-441.14347702413,377.641312853368,327.011498838692,2024-10-19 06:00:00
270.065361841175,477.522870778132,475.408566187515,-69.1628010404093,143.049142820436,-111.513798230011,187.073637418063,309.526608146467,225.041472102128,199.121602531712,428.578399114306,155.502845039539,238.786768637686,70.2044843173007,364.567314585748,343.362273444299,-124.746329426638,-437.0068743094,384.029478511293,340.681679048904,2024-10-19 07:00:00
268.302644875543,480.863682990093,475.247790141532,-38.8259394992186,142.952126349628,-91.8624443360344,179.199705179616,310.161983212769,233.127017485155,192.503571795796,428.830768777065,149.843211771623,241.87155721168,93.6557537908813,359.391434681448,345.751972600099,-119.978896739602,-434.113905779544,383.048503660086,343.70144509396,2024-10-19 08:00:00
257.657979560992,470.397082091303,461.562721941311,-74.3696499309536,118.948845254568,-115.957635549453,172.036525257064,294.469991293065,215.202768498017,167.517156987735,418.425757110406,136.746263015032,223.705745269171,74.2778715945147,349.392294904801,328.127878355082,-130.115499919016,-435.002281741138,376.974799171829,326.679371255673,2024-10-19 09:00:00
253.089677779458,466.626893916488,459.375916092724,-102.268298247138,79.4272573285557,-127.984001220947,159.383259644021,288.822278754122,201.225276991549,149.505293750974,406.69805890549,131.052741424512,215.747889890261,44.8805644739296,338.536411688648,316.474751683933,-139.468626821288,-448.869531464358,369.101676030377,323.007828690507,2024-10-19 10:00:00
246.776962505152,463.904925453886,452.639683750812,-106.945871917593,77.1378278238394,-125.453230615417,153.600221848626,286.81177553031,194.152946232872,138.916506062446,403.484920592553,135.836942140558,213.193916613702,30.7122315366657,334.450826710291,310.23612905189,-142.64377727921,-458.122256336049,371.766067980337,310.608664025259,2024-10-19 11:00:00
241.157085422529,459.541342129801,451.554897731808,-122.370776280785,57.5418750957019,-127.81886294163,146.682806428816,284.203725712022,182.282040250378,125.369456282088,406.74942218883,123.622052123781,221.230856232548,53.0898502287519,338.06736523399,311.408224867059,-143.944090740865,-463.668130560168,370.624197274635,301.133696943724,2024-10-19 12:00:00
241.944877110602,451.561455957304,456.651696456875,-112.401384484574,63.0133572008667,-140.206230776545,141.170353712107,282.53087108562,178.371734212389,116.260668285873,401.224053636041,112.201379365908,213.930035724525,61.5923595543533,329.994023960326,309.046131138286,-130.804210787457,-467.177116281511,371.530990433909,301.938758542188,2024-10-19 13:00:00
243.242362837397,453.408237688988,457.182690576542,-106.161319178057,74.9547848879506,-133.976195374737,137.716115971801,283.648186717364,182.730780099386,116.476678200882,400.161828212271,106.91348883448,212.59656044464,65.6280551564171,335.938303405425,314.536037719702,-129.935369245132,-468.689910355363,369.156457724665,306.197640290695,2024-10-19 14:00:00
245.849604072101,454.603428981451,451.938718670945,-124.403509571133,71.5035444834395,-144.317596925072,142.489912159702,287.019193269814,176.789518711531,106.604936230814,395.569569484532,101.664055367225,210.978141368461,62.6218080050083,329.599247282214,310.20712001073,-138.806082763497,-468.720268037199,364.953611170109,304.811898163885,2024-10-19 15:00:00
234.720398668398,451.237715776503,458.194948954803,-119.295863893297,76.3481946461819,-147.907410518502,151.031918252804,285.872225838601,176.655125097918,107.537989191055,392.607299586155,108.938827439731,198.603600540097,44.1127498630194,321.376934708406,310.376110322245,-136.6598354739,-473.692622162174,363.877616783769,303.283109219224,2024-10-19 16:00:00
229.231277640632,458.074912226489,461.575872328247,-115.626462538029,80.697291959094,-139.120107697382,168.124827450211,283.718113217205,175.627648334209,110.896785678885,399.366202142677,100.899588148437,211.590448974358,48.7360694706431,328.593884744529,313.23205328564,-125.474880773537,-471.983579437661,363.476346266926,308.904020820453,2024-10-19 17:00:00
248.555257563769,467.160137540503,462.988937336689,-117.549689576632,102.986206602866,-127.089994688548,179.102252669054,287.223884774156,184.625105674948,123.494655206028,406.211087424662,115.83371690577,215.560811426404,73.0590221501631,347.771980079674,320.307502938859,-110.035837241404,-464.461282830843,373.741140965442,319.765898790321,2024-10-19 18:00:00
269.920348343627,482.888395745334,479.56296337978,-93.6488155094591,119.649926557575,-127.531777261969,194.803202931301,296.916249590706,212.745310995451,146.097718924924,419.706477448981,145.290165943266,228.708046169058,98.2866553490792,358.360988244947,335.161731274429,-77.1694305187015,-458.462132471026,387.888828006408,342.656643008947,2024-10-19 19:00:00
289.73551177357,490.181997600833,495.73193208822,-74.6513532683272,143.071697017711,-115.94564399856,216.393602323254,308.573535560784,227.811193103939,173.389268321393,425.787922125887,169.959642832764,240.17408442062,120.783653618355,365.20656042049,345.766364348207,-58.3900079572024,-451.65214095709,397.206292287802,356.002312326607,2024-10-19 20:00:00
294.427964218822,494.485532698248,498.383467033674,-77.3181101754861,152.884301630448,-105.248227610888,213.455160749245,314.754913633379,224.063403995479,176.12289657107,426.844897088249,178.77910690699,244.289451946341,123.713979467799,366.086560939166,353.716657593977,-12.5359814294057,-446.804605328021,397.880023768087,367.252176108016,2024-10-19 21:00:00
282.861497699275,485.223999424841,487.742169419401,-103.738517486845,148.106658106362,-133.19239222009,193.331294814474,310.990156066299,211.978601551151,154.193771184498,415.660152056201,157.132826505898,232.748192151995,86.241988179638,360.499840900352,338.692777453005,-67.2446794273867,-458.307208859221,383.764902725404,361.987530680474,2024-10-19 22:00:00
266.43044473892,483.28607874681,483.883253659157,-102.449554877907,139.899703937104,-145.185589581597,186.597032605368,310.055563239946,204.868055313407,145.149543750806,407.967512751749,144.440428464176,220.85677291713,58.8602952738897,362.93210856218,335.780804761529,-77.8925214802715,-462.880933038202,381.241853243689,355.330049758321,2024-10-19 23:00:00
267.007934324716,479.913063841093,481.762588327954,-86.7976255477493,131.184491423407,-148.615281195838,181.240829186517,315.708608909843,201.520442619188,142.193179760842,410.33187577547,150.926146591603,215.166276785809,33.5045811171525,361.864383603189,336.161999461119,-68.9324908199847,-464.010039907779,371.243907138483,344.950305139596,2024-10-20 00:00:00
261.690455503671,478.527054138891,480.90689108245,-106.82293836079,124.665075216671,-164.396086136798,170.799619106991,316.162513091938,195.054381090922,140.127189615097,409.150519930253,152.911405623683,212.63385254164,38.4348869490793,366.008997482306,345.759317754859,-88.1027970047238,-460.89550499753,367.450569718806,343.69133043947,2024-10-20 01:00:00
261.589062647909,473.965617029859,478.993438738193,-99.8096543462675,128.411900169628,-166.170911931493,171.337734200365,311.724988340385,197.00830883179,137.995923070081,408.30254009586,138.738076373158,208.176326333336,-5.93942782251092,363.061846687636,347.165718079307,-81.2457963464773,-458.706725644216,372.180132155725,346.100626720658,2024-10-20 02:00:00
258.748666925704,471.27583189438,483.931802494532,-99.0089083387637,126.209307506805,-165.155795262734,176.943292299778,308.667795763,195.774621315056,137.970136837889,412.320813295204,141.852321658618,208.541373210828,-44.8142202437981,358.904322496905,334.208647581467,-76.8117364179326,-464.23553114569,373.554701876342,352.574002701354,2024-10-20 03:00:00
263.794073426211,471.86882775988,493.950156201036,-98.2703062119832,116.295990767123,-156.538984073889,174.174850161741,300.636997825597,200.559113753539,133.473097350926,410.295619755903,141.235231856149,211.817227391626,-42.0122333949249,357.377361039656,333.291391563393,-89.2094103956999,-466.884888683094,378.078528454701,353.734794549498,2024-10-20 04:00:00
267.231397567401,470.564100009513,493.789513729278,-98.0647606221254,122.681080866761,-165.224835647012,175.788180883433,295.407928096354,197.863336353098,130.381804751397,415.598804923233,134.829001355078,216.005551697343,-15.1926502966686,366.576178669215,337.370850583306,-88.3791201077014,-461.089645147351,381.950585032461,350.44056076523,2024-10-20 05:00:00
273.672122405121,470.815310613357,493.25407064773,-88.9569277746051,136.467670657341,-160.307076365876,177.439073768116,292.805100099333,189.295930750628,127.148575325481,416.73831028105,146.066117491468,225.285487073347,-12.5788563851455,365.240774068238,342.607099628306,-85.8893561839389,-457.883561648381,384.473969849809,350.0285441381,2024-10-20 06:00:00
278.229626572718,476.824083140483,502.77139252473,-82.5597350028259,148.353630388715,-143.055012941721,194.182602169114,300.84244584267,200.36205517904,147.2951258191,429.573274607405,168.663183181207,232.129590230587,44.0976337261719,370.448519329659,354.86667674131,-81.4633772403565,-456.369303831318,387.253368347325,364.47669777124,2024-10-20 07:00:00
275.040040125927,480.932480392194,501.672655359607,-66.0450856010236,152.868352732997,-134.166498298026,188.82789917968,299.118179003084,202.299392913904,144.349179023301,429.432551377327,172.057664537016,240.020447508866,55.1785938782512,368.620261529726,350.717095899337,-83.8208111696692,-451.425642942621,384.312602688836,366.639498957929,2024-10-20 08:00:00
268.853073830094,474.889319015918,483.38961010132,-87.0804072029338,136.872696802331,-159.518944455738,171.913474901013,288.621309155511,182.730573379312,118.478935728379,422.068444515969,155.69220112528,228.51529024492,-19.277498081815,356.975256226732,335.157628843192,-98.4014748744752,-459.829474779253,378.319979902438,348.405828254267,2024-10-20 09:00:00
265.006768339151,468.188228681145,480.990515748202,-99.5644000645768,118.94986684551,-171.502064432998,153.262549060849,288.877052168604,170.349677262982,102.396212200031,412.421863201628,159.034632855869,215.917436561087,-50.2687183077385,350.096858264801,325.100181050528,-113.095504622769,-465.587288715961,370.584952984963,347.683709853083,2024-10-20 10:00:00
267.74249657132,464.490707710226,474.028145669611,-109.819418121455,116.868966120251,-180.760078543499,139.786503734923,284.574111052587,173.880495823473,88.3565578618668,419.351000246039,154.189277934732,208.822017384744,-55.413658462025,348.320447643329,316.04121321776,-119.759637779849,-472.280767163764,369.492150726513,335.9811773173,2024-10-20 11:00:00
264.508480222671,466.869055720687,468.098446723944,-110.836198752831,113.100242468176,-180.259272412371,132.28465226484,280.447710075736,164.950744663053,69.6075881218073,420.534624513946,149.026127887022,206.643989130188,-57.2241121060531,354.22745572489,319.178818953569,-112.699491492632,-474.935944741852,363.001861802143,333.575843188312,2024-10-20 12:00:00
269.426200908071,457.164905870515,475.275556695954,-112.737330926083,119.430685724411,-189.79609211574,134.385693898346,282.960273562943,156.599538267732,80.9666562141317,419.964521298765,147.910487156305,199.002544386446,-52.4306436485255,350.351928982413,318.773184853601,-99.1172749171915,-471.968025343104,359.271857085289,324.904406373157,2024-10-20 13:00:00
278.243825417872,456.661350860488,481.26558605185,-115.280087496523,124.817982935875,-189.123311398914,136.346280454079,281.641403516172,169.007446771632,75.5274097020987,419.1095639207,147.309156281173,201.824539721408,-54.9507491206435,360.58397448884,320.359206274398,-101.454487911027,-470.25603257669,351.83484656207,323.670349323592,2024-10-20 14:00:00
276.071669956719,462.924157958347,476.866888572649,-123.159791728937,132.878829288751,-201.707361582825,139.478616191049,277.804841077627,169.422537539993,80.2524949404012,406.214400932073,151.820173962739,206.359531188817,-73.5600661321242,365.532362518929,314.711431760273,-103.828601132105,-471.185854671038,346.613848849981,318.190980753734,2024-10-20 15:00:00
266.762521597537,470.306583158883,483.5996834161,-127.683406752485,138.074930139836,-202.07565401823,139.354340888141,274.087203487721,173.601495545355,82.7833541578449,399.613910141041,152.038221001656,203.813981132859,-78.8510916771095,365.555040456157,318.133780338557,-96.253730970892,-471.034599831673,345.505903647773,318.538564618047,2024-10-20 16:00:00
266.894243215456,474.472588733663,488.207319623589,-127.846455303717,141.211771696824,-187.486355653764,153.617814373129,278.866992097032,170.530318787343,103.334334546511,402.699576076229,152.615826361219,209.797362400467,-60.4372318892896,372.696922261829,319.292106886211,-83.5745304839074,-470.888970208306,344.958271288843,324.416763900981,2024-10-20 17:00:00
278.017710251316,479.360817146038,493.644824066796,-107.601918751386,149.444646944966,-171.322840052356,146.309475511238,285.021881411751,184.88072621396,118.638223142196,411.104225170297,156.989098294406,217.145074676453,-55.6341528294547,385.858656116908,329.612686405516,-56.8275115634416,-463.382352362997,357.130166559031,327.480260326125,2024-10-20 18:00:00
295.045998232382,491.847685673386,510.64164487238,-63.9475003154093,164.977758436014,-151.70374724003,172.354616744162,298.323188177568,213.24252229884,145.226210230932,420.694545277778,182.32350695162,231.618795075053,-18.334207325528,390.521234545986,344.594839504989,3.10896885301561,-456.137176386971,369.415574430081,346.482695035394,2024-10-20 19:00:00
319.022905448778,499.262505435173,523.627025834088,-13.0471040758932,178.778964605535,-144.936284523893,191.996238807246,311.591032727313,233.240168970693,166.945231306028,433.09817912562,205.984317926645,246.484122749127,49.0724516589946,394.271155692213,353.329095040326,45.6809642834269,-444.429323907521,378.105154623376,368.91212621647,2024-10-20 20:00:00
320.760920700186,507.712056697609,523.673677980895,-13.4738624983072,178.893809552179,-144.040896619822,191.133521551777,318.233725670851,227.20300806494,160.040313098673,440.130639286268,207.914684409819,243.198951349456,35.6085725036452,391.822929319883,356.991333489707,60.7204846669705,-444.545236414548,379.234703757476,368.367493579815,2024-10-20 21:00:00
308.14812671497,496.340033942701,509.570171796754,-57.1095337012054,163.516432508534,-165.692473097789,174.033835313583,314.481496042112,221.247394632948,137.179325661147,434.434135112029,192.240715553518,224.375848186974,-58.0884986906866,383.924426262741,341.35053478471,-13.3991507244613,-454.511735588736,370.078935443617,356.265331986525,2024-10-20 22:00:00
300.206186877171,493.876812014987,509.457629619437,-59.488943435962,159.407194120337,-169.874970889672,156.251391475746,315.026708381478,217.475437414563,132.032509071554,423.772936068145,188.065411644053,221.879991534242,-74.1030016185523,388.498691377876,346.328026681846,-40.8278272384427,-454.129744759569,365.900475852515,347.801366565988,2024-10-20 23:00:00
297.418747958006,493.868859355232,500.578174351674,-68.243369089789,143.224543004178,-170.005785673796,151.810911666167,317.751919177607,219.800089547115,124.642291516906,426.079513123306,195.381793220627,215.200998711922,-93.56180258608,384.672986867533,350.005883292598,-44.3170173127783,-454.931077422912,362.116796452959,345.674617591308,2024-10-21 00:00:00
295.328058623118,490.200633154489,503.087140486305,-72.4213130092171,133.997686068777,-181.475953465838,148.72251948018,320.974960543586,217.918934015645,122.665957276745,427.917064446418,191.89306526738,214.288432089738,-98.1390112795569,386.529655895126,351.462081592393,-43.5884613902906,-455.018097547326,360.364571658147,342.403557408767,2024-10-21 01:00:00
300.547818366571,492.214292349859,497.501215877293,-76.6895962521983,138.182905403012,-173.964669056397,137.317453287575,318.700291371281,217.12509144349,116.10326998779,429.446764884419,193.155599828417,214.377822483912,-111.21370724024,375.798769540346,352.511701234704,-58.3583328160534,-446.897918527774,358.401308315965,334.338062741052,2024-10-21 02:00:00
299.751984001334,489.578509451611,499.501165951166,-81.780629021225,137.49059572227,-168.451977869138,135.109437774571,317.319510773307,223.347448994314,83.22800805421,436.740312896672,184.332293540933,214.623467561633,-130.567243722125,381.084645784358,348.992633704689,-55.2751450522547,-450.444299246477,364.591518369675,336.355540351685,2024-10-21 03:00:00
304.417896057721,491.577782506876,504.546381824841,-80.6113622454645,127.944379107581,-177.0245766453,134.732567916928,314.469090887165,230.98530234848,78.6306028192944,434.479267918553,193.632140073975,215.555324038833,-112.74135779318,379.468513209902,346.394938611129,-64.6160217298737,-449.652048752861,363.749794049827,329.635524194259,2024-10-21 04:00:00
311.385786496063,495.908794897073,509.653846922308,-89.1401608783492,137.561222578599,-181.273373709215,137.840295936451,308.889683539318,235.575465036694,82.7336788355623,436.738723024593,193.380119299583,214.051688105073,-109.835014578551,376.906528091398,351.586582542565,-59.7230808457009,-451.82866850885,370.08036580801,326.684949727111,2024-10-21 05:00:00
320.628397064661,493.517582595085,510.405080065135,-88.6979061807617,136.895917800876,-182.897929980712,136.121335312763,306.729037963578,230.637920325863,85.0696992618336,441.173689245896,193.00861666219,229.405914213906,-85.2698301247814,381.337729134616,356.030110052538,-67.7414198565935,-450.55691230935,366.155866293087,325.685615487364,2024-10-21 06:00:00
323.316153657397,504.182604745692,515.440606196011,-82.23539593542,148.82551682436,-150.44913421329,154.619803654389,311.142650443426,244.209532391243,106.671914620602,447.017634407563,203.414090986188,233.560885718182,-70.4847826112065,393.934536786181,366.166393742052,-58.1455276440297,-443.487571858886,366.841001025116,333.110411629663,2024-10-21 07:00:00
330.788906823711,505.37237569162,517.446077841688,-69.6623906087542,161.679180965882,-145.549894477677,143.636879830954,307.555858162046,250.662020779872,102.811550661097,450.553490129555,193.540638964627,248.728290865884,-58.3618147648639,396.518059514457,364.885568913944,-49.7866939115767,-445.754647775382,375.337130925281,332.790932862304,2024-10-21 08:00:00
320.286305792798,497.168165579509,503.76978023627,-88.0221312888374,142.105661969755,-159.965922037838,116.694987591852,296.10702270026,232.390927479913,86.250166830021,438.982739814006,178.381159519417,238.856989897925,-84.558065510463,389.038088640108,353.761147121526,-77.3032205589255,-453.009231679524,365.09606453709,314.418467447784,2024-10-21 09:00:00
312.979537172746,493.494897288356,499.481725239882,-101.440408757792,127.534597749186,-170.104761094194,93.0704185877666,291.310278621602,221.231827946874,65.0420626656452,426.547685515033,171.865149617933,229.221985538781,-94.1142490990757,380.367411606458,346.974015873279,-91.7330133923711,-460.907527741249,360.543328508251,304.899901458282,2024-10-21 10:00:00
316.253038135904,489.314205239057,498.690911415425,-119.017689518318,121.220116755307,-175.603971407744,91.2703297407852,283.527104120906,216.995638765216,42.0061106226448,425.876545538679,162.496084471442,226.805051146408,-103.201897761325,382.279808572706,336.84486706264,-100.546395903196,-465.74663488064,358.909149335019,296.732291993955,2024-10-21 11:00:00
318.341734159914,489.111498730648,497.911264199763,-116.498191757538,112.54587694987,-174.105206277718,87.9561041485526,280.094273999378,202.668095872872,33.6415163462333,428.97895739916,155.854562687077,229.844719901519,-106.226123703682,381.797794236472,342.910274222077,-88.4944553404291,-468.486570425479,354.098780019721,290.043530863405,2024-10-21 12:00:00
315.173051081855,481.706335679957,496.89165019334,-106.154563386971,120.367616035257,-180.676547729827,89.1389697408411,273.141603697772,201.298142201933,47.3843775131436,429.149262329976,144.730280607676,218.583706232893,-98.9726400785849,371.806175543525,343.463246990649,-81.5896236367118,-471.472875654593,352.235561688494,287.553957261718,2024-10-21 13:00:00
312.54332986954,481.659628376557,498.072910290737,-103.531659978632,114.081160634196,-175.358416438136,88.6032632560353,275.069463227257,198.065585512122,40.934434714682,430.731401085692,145.433890376379,215.070612616493,-98.4835992237907,383.081622888227,348.032208975273,-81.1918082485599,-477.310283188168,343.252248845859,285.249454696762,2024-10-21 14:00:00
305.343997074045,484.896056588601,492.412006598934,-109.770580086497,112.297121076232,-175.644479455001,90.7236602748079,272.387731635865,198.875792918912,37.0034675872442,432.364175869785,145.572907134959,216.778048175222,-114.230644881114,388.917449086632,342.835456074856,-88.94819836087,-473.629730046554,338.712900940304,284.962326724161,2024-10-21 15:00:00
302.220045962976,479.922145856328,494.156822245213,-108.131456893734,118.409209587976,-185.688416024931,98.8317765258827,280.330896001389,194.712538194254,21.0446468504618,428.639106534635,146.465571812711,207.01078276877,-118.412037622596,389.848077793271,342.283585239149,-89.6925988712995,-476.791518694689,342.21511562591,284.532367790445,2024-10-21 16:00:00
305.040152164269,477.738735853092,502.794966848204,-103.57476463126,125.673810586216,-179.543016871789,116.000525705218,286.684687771025,201.751856979892,40.8178284817514,436.027597843797,161.995373663493,206.037704445611,-124.316110643313,391.148112268666,344.143870087042,-79.8755133141384,-471.537934062498,340.194737763347,289.988406532227,2024-10-21 17:00:00
316.620596103609,481.036427407837,501.482055486903,-82.2040876492823,144.845455586083,-168.738681665826,133.013850596649,301.915300148861,217.600818769664,78.7416166637932,446.476582667574,176.839610882835,210.886904237469,-117.139021393916,405.735479971798,352.459141403939,-67.4142520552729,-470.775724701807,351.673215662313,302.173032771573,2024-10-21 18:00:00
334.10766408255,487.303118672502,508.746261469727,-41.251972379082,171.187263138432,-155.980685181087,152.103482075036,316.151855547018,246.813782352711,118.482273077899,457.154295640723,192.701077474314,230.604961367817,-93.7563214647064,415.372174170177,370.04964704736,-14.5248168662673,-456.041090369048,363.29691392177,323.274022629897,2024-10-21 19:00:00
348.809839574429,497.847168247118,524.863612029731,33.2105334877427,192.5799805572,-135.205144825842,169.04353234967,326.75585252237,258.437420140756,148.783949695243,464.268941223593,217.728221666126,241.90715037367,-64.1963666525774,427.535264003178,381.808191417342,11.7249922075041,-447.42516001148,374.265242418796,346.099590055065,2024-10-21 20:00:00
347.046503400228,499.823144202141,524.625842963157,34.2629384020332,187.553762132419,-123.645912402947,173.916122712737,333.071312024719,260.558661387995,150.473440067485,476.630101962907,212.90770329564,238.657866451364,-79.8297101481771,434.504681870751,382.030442109968,34.000972750169,-446.212413037062,374.541251977653,346.544205052705,2024-10-21 21:00:00
337.647582677255,482.780234850868,515.152587488569,-20.0881911663724,174.286193003333,-151.903937545496,158.296978364055,329.060307499754,249.959553245437,127.201219376452,461.86600052871,208.154994652018,216.862848927219,-108.705952706872,424.911034671774,373.661492262094,-27.931696155319,-454.117494648059,366.19558536308,334.228610833878,2024-10-21 22:00:00
334.898601669423,477.218247357266,513.429786160332,-26.2129951189591,170.038667556535,-156.353783778909,143.427554281498,323.652849889101,247.782892012023,114.463638346853,454.143154418233,213.46563103796,202.925001359794,-116.815876349574,427.177652001619,374.191049128397,-50.7242116549316,-456.620139619222,368.440045399222,328.884686003267,2024-10-21 23:00:00
325.904576388048,474.228126058058,511.293455999675,-51.2145137904959,158.485731424435,-161.990733542026,146.577260070089,328.045846796473,241.954284429976,114.255377404674,458.663014410528,209.797214566498,203.121233309285,-137.411415478594,431.007542171691,373.023793672543,-46.4187024572094,-463.312600270299,365.773300563055,323.67645766806,2024-10-22 00:00:00
322.287913642594,475.284924066424,514.387884830827,-56.7621346297707,159.043724546898,-175.894392197646,140.910924452654,331.652123363337,239.370682444608,111.636799167586,452.112259360791,204.633455314187,203.611053971377,-136.619734383201,435.724681742389,368.17256793957,-22.4741579948128,-471.757809827059,364.497348192757,320.046618682776,2024-10-22 01:00:00
319.695977769155,472.279924311981,510.233878702754,-51.1177011344883,162.690883129469,-173.786895371892,133.971329351049,331.68264316748,232.078871347556,102.564383047408,453.281731168008,210.667956683124,196.608016294196,-146.08529560484,431.570128138558,367.795140364617,-11.2420606331902,-469.95411396134,360.466269534458,318.324614147174,2024-10-22 02:00:00
309.541311615542,475.110762535185,511.354802068949,-31.1328690338054,161.980817795858,-174.917688956855,138.294170350904,330.063204381202,224.759458333128,99.8121908297116,452.094930611539,200.921057247738,190.067335307195,-165.658710727683,428.4608504803,365.08877181728,11.9289744165734,-474.750088666547,368.262660187448,326.841530846612,2024-10-22 03:00:00
312.08186502416,477.464023234183,514.533502064932,-36.5286080588357,154.763361062988,-180.416762875647,125.820530759584,327.08986091206,231.546597024427,105.274643772464,451.370612155689,213.568092622682,191.870260761788,-152.560146031125,428.869907805007,361.103549443404,1.09686950432304,-484.050521018071,368.852320236559,330.100816386753,2024-10-22 04:00:00
316.156710342627,480.039639617705,525.665020521137,-64.8700674256199,160.924597755242,-188.866120994353,131.835102319387,329.360027874658,220.755802094656,116.555189801042,461.804073928095,221.590380396492,202.948944711022,-152.123418043468,434.116038815795,368.937278092065,-34.5831041135468,-485.315281653729,377.193991106604,324.482251454794,2024-10-22 05:00:00
321.915326462367,477.641302076894,526.517559850665,-64.5253857389157,160.212301785096,-188.542337651012,143.683934883971,336.387414643222,217.368929569987,125.576702643909,464.275231803209,230.714793336298,221.168569072647,-142.273461108276,432.726444833429,370.50814334998,-42.9062537701405,-483.417041757933,385.395169504243,331.379931334032,2024-10-22 06:00:00
327.234719786397,492.026947789721,532.034450894675,-59.897095535732,166.517854929354,-169.524524185608,153.579527165586,342.660291564076,226.391489507159,136.91589521581,472.50160882749,241.759262637095,224.759021406143,-116.194212067219,435.979914425369,386.793488508414,15.2244271048036,-479.21829473361,384.581596461217,344.595836415632,2024-10-22 07:00:00
333.910281393887,494.052657263946,531.524916724083,-56.8665946536518,180.364147225242,-160.675560509763,153.396244009147,340.719342027329,233.186607092293,134.356895650519,476.493954306942,247.725585307775,227.130547237961,-104.153998308682,438.171009372623,385.486451073617,16.612789081223,-477.882288953042,384.897759681451,349.78797664169,2024-10-22 08:00:00
324.747614051508,478.477888240003,519.904830783635,-89.4736882796505,167.694679037708,-182.71964652392,132.106459849143,332.61309098826,219.11939653265,102.027871374143,464.210886061758,237.348174126942,224.11537762882,-119.922665699995,428.754068911222,373.018779279295,-22.5069004453786,-483.450603022731,380.072525658922,336.850690252132,2024-10-22 09:00:00
315.220504017542,473.580404090494,520.574993007141,-112.572175489114,146.789317216357,-190.603382393438,114.5789984657,325.254471240374,201.28965646771,82.3222600459158,450.510979622852,234.542554211119,222.884644178155,-130.720284083059,418.013246450768,363.155982488549,-39.9509857888619,-497.897193792102,374.993853316061,321.604891551424,2024-10-22 10:00:00
310.004642203111,464.202003437081,516.25741049904,-115.890526258312,135.261130533616,-200.910459849159,105.450431863188,325.214817140876,204.768963404105,49.2540747612641,449.047291158493,226.90064395968,209.640555492921,-139.561248305197,416.218841313037,358.44483817451,-63.857907270703,-500.039809707621,367.761693262559,308.899536549933,2024-10-22 11:00:00
307.212173738862,461.466719671804,513.957142048868,-125.66063319875,120.163291597537,-205.721692680276,100.98835344276,315.921628935714,203.210192950515,32.5071489635753,450.998812211274,225.505148809963,203.746267399612,-135.823286873795,418.992819635618,362.790246043338,-55.634837480775,-503.097778312303,364.416131867069,307.926340204843,2024-10-22 12:00:00
308.209940104617,456.540523385379,516.845130977499,-127.993893005875,126.461044551971,-207.871157767118,90.8681455280782,310.178236709917,207.190183933683,35.6458593004995,447.608639821132,217.083734118938,202.305658868344,-131.088029118723,416.258456345451,363.967004382522,-57.0593530590933,-496.052201985385,365.62744948071,303.051787411194,2024-10-22 13:00:00
303.486905984181,459.250638462072,514.450896304366,-125.713435951204,127.727514548747,-210.087081672669,88.9317264054893,311.783559805234,204.141858450223,22.3597311457979,447.521212735113,210.015004482734,198.39228131411,-132.573013916113,420.433577788484,362.90411561164,-59.7315808978234,-493.951051438057,361.886489264556,307.233511145458,2024-10-22 14:00:00
299.530428466085,463.23199083874,518.466474473902,-126.367721697161,124.60583733426,-215.62971716347,82.965279434945,304.554935463552,213.269366778693,17.5631171260393,446.299033873817,209.394618638482,184.405100984246,-145.775442119926,419.48990282311,355.68686246807,-74.1689557719015,-488.278259087599,358.143708771092,307.237336360723,2024-10-22 15:00:00
300.989237681565,460.579409516568,517.530224366819,-128.58508719011,124.501040128329,-218.611409781639,83.7012475441325,319.226709414562,221.802775867999,-35.2972639544404,443.947753492115,215.090936087084,179.504541245268,-144.85727385569,418.312181600473,356.637858261928,-61.7406187409808,-491.619102406474,354.687254071629,302.569870296763,2024-10-22 16:00:00
302.916627496051,464.924048964611,528.634058575844,-131.643246309207,135.882696616679,-210.791608713172,105.62784802863,321.924936672843,231.404446500233,-10.2260929037782,447.728281875221,221.055485424801,192.474664951884,-147.752689170304,421.937923649721,355.276929688503,-42.6171512191928,-491.39469022242,362.919105121555,308.761587289658,2024-10-22 17:00:00
310.525104773734,476.389491795734,532.339023845129,-119.48833700903,149.56919118707,-194.395274740805,114.005182510957,332.159711100716,237.00797512783,62.2273774636502,456.668553113237,227.755357496922,200.313954721528,-134.847277124788,433.647127573307,359.983750256473,11.1232320699774,-484.458386409103,363.776184233618,314.892484350718,2024-10-22 18:00:00
325.019729115066,484.277269170714,547.013202264422,-100.698379295854,169.539731912589,-181.619570914117,137.233773221116,337.850289512381,257.075240542606,105.306002681065,462.204775986575,240.930703264654,223.179641874569,-103.264089083391,446.461215322633,380.063924876158,72.7779655861048,-473.798100719618,370.916905901729,333.107360317236,2024-10-22 19:00:00
345.449982507877,491.847324505215,553.996144650243,-67.3569292938168,190.200237104878,-176.74911111798,156.618002535846,356.585978724091,272.990518449455,145.392078153712,471.198144893808,255.48483280389,232.282816297631,-83.9516813787995,459.535773152597,392.687919105788,75.172170314224,-467.977748908901,385.247525713694,346.04303799511,2024-10-22 20:00:00
349.20152623382,497.837665181827,557.852843297325,-83.1419501256815,188.671104328151,-177.642223467166,158.777402784882,362.670749056917,266.518037724386,145.134765140813,472.338995214646,258.262690979054,232.243614225935,-77.0465455163472,456.525953675715,401.862348987943,88.1249769795857,-462.332391266311,393.273849456579,351.030235870954,2024-10-22 21:00:00
341.477066221092,487.304053036988,549.504454539877,-113.227136502238,171.00559314859,-201.066040351239,143.1057598917,354.402455270772,254.490220078154,120.266247621159,459.41111590791,245.612221400986,221.671937744125,-109.964727984041,449.930476983728,394.792760476005,48.8351415227607,-470.315774622056,385.890182658705,340.522954660515,2024-10-22 22:00:00
337.253871034307,485.14946535611,543.49935910169,-125.596080977123,165.845439277196,-212.010322430602,129.540684582472,351.657730608568,255.835937423463,125.28842477714,456.96680805144,242.878367688583,214.246074492787,-108.039253918073,449.443614274925,394.963741617078,16.401532223769,-472.596258602239,387.627889333141,338.143345860654,2024-10-22 23:00:00
334.412694725855,487.615913597682,539.075394052632,-142.126038164321,148.405371173063,-210.95380187855,131.174316894186,350.889476239636,251.99119561295,125.601477785595,460.011712270554,242.063518293075,211.861846811279,-119.002467528621,451.534721982678,387.851100075784,-14.4527250393799,-477.883937895418,383.634562439202,342.68798882481,2024-10-23 00:00:00
329.22601272108,488.252241792311,540.07900248424,-144.428571138686,147.356489976956,-207.358142708268,121.818596057063,345.270013453716,249.14975798693,127.046001719042,454.38213588011,230.617795782286,209.500444993949,-135.860153496951,446.123643270906,391.340673509303,-22.5384518977552,-482.518277363183,381.408935845629,339.330703790625,2024-10-23 01:00:00
330.922118572746,491.029177445164,541.722261298431,-133.071677720016,158.040398214323,-203.04000946985,114.424064659578,339.708415634262,252.363735118866,121.364120484799,450.020669557828,231.661400075182,202.539546946359,-140.326745618699,450.55635868212,388.441883641597,-37.4707279784731,-484.505962083054,388.252458030925,340.06250330451,2024-10-23 02:00:00
325.900811646441,493.660243267898,541.323368806203,-116.171614648812,158.061935050587,-204.828611631879,108.831229936711,335.632361296588,244.857137934951,113.304956619404,458.268541138822,225.509870963762,195.876294315321,-155.590333819058,449.110369334684,389.78743776984,-50.1718930531616,-490.22992672004,396.761381557121,346.993783573815,2024-10-23 03:00:00
321.676907929468,495.801634399375,544.464068155473,-123.819256034127,156.483258580576,-203.722474784707,108.594942635931,337.322368342485,250.908742624923,115.7318788373,450.658021863125,227.413975626832,195.107488805828,-153.994543265484,446.495805049716,395.475546539763,-74.8342650096101,-499.459318794448,401.196590828903,338.288914637177,2024-10-23 04:00:00
325.908960452082,498.624431898223,553.270310016522,-135.113085163439,156.608664778057,-198.504355908219,123.357394193316,339.534859634102,256.298601758138,120.211805125836,450.913607443806,228.993156291195,192.694835786904,-148.752431134505,451.734415074822,396.645915793341,-64.3274673839384,-493.359139730182,405.264198759071,330.225410097033,2024-10-23 05:00:00
339.425202773771,502.617254441416,550.103249854709,-137.98970266272,160.80026290935,-197.572758719652,128.340873661893,341.903187361329,249.050491755154,130.418665880759,451.612214152352,225.735505935703,208.811840189438,-133.730037518209,448.899373316399,395.777523503125,-55.0352758104722,-488.693547386073,400.689336694304,331.6043664573,2024-10-23 06:00:00
347.574178113548,508.894010318273,557.119289202401,-123.803083148818,168.587280471521,-177.575988318882,124.95924099538,346.248233600776,248.764767092605,142.995076290163,458.422317698034,237.778173820772,209.929650142386,-118.701940018449,456.033018118331,410.942676865351,-42.2633197772015,-486.289020051409,397.829895256822,340.550718611088,2024-10-23 07:00:00
355.304061513747,507.117140580735,558.679522140355,-133.082673202722,165.765827928309,-167.592257363712,115.86787169705,351.450313251816,256.674067556638,136.044000809246,458.314988722305,247.778170342888,213.010229707461,-110.431441154964,458.046601834781,410.357696844417,-13.9599437673825,-484.766617420755,408.2092386351,343.902929688951,2024-10-23 08:00:00
347.425192624406,498.458676829631,544.95961680753,-150.751601312639,149.712976144935,-186.913164463026,88.5777740703763,337.618524473811,240.929996369502,124.40352992672,443.183847119962,245.34968835134,209.724757064867,-135.67434159085,447.389367283931,401.578638320853,-56.8512471752474,-492.28869139418,400.59028056784,330.29119384759,2024-10-23 09:00:00
337.694050063286,493.799731760952,540.220482413933,-166.67202222374,135.490529675274,-196.595301319742,76.0866095671216,331.150921207476,240.678693042489,104.207835183239,431.64172029136,231.808368747723,199.972294657278,-161.171951067277,442.067367914664,396.619731565867,-73.6849092699148,-503.339848958844,391.381783824597,322.463944166953,2024-10-23 10:00:00
333.484914575324,489.82405850423,538.700622440454,-178.744390808589,134.871576762611,-198.933245368608,65.0549556579768,324.749992646364,240.992180781038,89.7070900861966,427.327447166701,225.629190109044,188.294779276111,-177.55267225886,438.549778728926,390.866320905712,-73.8151598395615,-509.192250020587,388.061154098396,317.668209294386,2024-10-23 11:00:00
329.657243773213,490.496534155307,537.283949479263,-194.569930060298,134.078161159291,-201.33979699437,73.9090267579466,322.605613962075,235.38292224001,61.3070432957186,426.131506008514,211.667236390688,188.176377788619,-182.856849880417,440.253200780787,389.269273519199,-77.0379508831849,-510.316367052469,381.194878334532,317.004100533621,2024-10-23 12:00:00
328.048995578902,489.660059023168,543.71578569774,-196.964261026266,127.201532549911,-207.313348689762,75.6662879181106,325.935944335823,225.505689289084,51.4623416327446,427.001509334137,202.915677021566,184.745658595923,-174.616034244144,436.773994878869,393.726145806317,-87.0126652722151,-510.07807732554,379.642693748902,311.17954227134,2024-10-23 13:00:00
329.732105000675,490.035118542594,540.606268483219,-204.435373384016,129.863069461284,-210.190513220577,59.8451092889152,323.424702334691,221.756890792442,73.5252188044954,430.769373497857,207.430666216965,182.251709301407,-177.726651601013,434.323668160702,392.325741914846,-90.8108866697843,-510.420731885771,373.862213309912,307.360627433144,2024-10-23 14:00:00
322.6189024526,489.705476348886,534.812765577787,-209.389083759414,135.57454997422,-211.426402807386,62.9800780451326,322.624053290275,217.060545251433,72.7558997118527,430.503730218947,211.593504813358,173.576183682712,-192.134056325026,435.696088905716,391.64115785115,-105.136958675273,-507.066670645537,374.145757537608,305.458145611678,2024-10-23 15:00:00
324.036216031515,489.801670311607,540.320280603106,-212.656683426816,135.389833736561,-213.403970752748,59.6066077569106,319.295622711387,234.254238366237,71.3262503809007,433.185709315634,211.101042340901,164.867572074227,-194.80627248346,434.811998373526,396.008768461628,-97.2402528511315,-508.507471861689,373.777259960584,302.283337230629,2024-10-23 16:00:00
330.024516983356,496.005957858725,544.839950615166,-211.957506125872,145.229339626112,-207.51846883144,76.6031768128218,324.727822518321,234.335636535769,86.9847215503118,436.018866604014,212.705015056698,175.152833349077,-198.650677396259,441.780072566996,388.765688105699,-80.9185126670997,-507.217441426914,372.235172127221,304.697846043966,2024-10-23 17:00:00
334.468140047671,505.35152144102,549.554785323568,-197.990614774608,150.755327014004,-193.636786945034,88.670557582401,335.175249731594,245.202714461219,96.0310153358732,438.180375318915,220.74227024288,168.741141664914,-187.186379278523,458.544289843972,387.435688498431,-59.8701130707739,-499.850845735885,377.874520906443,312.372371178177,2024-10-23 18:00:00
351.380915077771,519.752194177267,567.109672701284,-182.172386686802,171.192706411859,-184.068944916777,114.310865220871,346.773385059013,271.749912823991,133.710039631734,442.583073117022,232.697539879621,195.452387543788,-163.946264301103,469.171402021849,400.373813732018,5.70703246521516,-497.921338056049,385.050582063834,328.584176651657,2024-10-23 19:00:00
377.239881979018,528.91189503195,577.045927725897,-170.021994284706,172.768065850777,-176.904162098794,132.89042833222,364.393277730957,284.90561849929,156.083030381724,454.974934657832,250.11422060904,210.970866894266,-140.364599299926,482.8856150601,416.440459991645,-11.6258002013809,-490.639441788804,400.004507007059,345.653745362694,2024-10-23 20:00:00
377.705486956994,536.595400408103,583.889313142501,-174.391648672227,173.101262381514,-167.736200013529,148.056762612047,363.49527277613,283.937019811179,159.437486279093,450.688136450812,248.775833013941,203.844589059576,-145.487185479815,483.16727514358,419.114933850951,25.5713129422092,-481.884291915305,404.359116335963,351.496649832239,2024-10-23 21:00:00
369.208339229865,529.765069834951,569.994112719279,-196.85039565446,168.405392870664,-193.070739698445,137.799006557338,362.081851471549,268.146383749945,130.81007091844,440.718758526968,226.157848667707,178.655858473666,-170.252011185719,473.932401451185,408.754854780826,-40.7778344292395,-490.731024581977,397.51877760507,347.970536269239,2024-10-23 22:00:00
361.700371486503,528.424531591825,569.618864428743,-208.756404899808,174.115811146503,-199.512481300215,117.973291282442,355.275814798812,266.482039191483,129.492618343079,437.7890429854,219.290158934224,165.868651676895,-174.393470639236,472.420938472252,407.686671041392,-68.000040343772,-489.222309062642,397.884803120806,350.803584448109,2024-10-23 23:00:00
362.234754462334,528.884660484553,568.215601495275,-216.578113773022,146.768704006585,-203.653588173713,119.799606933956,349.640850098057,260.029847146517,130.901265701933,444.976444065532,226.921090908159,169.58940219071,-182.669497235793,475.796617581317,394.219358150105,-69.4866893439928,-495.133125033746,393.481261012246,351.705675730865,2024-10-24 00:00:00
360.32575658831,527.31386311996,566.090977095621,-219.439963599031,145.148743490337,-211.576428303201,123.399865314227,357.44872272642,252.557873147062,125.442180686862,442.553001037357,218.715705973627,167.932918591595,-189.582074649804,475.74466457349,400.666993459569,-69.6339527693978,-500.55973960418,383.261173385698,353.798881874715,2024-10-24 01:00:00
366.546281168756,527.445797827222,561.466552161714,-217.878739695028,148.117915940451,-208.803830497264,126.773533664541,358.935421324458,253.675214677524,119.771343365182,433.54012993212,212.497269242584,163.771397892324,-200.149141124228,476.428668314258,403.424709308746,-84.8371299684484,-503.277719889161,387.479417552207,349.21608414852,2024-10-24 02:00:00
358.86969346294,528.740956504908,562.83505843223,-210.943859369043,145.613808425454,-215.087575133527,118.087209680631,360.585315805808,245.305380875804,115.451140550451,440.49480219025,195.717229862088,162.266196294529,-205.196770645217,475.166356145573,402.097363824008,-74.6177135004278,-506.143175038342,391.914262086631,346.081458568556,2024-10-24 03:00:00
358.32178653354,529.81886705481,567.644546133704,-207.824916291653,126.228385841722,-212.759445355623,126.129899512953,361.713637614328,240.698047853184,121.153216806849,441.382348788477,199.099393388146,170.804686847668,-200.393053479238,470.191168874076,397.306117907925,-81.1283491556054,-512.553160952198,391.821818653735,348.073334415413,2024-10-24 04:00:00
360.456208162054,534.296000217413,572.466507000936,-210.509661678973,130.405396851031,-211.329118975376,129.892854315141,361.059896189957,246.984199815216,134.680250360367,442.925840844423,201.488374344792,171.196816828183,-198.051092169079,474.459343018099,405.150014677158,-75.5870596169207,-507.265425035695,395.826254304598,342.84827566684,2024-10-24 05:00:00
366.366174284534,535.207811030999,573.406078096841,-203.079069595939,134.565712537008,-211.008076515942,136.409437719064,368.022679346208,245.962969894396,157.909010959596,443.065147478528,203.682927888091,181.151912173964,-192.173711383386,471.442298370427,409.828518319728,-74.3000161528264,-504.588310360934,396.740076180038,344.595291714607,2024-10-24 06:00:00
369.473105549872,542.511488569907,576.887790618262,-196.854939079016,145.292673734511,-193.151021673965,146.135398656305,378.353574998317,245.398566326709,171.083644330924,451.561568339071,222.019075149373,184.130889976629,-174.858430417289,471.942094672966,423.944412315994,-51.3449914670514,-500.835078179938,401.746608904926,350.932572765054,2024-10-24 07:00:00
369.809158548882,542.267282017564,575.565971232884,-186.603852602599,147.769837250657,-186.181827606937,129.26907698061,375.023879288066,246.235148872072,176.507050769523,453.604517276642,224.952175056726,187.333912450844,-158.243693311752,469.473171227247,426.747896334502,-48.0336348351546,-494.811194621719,408.124157365842,354.404918856997,2024-10-24 08:00:00
363.003009601675,532.486493273355,565.59415294749,-197.364838677953,122.331087323508,-207.893698206748,108.344462756917,359.360579414711,234.613026097998,165.721255570227,442.37109657398,217.688821506022,165.386304571929,-164.13089815909,454.754751207855,416.038046415043,-72.2045323596279,-500.731545351099,396.034662959527,339.638367295172,2024-10-24 09:00:00
351.545302221491,528.155894966041,560.543013698038,-216.236838366959,106.563785059592,-224.775485277677,72.5998037975978,348.780696466655,221.631079195001,152.151971623217,431.693628435457,206.468725256707,153.549133051807,-180.344902560931,443.095648187753,411.308729436821,-97.0869827600706,-511.488462453622,388.34547625482,332.862212855248,2024-10-24 10:00:00
353.727397147881,517.523815728353,560.881451221123,-222.015220797214,107.410768592905,-228.561066920664,34.273167591228,346.521174440198,222.737521045771,140.727300660205,437.827695301946,196.883264633697,159.194594446614,-188.504969598898,438.04029923004,406.041649091266,-109.355865511761,-522.504846988908,388.279972698291,326.030535692392,2024-10-24 11:00:00
346.758660257795,511.817404274919,559.575429487957,-234.421010892776,99.9560508101223,-235.254046155347,35.7701173554267,334.26665793041,215.849511180317,121.953893771481,442.14179501094,195.780711147479,158.436643972722,-192.749417793242,440.680717300448,410.261674453864,-110.693125308669,-529.837074595786,386.578874359398,317.066488534099,2024-10-24 12:00:00
346.328210391424,509.062777026777,560.557040734375,-230.974421120212,104.169642650805,-240.16725130196,39.2396558152023,332.377195735516,203.463232208884,126.118580707378,449.057253477203,195.183556326782,157.732657158055,-188.658140898947,436.447722917382,413.631662291046,-106.44255038988,-531.746081613232,388.809111351296,310.396437621342,2024-10-24 13:00:00
348.871950589567,508.974319923456,553.346922159848,-234.227332441476,100.722686537699,-247.900265812386,46.5553290014509,325.688153040208,206.31041623813,135.853493944853,449.12154265437,197.462363921223,152.449090313149,-189.077399335527,437.069899410661,416.320908259651,-108.952961557165,-534.456808273495,377.509026702035,319.695390898101,2024-10-24 14:00:00
347.664374463934,505.271619986983,549.085424856197,-240.282036790541,112.029103991772,-254.520909980993,51.7220874326811,321.982500551929,192.802548240178,131.198463143904,443.690499970816,200.745028215096,157.517883524387,-189.773986127032,434.132041742253,416.435775668,-122.715503041843,-532.923138937567,374.999239764339,320.558807166977,2024-10-24 15:00:00
345.461211737714,498.952495612479,558.812109096356,-243.066654735664,111.655817627023,-254.677077780511,46.6075822745603,318.202379282539,195.261914615195,118.841898888655,443.258229029316,200.22211013113,157.045988783632,-192.70845432966,431.987626030644,417.038535828209,-118.357836619933,-539.228153942756,377.477307078384,317.009318409225,2024-10-24 16:00:00
348.367014142634,500.973305711478,562.47118745086,-246.14098807825,113.674910692995,-243.033633177796,56.6087507132444,327.412962491673,198.954290280473,127.51301590325,448.914406583513,198.767476459888,163.141445059888,-194.355162698467,440.636162563162,418.153806319231,-122.748338388204,-542.95913195837,379.208538291536,321.516501941176,2024-10-24 17:00:00
360.498005090908,510.832136296276,564.381044220176,-226.817823278693,134.63322155814,-230.290010809326,78.3004133420471,335.915969535482,210.761752754438,147.990950010111,461.836783963222,217.453665851391,166.584277830321,-185.708914788771,455.729851544303,426.328089222871,-115.513502812813,-539.131288799212,387.549651327503,330.485944685731,2024-10-24 18:00:00
369.691380415167,527.606981353021,579.342572628626,-203.902278245692,162.476146437061,-223.711614927753,117.548025990246,345.68607611124,235.161113527654,185.04100520165,472.315786505654,235.947403146239,185.82576643902,-165.429458856762,468.519790117605,441.98157229984,-96.5865735007018,-527.472610675359,400.405679266327,348.198554325437,2024-10-24 19:00:00
384.286956192074,536.844019179206,591.436630002116,-185.118925893632,181.382720119316,-215.398944761802,142.680102086156,364.846378525188,251.124667981265,204.355634787799,481.730598944002,251.361268826158,196.105935275088,-140.060758919503,480.400873296906,449.664227679709,-74.7594602525165,-520.273240312157,415.927299367212,367.36516415315,2024-10-24 20:00:00
387.161297105063,546.162354912512,596.868118990325,-184.696322060458,182.78223607601,-206.741490482197,149.99011776109,363.042094565004,256.583832575008,203.847563764009,484.368906539317,261.170680841077,198.255345280875,-137.971977693769,476.865527165152,450.775298769151,-59.3715000688189,-515.578816580184,416.766874236118,366.970869337121,2024-10-24 21:00:00
374.478512879825,537.726798491683,584.283542746449,-199.860335451083,179.913014648119,-223.314054158387,130.502022990056,351.731720234691,252.270754871178,193.695895473181,472.491368112028,252.291799397913,182.149114804693,-171.506942359212,469.535220402161,439.316319839751,-92.4773951925913,-525.191163502591,404.736672246431,361.537185792994,2024-10-24 22:00:00
373.907584009029,534.971111872763,585.716655352277,-201.136544691025,174.044865753164,-225.848597647089,126.350152594601,344.645725639827,259.071377256063,191.035105246216,468.325789306893,245.992530101418,180.221637042484,-180.946813159861,467.457698531465,442.363637089499,-105.880551488863,-529.6385771757,401.961112853752,357.478318379861,2024-10-24 23:00:00
374.390324403959,535.102168566951,580.467040055921,-196.192344796619,165.379326962491,-221.279957456541,110.317419496422,341.97177328617,247.716758583638,183.300639288468,467.293714298078,249.612697517772,176.304398917046,-192.960469575508,467.376512568664,438.77809665963,-118.149457953885,-537.795166071274,401.273191887925,354.09816239895,2024-10-25 00:00:00
371.711144595577,531.306117864256,579.658980921775,-193.385799365695,172.950101845721,-226.78385502324,113.828427478058,345.076262021928,238.43101895388,181.828948450207,465.0780318018,245.289536224867,163.346559597217,-194.906571942874,471.657162788972,439.678805024978,-125.205938206438,-542.422345689939,397.066347731192,352.264493682713,2024-10-25 01:00:00
367.607676446382,531.191660748501,575.811556002147,-192.821850006632,175.794605731342,-220.803933008804,111.670647659347,343.161721957306,230.887745861897,191.118117049636,461.359275155898,247.428786902498,149.058071515409,-202.252270566232,470.138240426569,443.841006255515,-125.123515250963,-546.00442753008,401.308196245002,347.695574956089,2024-10-25 02:00:00
363.742086226561,534.544394924589,579.122614633168,-188.902934168287,177.519984711269,-227.385542335637,97.9424934718907,337.274466870932,222.921826687978,181.900977014212,461.927919395218,239.702441859148,130.85012085171,-207.358307760525,469.551859085028,443.115569847342,-122.418949788884,-546.008353755053,404.200157883217,352.295517992487,2024-10-25 03:00:00
363.538330127253,533.12732858174,583.92616393922,-193.436237154203,173.010775736928,-226.436551626941,105.58340899484,334.997600688424,225.619235100383,179.617397970387,460.412359209194,242.116163904004,138.817811747271,-204.132745708616,468.814197353908,441.699599033245,-124.291981085656,-548.121463017508,401.215237058415,350.443282684279,2024-10-25 04:00:00
366.102608724125,534.035409247837,590.591538435937,-199.29746802466,182.792982367914,-227.983013810323,104.935203921502,337.188502257657,229.594809943867,183.902049586798,464.883002134275,243.937110291235,140.503656015113,-204.039166911415,474.421496385512,446.007022528598,-122.466351563739,-545.885393958749,411.832142634989,351.534947377104,2024-10-25 05:00:00
367.897291550249,531.279959732205,596.813523945927,-198.649266357765,183.573518653329,-225.609482986219,114.518807726901,336.246940418301,227.160661387017,191.527346372634,465.472276099058,248.323752361061,155.734622244956,-193.466945299527,470.577822781773,443.021770317446,-120.610960693936,-544.716930565393,420.629664569357,352.558770278524,2024-10-25 06:00:00
373.760194041296,539.917022366393,601.488535005776,-183.668284761656,196.174339980566,-202.536324303105,126.951390905579,346.254057460697,232.916692678313,201.889003341088,471.818125488857,257.344373369938,166.641473479394,-165.912949327774,477.3979436444,463.791283678277,-115.28004307405,-540.657047215783,423.998727658497,361.500288834208,2024-10-25 07:00:00
372.764791306672,542.648576125235,599.645926018519,-189.47110058943,190.63502355416,-193.654130317809,120.878627497694,350.19753185271,234.197491422529,204.584027956281,472.513728758952,259.316481495965,167.600651229791,-156.665888459246,480.198661670859,462.68501045484,-97.9892911333588,-537.253084852301,424.134086751692,363.627995122639,2024-10-25 08:00:00
362.729044417159,535.091785528838,587.28504738274,-207.684457512912,184.471113568221,-214.664033287502,86.4270238332401,343.803905788568,214.484341361158,187.38689658674,465.298562024046,252.121592430484,162.130247465519,-188.108562756368,466.279295773155,450.749747024398,-116.688095658261,-543.257434291733,421.585031515499,350.897552698522,2024-10-25 09:00:00
356.492816742671,527.322868766634,582.796385472358,-221.276297815863,168.397846520448,-227.826014345519,60.241401919606,334.056322780153,199.604842921914,173.849439622638,457.515454290519,243.881544217737,164.593666932752,-206.081652186688,455.945791781743,442.297648255531,-132.950145168946,-553.911156414578,413.493242455647,345.810744849015,2024-10-25 10:00:00
351.422412750681,522.362048988527,580.076668347097,-234.695964401161,163.045591027603,-236.599327462878,33.131289030495,331.849996745078,193.059549162571,167.589906177224,458.679262257907,236.073784532131,161.020754817128,-212.997330202416,446.070391869377,438.908626549878,-136.787185407192,-556.926981869617,412.391326695739,341.949006005318,2024-10-25 11:00:00
349.90397564376,517.330384253537,583.909397955485,-233.728460289997,158.382214693775,-240.31126178348,14.8363804112865,323.105923201484,183.610347393863,157.377033625298,456.937659674087,234.438555671119,159.013103122739,-222.89135300203,447.034842153594,442.498067796002,-136.238380471194,-557.498264479988,405.02306879852,339.863736198463,2024-10-25 12:00:00
344.865041401768,514.186997964069,583.013883299195,-233.947246041738,151.920866108394,-246.774087443957,-21.3904008850291,320.211146854802,169.461085806505,161.185418477464,458.402813313355,231.841340105977,159.108066671624,-218.82099914863,443.701614373825,442.004047953802,-144.008248319215,-559.12866501322,410.203798706697,334.746618530381,2024-10-25 13:00:00
333.755400871536,519.265459770676,576.550732357041,-240.649628180398,149.093700856888,-244.924946244102,-39.4897772952229,313.708545261326,177.792201409701,155.270283292313,454.742370808289,233.53600877335,160.699548542572,-220.255237957953,442.241043843433,442.177757148319,-145.578620523282,-560.797571453222,411.102597932807,325.774792366129,2024-10-25 14:00:00
332.898840712835,517.053742358036,573.478776028475,-249.507363550988,152.500363564131,-249.772188545012,-48.6654722832274,315.428343389442,186.160484382045,147.486427597677,453.646166765404,229.769273278242,167.866767387439,-223.430684418839,440.533707935711,433.849859078446,-149.70517076756,-560.204837782468,409.51966322846,326.268520829663,2024-10-25 15:00:00
334.676935235245,517.92120249651,579.578567482749,-245.786930583132,151.490313315316,-248.121806632235,-31.3713051855721,311.717856979359,183.467410075015,140.883494873633,455.279607320716,238.772434365298,168.650492189546,-220.031658597168,433.963094982726,439.412490322722,-153.874441367215,-562.258221791339,407.921803257938,329.280302416999,2024-10-25 16:00:00
336.03735483723,518.431472243367,586.936265765537,-236.068509586377,167.782808486106,-235.980581464836,24.249587152457,319.600053899993,194.109956648023,138.352787197108,463.937676576179,236.685642553617,173.974794339054,-227.888774806831,442.538302578546,437.962414809867,-142.790183770806,-558.562507974413,401.667533972009,338.716926546179,2024-10-25 17:00:00
347.803135673835,524.523004353937,588.22065679048,-223.543221692072,171.858543085797,-226.38079709331,49.8215456740906,326.217423430384,206.447118924547,154.111598144021,476.504362705813,243.694183363864,182.035269912407,-217.674889213622,452.722386003134,442.128737325079,-136.579316021436,-556.412180536364,407.905102576341,348.817383899232,2024-10-25 18:00:00
356.911795133537,537.914583967376,601.059806920385,-204.040359649263,190.224747163283,-208.047168736847,100.810687961159,332.337294770109,228.877563172831,187.874922096062,487.606655872293,264.581332023366,199.881308621783,-192.765555192601,464.889538479372,458.944080434184,-124.887835417675,-548.744060089471,421.907328748401,364.812953392046,2024-10-25 19:00:00
372.536413031874,544.87254084751,612.001212863385,-192.580026719555,213.038529697674,-196.481239227216,134.856167314186,352.446424864333,245.504165157959,208.705130486558,496.144620013694,282.140306209373,207.793588037675,-177.038667041628,474.673032428125,466.353319228789,-119.993000289489,-544.327101898629,436.787085341316,381.60298297784,2024-10-25 20:00:00
367.536939634198,545.180105437245,618.538806485474,-185.384374710297,208.977558886725,-196.386169038701,146.042381485367,354.013216311854,247.883004989942,200.08185306801,498.168822387937,279.369383898422,200.950869282111,-182.531194478946,475.247419292375,467.314689868736,-99.5979395135501,-542.229824060383,437.868855094926,382.492144532956,2024-10-25 21:00:00
359.416865126446,539.61627636242,610.338008312516,-198.560938796073,198.125568189844,-214.837346467778,117.368611272676,348.097546864154,238.268151259046,181.16468808962,483.347780580939,261.986681596391,176.353067452842,-215.646077932361,465.749502661357,451.440301201908,-118.689514105393,-550.627340838026,433.362586737009,367.634615419657,2024-10-25 22:00:00
362.851624071205,538.06914029135,608.279186530094,-214.156812179804,205.921175281231,-225.364755210243,114.331384500982,344.183482798714,234.051246251195,172.836090678316,478.780749990029,261.926122661621,167.887046667997,-216.816381026009,467.836682762782,450.923639647212,-115.45387911505,-554.431231308919,434.46801455675,357.921707814264,2024-10-25 23:00:00
364.729483040849,535.086326753236,605.540997071986,-218.808925069462,185.667850175415,-221.441571460173,110.600926537979,346.695767335784,227.49355123838,166.923997005154,483.521026676413,274.914881908831,168.538877765684,-215.476136621994,468.203333101336,442.581449940899,-119.545828199033,-562.826773617599,432.005313498392,356.405936892335,2024-10-26 00:00:00
361.934777167842,527.388048966817,607.279536523791,-220.738347312351,179.384360769651,-232.410218399745,106.317836894426,353.953291093902,226.128966381604,156.002463172537,481.759643459582,280.238627741896,168.350303493051,-221.188751431362,470.653084374879,446.766161827276,-126.200701400405,-565.432318981101,428.13288502154,355.014634989875,2024-10-26 01:00:00
361.200489244114,532.9639718999,600.519464679017,-225.015945974974,175.698410992485,-225.177247804703,105.380301424603,353.002559751454,221.661516596078,141.730106652223,480.313528445755,288.163410911986,164.633130324484,-222.655992947719,470.381946945806,447.640280066276,-121.727697866335,-567.426876091066,428.07662408651,355.445602848421,2024-10-26 02:00:00
352.344998578871,544.975954125023,601.297338118104,-222.415176698292,177.77437729025,-237.088285327392,99.8932496253558,355.934761778825,209.548599590914,139.05978622085,481.886187038816,288.202326837882,157.699563210646,-222.987414865798,471.105177940429,445.559110315795,-114.043697988028,-569.744888591423,429.585915129029,358.106095327548,2024-10-26 03:00:00
355.651679181856,545.984267274083,607.217452171602,-230.847055743488,167.301272624473,-243.552921838994,97.7204974067601,345.313714182628,202.961450654893,140.933178826367,484.308295274336,291.626824659477,150.214829408288,-219.500576175531,469.915166813742,449.880670246912,-132.434535903391,-572.523267574468,429.91740598818,356.655170532777,2024-10-26 04:00:00
358.551687401142,550.001273966731,609.79074518983,-233.488403043267,173.803861419863,-245.45435711257,107.890689555268,347.38116270904,208.944389074533,137.437132303724,489.614935389729,291.742633289492,149.448262782093,-217.249065804268,475.368831561121,445.071615965524,-135.256962801332,-572.979685158314,435.656589639538,353.528680985064,2024-10-26 05:00:00
360.857349327943,553.761581026682,610.783184933931,-230.666870167317,175.381876995409,-247.161464357211,112.882320488512,352.358245041977,207.234144215027,135.108805187086,487.767115706626,298.905238213715,156.475834957041,-198.903404238696,472.863142379601,444.734167028059,-132.850299237478,-568.357269028846,444.026237640111,350.763674884169,2024-10-26 06:00:00
360.533684563008,559.606240263473,615.089477306044,-217.479840896445,183.234957767974,-223.986964318251,119.675909283927,359.18785832881,211.640094690939,141.230427390984,495.381137415421,307.426312109557,154.793358290749,-184.320521181908,472.214027288588,458.045830994268,-138.306258443498,-569.589067747185,447.274214897363,367.120168696113,2024-10-26 07:00:00
361.045126618617,560.086605043156,612.517851556645,-212.038318052319,189.580321365513,-217.759254560373,112.627987363149,361.956729788486,216.088806737979,138.056333565499,500.19616208652,300.169567042482,152.202986553482,-184.287813994503,475.853241253919,460.152144601756,-134.241446174492,-567.697573858848,447.901299659966,367.730800467341,2024-10-26 08:00:00
348.554258565193,546.094823507303,599.188925780934,-218.451934032596,176.510101909442,-233.335274712103,82.0004107963698,349.895476850441,194.957633397897,127.040853166033,490.145559572894,296.433569352226,136.618731372561,-193.515791153501,465.431699998953,446.055927720899,-154.795157234306,-572.371329141548,435.346233665209,355.072738265915,2024-10-26 09:00:00
339.329857774697,538.582247473669,594.906652840281,-232.269879928797,149.66332870216,-240.255375904253,57.8865310357885,338.73030095798,182.166449960307,114.477398804722,480.588137599395,287.303296115535,126.187056801952,-209.342917514559,453.991191062955,436.840767692408,-165.662618137232,-583.145687561694,430.905838807418,350.885750351964,2024-10-26 10:00:00
331.40287387233,536.422676776251,591.015481732837,-251.133243854158,141.919861729348,-244.707055538843,35.9322818745089,339.570404066229,180.285646475793,94.6679222613063,480.199942184885,284.397782197406,127.191961975427,-223.047936630567,446.621874491348,429.962234715226,-165.233628649582,-588.554851493023,427.998318284918,349.982547463025,2024-10-26 11:00:00
334.875255701241,533.050225882207,592.63010889099,-255.357657182142,139.76536527305,-242.802876553607,23.5059632197816,333.818609954685,161.076711477746,88.5061000663622,484.459538642259,273.652701831703,141.357471257877,-228.205642097355,446.499999587952,432.352327791157,-169.71251358948,-591.166865248979,419.058025840673,345.189101073876,2024-10-26 12:00:00
334.247647003354,529.491993690256,598.770187361129,-252.288246884611,150.935580114753,-245.201326836119,25.2322781564085,336.589158719028,146.751818912956,77.4099938615483,485.930238218436,253.766906486421,141.553931811988,-229.449953982355,437.051402837839,432.90936231962,-169.622422203346,-591.592302078839,416.472224601681,339.844862831184,2024-10-26 13:00:00
335.509469825621,530.863648604572,595.771879294129,-255.99117322839,143.289844412738,-241.999196306698,-27.7859258891699,332.763938472477,141.954461476647,89.890418473507,493.78239424025,251.187607536506,137.995508043821,-233.728246796899,442.932558549641,435.012084736744,-170.872041714269,-593.186871869438,421.630725107618,337.115817245372,2024-10-26 14:00:00
323.440861144754,524.414089527817,594.918681133439,-254.998960520039,143.407787201705,-251.654619898591,-28.1027750570027,327.150160859211,134.468190174852,85.1586308100672,484.584958576709,244.144484566011,149.531571094455,-228.925354567803,442.573666297758,429.473424069421,-178.766274239616,-596.90842195358,415.896413436651,340.408835848737,2024-10-26 15:00:00
319.58557418331,526.58176205054,599.004930715958,-248.395387125518,144.173468514456,-258.107672273176,12.4227047365714,334.149641945047,147.83924528393,88.9212719177267,484.019324611302,244.059443422965,150.318191380605,-228.64001191416,439.778816028243,430.442191690543,-167.532559309852,-594.574962253407,415.895882974271,338.744092019603,2024-10-26 16:00:00
319.723153657833,524.678731165952,606.035172647648,-242.933806465482,146.986226200551,-259.834287737479,51.3321144468428,339.878165626357,162.010400110944,88.9107015554376,492.107033751175,247.428392604307,157.828638950508,-226.913881968184,447.556467436787,429.75098258153,-163.421979326164,-591.979206274535,409.97513969922,341.434779523146,2024-10-26 17:00:00
324.436962130356,530.710342434725,610.361927073046,-230.637402538993,150.220027211429,-250.998230577331,88.4862229869623,352.390573521818,178.699656451298,105.41424631486,499.706837535353,253.238824146722,172.36188604758,-228.481490837495,453.368910874345,433.956780759119,-151.809627814525,-588.628165198779,415.747134385861,348.751337882051,2024-10-26 18:00:00
344.091643204781,541.293100695959,623.103863108167,-215.173149253854,180.48143691678,-231.174133200507,115.73465820156,357.593453304224,201.060366621818,137.043447147233,516.058359554228,270.794397125694,184.053454708645,-208.885787892662,469.401699854755,444.924140773413,-132.14250805679,-583.406577785417,429.005500060489,366.840098462588,2024-10-26 19:00:00
355.649047510363,548.84731467613,636.936522838586,-201.647519552748,206.987954870677,-225.176660688108,132.111427751693,372.750040003454,224.009140147466,163.573193941117,525.629629590002,284.057393926634,198.197312447177,-200.255726470643,485.357161985665,459.801599097065,-118.85554361018,-573.239610082679,440.209245604657,383.738090035037,2024-10-26 20:00:00
356.790359529857,557.312885817063,637.923642387627,-197.230878792914,198.676502150402,-221.759587614567,140.637671577859,373.456789097138,218.658348192964,156.225822847663,524.623029543843,280.404359882447,197.747558660168,-200.353243175,480.316582867557,467.114815719426,-85.3160429242485,-569.021550724037,443.299561963615,390.339460655276,2024-10-26 21:00:00
349.240543221315,547.271617768105,631.254595604147,-208.554732031574,176.465763377291,-237.178819177765,105.398360187232,374.303799593275,195.673558093245,125.857157494392,511.676156595279,263.772789551666,184.0497759379,-219.348726769262,467.775799046298,455.773032071438,-117.858786036277,-576.784299850255,433.927698924931,380.733003763735,2024-10-26 22:00:00
346.770416514199,542.018468570013,630.96064553226,-216.1379398369,174.842158362147,-242.915164570648,101.561909468382,375.732727071939,176.99513917143,116.148111300999,507.260862295507,265.937259330067,173.067872494807,-226.046125155355,469.032760140083,456.290732045661,-133.035562761432,-578.649550574958,436.595169931029,371.574331772501,2024-10-26 23:00:00
341.871164161247,535.774697559662,628.784772076392,-222.484911474636,163.049394221375,-242.991382864277,92.6217406745641,378.491831408123,169.9331360094,123.472127402866,509.443633369082,266.749867915027,167.594808887884,-235.28068668649,471.857449583955,448.915684870798,-138.127246950617,-581.551710703885,433.867755577402,373.00699591922,2024-10-27 00:00:00
342.2415200317,530.335640946125,627.731794855576,-211.660698533491,158.91561056227,-253.712309400798,91.663879231526,379.268339051003,165.826999578454,120.349582340872,507.771929606909,269.527543320833,170.135331782194,-234.755496289774,464.329542527074,452.33774359218,-146.684212159495,-582.080421925398,435.939285156948,375.005377858357,2024-10-27 01:00:00
343.301236165027,528.13078155773,624.167498773214,-208.057250673224,166.726038493199,-254.644705335984,86.9347752673793,381.457086015411,156.863998048418,120.804644171478,510.918608808237,268.653741264232,168.997951650381,-244.79028235299,470.463277182263,448.026032891613,-149.649219824354,-582.780082151253,440.157626140931,368.733188047696,2024-10-27 02:00:00
334.343859192815,532.469276759675,626.870365175797,-209.090499691315,165.214205385715,-258.629553807164,58.3967735459894,384.452365916477,151.679230187164,109.107802575607,511.83686976472,258.076261424026,160.209634037765,-249.276323087938,466.950520909434,447.264757607798,-156.904691087178,-584.966812440517,442.25089293046,372.94408783002,2024-10-27 03:00:00
330.196082869461,530.662913837972,625.360069721237,-208.481138316038,150.060534142859,-254.210224246377,60.3352659680242,375.274156518195,152.123175683888,108.00078456741,509.260126329183,262.85719842983,155.28967084098,-243.543127739494,463.681198138439,440.534591508811,-165.497991973549,-584.684763730714,446.126841618247,370.131107100968,2024-10-27 04:00:00
341.571587732612,533.4882985181,626.768543985831,-211.681121489769,163.638216573335,-258.504795966194,59.2325431723253,380.002177596147,154.458702245754,110.62708832853,512.881371563518,267.195963380295,151.34786974706,-238.070977014099,468.395610796876,438.329596403166,-177.782424836732,-582.860532947312,451.523962457086,377.392054399101,2024-10-27 05:00:00
344.62963452062,534.419270579744,629.06849137089,-206.168058546374,167.310167642988,-258.363753913383,76.4258722822078,387.012859158643,160.111891539126,113.377566690665,509.568284260397,277.84488171419,163.425436607448,-229.002057183028,465.836845748782,446.621013789357,-180.890948915773,-582.420240585429,456.174234437193,374.737653374547,2024-10-27 06:00:00
340.44803186157,537.301578440284,632.47473765537,-195.290470264775,174.022882410785,-240.790622068819,68.0783850888255,392.108834954381,177.013273305936,126.368766694718,516.942732901343,291.642483663414,172.254532298397,-214.980979954373,469.003611258441,459.130933350908,-178.720474984051,-576.931630669956,458.394185485282,371.970558844808,2024-10-27 07:00:00
344.714092276637,536.114171606801,629.396034845974,-190.954289932345,176.1578808874,-231.376307285983,56.608329080655,402.320841560147,187.041603002558,127.40021787175,519.987427860836,290.859448849429,167.76610420421,-214.769893141651,470.12436671691,458.560291453096,-181.656507949121,-575.691178222714,451.244620304975,373.908497559622,2024-10-27 08:00:00
335.754470585151,528.356612966993,616.856136814576,-203.065915878928,160.981031214743,-248.032483739624,-17.2170228182937,395.827801666194,171.237207781864,103.929819201179,506.555502740352,289.497913496039,157.719111126355,-222.233855002908,464.510634284028,446.47056669159,-194.114820580529,-585.612791929677,441.163427113145,362.048010562756,2024-10-27 09:00:00
322.245542771177,526.097861904844,613.88783512913,-214.214177437644,127.38395872804,-254.500415172555,-42.6375255646928,385.230525776941,152.474390645567,92.7901454058029,492.750105803834,280.108858214166,151.483862135961,-236.689156050341,460.159180627528,437.035607795286,-209.554184262984,-588.677530815882,428.977585543445,357.449438711835,2024-10-27 10:00:00
309.761278938648,528.653240946168,606.155124633937,-227.608921353277,126.310585070134,-265.396293330618,-67.3273737768249,386.306707351615,147.479399339367,92.3415353442749,492.770813089085,274.482437832029,147.923119690857,-249.176081464052,451.506455618107,434.635515274039,-213.711238293445,-594.24565982105,425.894514721863,348.085394238713,2024-10-27 11:00:00
307.407242488068,526.568610225562,607.594329975267,-236.097838465076,125.613349428383,-264.199236558649,-64.8511433778139,383.320659148757,136.482203026411,79.6278281570101,492.005344374151,267.601249239765,152.010646257831,-253.559305216185,449.577944741453,435.550696533297,-213.242077210023,-598.459051536416,422.320294664752,341.130467161031,2024-10-27 12:00:00
311.67223584153,518.67762327459,604.576315580241,-236.295310395123,132.546704490213,-266.914844359086,-69.0996195743885,382.184976085455,128.384062821769,80.7587659960266,494.997818041787,263.441626693493,145.149036541458,-255.553067164327,451.125754138694,438.337415902793,-217.658929791607,-593.38613754781,422.723706726965,337.225363786915,2024-10-27 13:00:00
313.859580787257,517.420394051375,599.909875604896,-237.336036192763,127.587069023087,-271.812475047691,-75.2779325624997,367.610625399657,136.720890529956,86.2696020164775,495.286629568347,259.774422400932,128.068338561812,-250.709215156959,459.777547428309,445.923332581773,-221.84313416723,-590.167956809738,421.755804925129,333.158953778692,2024-10-27 14:00:00
307.052821852802,516.82221981233,596.439508088122,-242.338732187699,129.562673803585,-285.936722682236,-60.7181804903285,362.919413117187,125.535368940169,82.1929124919986,489.730513119565,260.878880013502,125.012209193106,-257.200788538928,456.532694964134,447.720583704221,-222.943554664234,-595.950565775382,426.604847125432,334.075548261906,2024-10-27 15:00:00
301.327842877088,523.142651048489,596.372701196793,-238.923912050396,121.288128357266,-290.275410497173,-61.2782624863248,366.324268521309,122.583445275246,81.7605748515644,491.342211870521,255.506172200979,111.781364464211,-247.30219792361,460.336689747309,447.820623883635,-221.323927272451,-598.661146461981,427.084344562317,330.094975817622,2024-10-27 16:00:00
304.329272374859,525.217175982331,598.886892400921,-241.251818306697,128.854882544643,-281.722035458023,-9.53571036859806,374.099524033588,130.638452134985,88.1224127624375,493.753314306604,253.580276082794,119.259150454417,-246.327419958715,463.548645794882,447.218091256057,-211.87580432625,-603.541043119059,428.623289741683,334.652799512619,2024-10-27 17:00:00
314.059552678816,535.624904939419,603.422612033109,-236.739947505834,135.628857166395,-270.411428718234,51.9234871699589,384.507762627303,135.937969771232,99.0455792532165,504.541661035899,263.081148453861,117.954318054711,-236.996564676774,471.124014577669,454.999331446082,-206.31306562276,-601.093926385996,436.225888472833,343.245460969152,2024-10-27 18:00:00
332.149274093198,549.346942577165,615.585903863503,-209.871543859599,166.527457252078,-258.934671728283,97.8582816369214,393.742380604501,169.088780671163,131.862549823863,516.774184590829,280.586678930535,140.70170882254,-220.081972980429,483.667224802497,465.954014829569,-195.406667653483,-594.005836812417,453.603602523691,356.53494529226,2024-10-27 19:00:00
346.748433443445,554.175015454713,626.004426398255,-192.18023199856,182.330873278835,-249.837865258248,104.658951421299,412.485188875633,189.026943121815,165.329356332719,533.16419755931,292.971876406601,170.710597661849,-204.369835038159,494.039879439309,473.097908048704,-181.810584938526,-586.255296098808,467.952848927602,375.056570054103,2024-10-27 20:00:00
351.294600948762,558.898258514102,622.227236694543,-192.737079076654,167.456471642905,-246.376873344269,109.075679005584,413.663625221934,172.0134195304,166.593728331045,534.296878858107,299.332521226326,177.524298225618,-198.581079600491,486.934014282167,477.830040951121,-167.941527689671,-586.294937188164,474.472197861472,375.309791198875,2024-10-27 21:00:00
337.488764644289,553.78849524327,607.946565537314,-209.963765402386,153.159484162569,-266.272599862456,67.2428786335576,405.457975521084,153.385291653259,146.641746872505,516.387040079478,288.48360643666,166.006710431727,-213.185077445975,473.651236997977,472.416200263168,-188.653788815022,-596.554222103534,459.287852823204,370.611209234996,2024-10-27 22:00:00
331.909275810875,553.202577610875,606.332630726666,-211.518155210133,141.750910585834,-271.908317659751,58.0022229185786,400.752407915597,148.789085997402,142.562557097661,516.297434465511,287.071207556673,156.795228523618,-219.130029649286,476.658906539689,472.038444831904,-203.855418759407,-599.486788658728,460.425862362674,374.332439938019,2024-10-27 23:00:00
332.251741414942,552.181300677347,601.298029708341,-215.412695869933,120.135255321543,-270.804603480833,67.7778877929451,401.158582852132,135.567380122111,144.581706940253,518.133159495706,291.837286278432,149.635770735745,-235.811703281202,469.311001074417,467.442002060733,-199.656013565523,-607.079577081102,455.7015256595,378.52491035902,2024-10-28 00:00:00
333.862425876473,551.033586134064,598.761482736128,-213.429254891876,122.172574426792,-281.601909810996,58.0018062902464,400.464696050647,120.762209057844,127.629717367759,520.857458979117,289.987900228016,137.427030989931,-241.566037852496,469.226930550103,464.499985829407,-202.014062319377,-609.579876940176,456.244015603311,383.529245876158,2024-10-28 01:00:00
326.66517526514,549.583364423685,599.099534253914,-212.946935146773,138.655132086208,-280.155120986888,47.4864071736551,393.200212692564,114.864540109612,122.947788578129,517.73216350929,294.867990748624,137.914748735925,-249.672685096658,464.819969795886,466.851925840556,-204.350374750512,-613.278869766601,458.396299140727,377.131223405058,2024-10-28 02:00:00
321.4436255233,547.855571918561,601.747366656843,-212.786198106321,136.314189461042,-281.520121435521,-8.12223755319768,395.322718853731,115.90148380233,104.135595067757,528.030856399601,291.033434148952,137.967727234749,-255.570200358133,461.712468698174,463.664795685461,-209.054145633918,-623.398082317755,462.789155347394,379.704127560269,2024-10-28 03:00:00
324.264897282262,551.653325696148,601.49321882135,-212.153996151672,132.326451368235,-278.94193819212,18.405541197325,394.510981286309,114.155570493854,99.9488394899687,531.572308804591,284.423744612165,143.431157410489,-247.006835405223,459.873548827801,462.427185790582,-228.498106960076,-625.354152038474,465.535809283946,370.142719788993,2024-10-28 04:00:00
323.557160357665,549.734125599946,603.183306261815,-215.026750122526,130.842732511552,-277.152742063826,49.453685825134,393.000783897812,125.447727567312,93.3921417371129,533.901292016687,285.918405956675,139.596739940433,-248.550020645354,468.041860114035,461.429781126289,-235.896084465165,-624.235268182187,463.7790095777,372.516760360317,2024-10-28 05:00:00
330.407995912533,547.138132900812,603.24546386643,-206.26435566416,146.171381053639,-274.102463159436,43.7757844426374,398.554555148775,135.243729327651,108.054707979319,537.362759121642,292.090948181704,148.515985702962,-248.69466847759,465.868023287654,461.944500821932,-237.461528097644,-627.743983727045,463.704823493694,369.71647729409,2024-10-28 06:00:00
329.780976716391,555.751484185812,605.392276565398,-201.894051991025,156.379888516546,-256.916449354354,31.0365802830963,403.095114097258,138.869918563626,119.209806146042,543.875998126071,299.241579574825,145.873026229285,-232.031063435014,469.023011019652,481.660996711859,-232.543672419683,-622.067625579337,464.669862326375,375.862795815218,2024-10-28 07:00:00
336.375765970203,552.759081425227,601.420872577845,-198.662217398437,153.653625089957,-251.011116363137,34.780564144314,405.47346433663,149.978075092799,114.612367668417,551.725684054738,297.827077623953,147.040622485413,-227.620101812839,472.841664257254,488.211396202792,-233.002228302293,-617.123148632146,468.358029595095,378.191104045232,2024-10-28 08:00:00
329.224502925501,541.721461141214,590.13834837736,-212.409282568632,139.880038127586,-264.522536933247,-7.86255315349826,398.389752597798,129.137402646369,103.554836708071,540.168788272206,298.253019688815,127.983278750471,-236.889327624305,462.148604761747,474.708774147528,-239.135857519272,-623.05293120766,459.627716907313,369.034035648012,2024-10-28 09:00:00
322.907734063296,533.919678456908,588.894412007189,-230.268068012898,111.262805812633,-278.520245258173,-42.3740740593592,391.212318948339,113.837290907209,94.2922142171539,530.087909056079,301.56598068694,107.64205313653,-254.786392779256,456.116802643553,469.393688906066,-249.126867960633,-629.630151290718,450.199058303796,371.437465388667,2024-10-28 10:00:00
318.172448544616,533.186888469636,585.461374452832,-235.194473328914,107.766702651308,-281.738612260311,-60.3184531599059,387.165927355189,122.476685957652,79.9535101790125,527.526075798544,301.377190111166,92.2435838663625,-265.800783330543,454.848336686117,462.577510784407,-251.250402708671,-635.15984171819,448.759837208947,368.498519461035,2024-10-28 11:00:00
319.046826306832,532.637904354398,584.289983200724,-241.218982769281,102.314703834935,-284.821495999528,-69.2135764299502,380.10631032175,119.127608134569,43.0344300687154,527.361288767562,294.538395735585,92.767470629358,-269.419850905058,452.082331261683,462.073524243371,-248.892832700302,-639.125067678433,444.948098564361,364.693808364372,2024-10-28 12:00:00
325.509211361409,529.815822450975,586.527795774522,-247.855188855107,114.069446687142,-278.653337136089,-68.6935420480023,381.09343676301,107.176391622349,50.4004011989801,526.021249831127,293.950674822936,89.4597825841104,-258.946069741459,451.908516168788,466.200180719143,-248.737125159461,-637.165236335885,440.803588740139,358.66189495124,2024-10-28 13:00:00
333.255346692291,531.967155036602,585.831586221914,-252.122275448218,107.6523962985,-281.491879725305,-76.6974505568249,372.493589807018,99.2458264698281,50.8360349653323,531.778573299113,294.816358503191,88.1145312260425,-248.74279400121,455.11553899989,468.135232803173,-248.259007016976,-639.081963859521,443.976304845078,357.099681253573,2024-10-28 14:00:00
329.399419275979,532.732801705763,583.394833631341,-261.548248679673,106.577136235904,-300.128887883022,-54.3606370929676,367.013603226869,97.6573447944036,36.0296140499323,526.865352256657,301.972184821712,70.9930376513443,-254.145478734579,455.770426342324,471.065397790716,-247.796132760724,-638.143515905041,441.51870419622,366.170213339398,2024-10-28 15:00:00
317.398858198911,536.210184492702,587.671124501298,-255.352165238024,106.63950383764,-296.604648027454,-53.6770461749114,374.819541227713,106.40145966582,19.8416997694476,525.001073668083,299.206741940082,75.7851371991737,-247.553327712372,453.912900351442,476.204303926852,-243.585780238557,-641.071197659669,440.890991710774,363.010741271592,2024-10-28 16:00:00
319.598648117016,532.215805083969,589.165595774789,-241.799952163874,120.013531927022,-291.89874092187,-64.2955303264891,381.45051805282,122.817423865036,14.1546050295053,532.510275909737,303.594903344327,78.8667330894527,-249.173789155253,464.243438494818,471.041887189375,-240.513909087593,-639.424769383959,440.291746945821,367.963979345775,2024-10-28 17:00:00
330.038056340844,539.309521389387,592.31602470686,-234.630967649509,144.387688017421,-279.488762641192,-34.7307700162927,388.355422949224,144.951334175442,25.7609391357943,535.547836123529,322.59840765214,88.4542583420341,-243.977655046563,478.186931329655,473.769086945127,-220.83216543098,-629.111701328514,444.716453826404,374.737747825456,2024-10-28 18:00:00
344.55630887494,551.59782885441,603.594550425866,-215.645644605269,177.490106847348,-266.31658110238,30.4202280602033,393.224431151684,174.122317697744,68.6142564374364,548.759120231367,329.601009734837,123.049267120498,-226.097205662738,488.598687909635,483.86130280415,-197.855941727902,-621.585841956476,455.378644307883,384.444723074189,2024-10-28 19:00:00
362.638194765142,561.336901362849,614.968921194619,-198.384096257254,200.337003629141,-252.192994367985,68.3777726760633,409.878296042639,194.252448133119,113.285151617834,557.762777839162,346.100439745933,137.243332386517,-217.419392519153,490.57077481019,495.274697291849,-188.500665142094,-615.569310656575,466.620903899251,410.061876197308,2024-10-28 20:00:00
368.528882603772,562.805067806636,617.592339726924,-182.847405805808,186.15642435721,-253.222511769351,62.6899090669939,409.471917861429,192.376989684875,104.959474692188,559.763189501376,354.146674996966,132.714703892288,-217.113880331913,492.180062904488,496.76791010677,-174.27560525286,-610.193909851458,466.729728195259,408.828375431742,2024-10-28 21:00:00
355.04617437677,552.893341509435,605.66526463153,-211.298814355169,177.708045618871,-276.266057667039,-9.3918323225109,403.611792930131,183.613023588687,72.8028861160392,543.659723978934,343.332567462824,114.188768899036,-235.098003961528,482.836216388326,484.576048476051,-187.656642576613,-620.441641862315,462.34402412319,403.830879225313,2024-10-28 22:00:00
349.411290775622,547.283819933167,601.955985727835,-219.346401988688,179.508814532131,-277.135680083774,-28.7653359142756,404.378445821119,181.263436102553,73.8066214458179,542.386265709707,343.954302022652,95.4601664367593,-245.408071463082,478.771154557859,483.972686998022,-198.229642830852,-621.513541093006,461.927707609953,401.977193021148,2024-10-28 23:00:00
349.253533752845,548.536624039788,596.071975633973,-227.413163922823,160.830392086435,-280.476593846145,-32.4615484539881,404.371385557924,170.569752336284,75.4751606293163,547.264791912177,344.608272792244,86.7016211456166,-262.061378878688,478.027766959491,476.63138810509,-193.502777751322,-628.279176643962,453.765938625033,398.994301449825,2024-10-29 00:00:00
345.401081628387,550.832825804084,596.240582794136,-229.13993199355,155.56361282979,-295.241449870768,-60.7508345271792,408.968029529086,157.12399807949,44.6857412876542,547.136372943471,340.340175243726,70.4322641266222,-253.266545128425,478.055811951396,475.1103268573,-191.643797671411,-630.486219948237,455.284060964379,399.085827678181,2024-10-29 01:00:00
344.18293264687,553.087529575631,598.428113410838,-228.926945916189,152.569462801127,-290.963014710443,-80.450350077719,402.843667302658,152.511541426809,53.1261113564644,543.756039660164,337.120999166712,68.5900711685693,-261.121733980102,474.678537113639,479.400051895858,-197.992107048213,-630.848590759646,456.834536909789,394.144331920697,2024-10-29 02:00:00
332.066178479947,550.766156981092,598.298572097041,-230.230725051537,150.89604941682,-293.338246235229,-97.9662108417116,396.414330034273,147.366192352267,39.8024836019583,549.737207363364,325.625286010145,70.6735805135589,-265.578072047306,475.917648587199,474.101659452615,-207.951897578267,-635.843113554002,457.660368195489,399.891959593716,2024-10-29 03:00:00
328.157536308132,552.911043372289,599.681480045081,-223.155787374972,144.376627504055,-283.391580623065,-83.5423658855744,394.902827546865,147.862322864715,49.2534830420904,549.006155495412,326.988067236745,82.9158545460901,-263.052677525409,471.553557344384,466.675825068972,-212.387621106777,-632.568924489612,456.639434317104,396.884305345272,2024-10-29 04:00:00
326.083123160693,557.74069707251,603.744513528771,-224.993633805646,136.899504913544,-281.604731397321,-73.7694670052224,399.497868536151,150.674624123569,42.0336184824708,552.295750389736,328.969184486497,80.216811928212,-255.01129508091,476.874840406548,472.256235683455,-201.226948971296,-631.916277384331,459.612395119679,391.886232779398,2024-10-29 05:00:00
328.019210806553,558.138621997122,602.648268785571,-209.97521581654,133.754681660322,-281.845933322375,-54.9790669383801,401.777510391246,147.962236231872,47.9337317496258,552.222435541758,333.871020881411,93.4022350250169,-250.015575092801,471.929358887183,479.37156871982,-191.923394820641,-632.027413313722,456.444669686603,390.552499329705,2024-10-29 06:00:00
327.927189658544,563.907632371874,606.687615055581,-196.352956711575,144.652709731349,-268.777970203319,-42.769792263718,405.991175575589,161.968840577827,66.704429477283,565.802837479286,344.262394916668,98.1240138527218,-234.714000093099,477.821053688076,497.383298183235,-186.469877399617,-625.446368517536,458.166733049023,397.607825071017,2024-10-29 07:00:00
332.807043168297,560.73990059363,605.113990481495,-199.111937134209,140.066710575528,-255.668250022411,-55.8028677522427,411.874933184365,167.570886724846,70.5644935253327,564.139351402096,342.579369229383,100.747160763326,-225.605999125834,480.714320675982,497.484037769893,-181.993184982111,-620.740379906053,467.450701031081,401.019051498904,2024-10-29 08:00:00
327.677289305983,548.93154847931,591.97404290246,-216.391470938799,120.456157491194,-275.273693175197,-71.8868256318614,401.243763118064,157.056393958328,29.8385704444963,555.417323950727,344.045493419028,80.1960848479193,-239.358840920537,465.52732477365,489.629483521441,-177.965713596698,-626.286877160813,452.629471626703,391.692295463815,2024-10-29 09:00:00
316.741332510354,545.806723931331,591.310312166546,-228.778302124814,104.04061306668,-283.183942316937,-101.605628252076,388.834463369057,139.01016685983,-28.774546143984,552.144574853707,341.140023257539,55.6369544027622,-255.255033735292,456.560131737117,482.346068202063,-178.501696449327,-634.627353825697,445.883071175264,393.273880153009,2024-10-29 10:00:00
307.861958288385,542.017130761079,590.447033988319,-239.572847651888,96.8396018221378,-284.550027118075,-104.312005932342,382.875356818917,124.967494933782,-42.0493360128242,549.194619994987,337.173369619921,44.7440772609246,-258.160425513365,455.328615789723,477.799627300514,-179.754923906414,-637.040721641597,445.11721744719,388.34663992991,2024-10-29 11:00:00
301.681444183266,540.713791350197,592.466184993109,-243.646040441473,90.1782352077088,-289.285387969632,-100.103844215464,377.087096283659,115.106843184375,-53.5069963640609,544.446276266859,328.184924762015,39.5694492390885,-254.551647175152,458.765824792738,475.458395660899,-178.455320431386,-639.111565875546,450.087381004061,381.156722958686,2024-10-29 12:00:00
301.228116817904,541.622533136948,598.198904346044,-241.263751608055,100.282974961305,-283.994414058578,-99.0892753922281,370.812670589547,112.308479189502,-62.1083768766006,540.885919039265,320.221460351141,30.8939028911245,-249.68652586702,458.268148839792,479.031111921306,-172.665086187847,-635.919031884276,447.628475415476,378.706760052721,2024-10-29 13:00:00
301.650333968993,544.680222931096,594.503007538095,-241.352627828137,87.7502910781843,-287.972670900515,-98.3328442356217,368.835606925819,111.882233474352,-45.647972818314,543.104002116006,315.691709651323,19.8935558103922,-252.388300616098,460.456369763313,476.263810288029,-165.010654528949,-638.230145398184,443.825108703747,375.513074238616,2024-10-29 14:00:00
299.650318233038,548.293099648479,591.033241796432,-247.454118709291,98.8520455631588,-295.856289076465,-91.9479788900959,368.477143107261,97.4531174367981,-52.2263630427813,543.083945807791,318.70024880458,-26.2293597781431,-254.253349832471,467.661407912246,470.431836206593,-168.969070466702,-632.711272483105,441.634796546348,385.25588550404,2024-10-29 15:00:00
293.855804409582,544.567169534312,595.49024447715,-248.001270303936,106.821904113078,-294.532480773144,-92.6302755253621,375.093549974262,98.9045417080292,-62.798237384681,545.125778444145,322.248939737773,-13.3034672924502,-255.586472596279,465.027166761205,468.186871020179,-172.369664231983,-630.036359719815,440.772469612456,376.558883209433,2024-10-29 16:00:00
287.100799722728,543.932521103294,601.544316990762,-249.637998634453,123.974720777718,-278.325969334087,-85.0410558814977,386.847004840433,108.902748803536,-48.0639965835075,550.351605371621,322.143438084629,22.212876978245,-256.634322775135,467.293412870108,470.618620992991,-168.79860535776,-631.716684670309,438.612217232969,379.287555289476,2024-10-29 17:00:00
296.572292534611,551.698990842104,604.470831014751,-238.323146981529,136.833917218726,-263.96981973445,-71.4791390436876,398.505608567876,134.138400642112,-1.45108000837238,554.075947484034,328.551882390994,33.7397829169249,-243.434688450337,476.505903978878,469.97563915285,-172.078257689421,-626.816133042203,445.272176674746,383.738654896024,2024-10-29 18:00:00
317.289023567292,564.72356078339,615.121059359306,-214.761495410682,153.282102291708,-243.697859571062,-3.00516548676588,411.827395084298,169.728593026146,59.7811607469043,562.218069422569,338.705355730531,79.3053312848714,-233.03000137796,491.565718509841,483.619326540444,-153.697804374358,-621.378678916736,463.634571811555,399.098823551683,2024-10-29 19:00:00
339.430305586131,569.902947138257,624.414549352847,-199.45970056225,176.570564620468,-235.491781972711,58.6256277667546,424.74460779501,193.804910996027,105.467153084369,572.008936381264,348.794061481921,92.2887164158334,-215.675745989494,499.040792470349,497.023930557772,-145.296554657696,-610.22026204311,476.500084317027,411.646617546927,2024-10-29 20:00:00
339.164922097569,575.957799429528,630.849248077022,-191.0001150056,174.904491270354,-242.735591681256,62.5515126567104,429.447529296635,194.327639550133,95.7088940297019,574.134822533768,352.24757112555,105.814427658063,-213.659843240821,499.852320940214,504.215206115088,-131.797107655766,-605.422246599718,481.980444186682,412.880165756887,2024-10-29 21:00:00
320.190783821679,568.505641659935,612.899911858166,-198.482570364504,177.119016113607,-257.288166583241,-22.9015549270452,419.656479968765,176.68086134647,71.1246975101076,561.292688253976,344.639040180321,87.8830280972749,-232.52365920264,496.6591138528,501.109407522398,-164.212993316708,-614.216427336803,473.973354395253,404.845055577748,2024-10-29 22:00:00
325.370693126796,565.644402147113,609.810265830762,-193.424206893488,186.284099620206,-269.195171366929,-40.6263571197018,418.745648944086,177.764465644107,64.3494840229497,553.028532195405,333.152271944908,70.8535456455846,-237.072588177775,494.997734436934,496.783906988107,-184.204194676319,-618.574118861901,477.864879698367,396.506649332571,2024-10-29 23:00:00
323.580651955331,566.312374079442,606.905308787825,-200.022511390173,169.232340800895,-275.981487569376,-53.556991413337,425.625982677527,176.628406295785,52.6055729174846,555.733908874948,335.069886896929,75.9628783768221,-249.363345671016,492.461861462338,494.729064228266,-179.131762799588,-619.349319990136,473.586402632596,392.331962015843,2024-10-30 00:00:00
319.950780222486,564.827465335247,603.404486668224,-197.903778650768,160.125415570787,-282.43823003847,-71.7683056320464,434.688202614807,173.260501819978,49.9556211794834,553.981670445316,338.834925012148,68.3684877251221,-250.3533992945,490.864039763431,491.541697217691,-182.660681915755,-617.599312846706,471.953079663309,395.468049653372,2024-10-30 01:00:00
321.279911687878,568.251075097701,603.39027681907,-200.260049379007,165.858263870682,-280.783868495141,-60.0397927400411,433.652166044052,176.067384175178,52.3889693701657,547.232328021079,335.142067426322,58.4995780937784,-258.631368448917,497.90725658103,491.907521688186,-182.780728634933,-617.130732436898,470.80118239121,391.022519794795,2024-10-30 02:00:00
308.103244182436,571.052918888265,599.162974282832,-194.76173742608,176.476766970723,-279.707885685186,-84.0869661608968,434.673505582009,172.458326962848,18.4210864291562,545.895913334048,328.413538602387,36.6301689270706,-263.071638407282,494.828846323954,492.604616651065,-180.658023527084,-615.502695965487,472.387442944568,394.097836580852,2024-10-30 03:00:00
304.516519788764,571.603930149338,604.380137679579,-194.891061444502,163.009004700711,-270.791923877289,-88.5105086320552,428.763037253381,178.980339632386,33.8925550217592,545.311294609018,332.63268209194,41.7859135717109,-262.430048494545,492.949947328381,487.920352773915,-177.447594776765,-615.348178829549,471.40560513712,391.892430123498,2024-10-30 04:00:00
300.613038628271,576.905082987667,603.384904798808,-197.272560318139,159.521838086956,-266.72426280209,-84.8324506808761,424.350199602154,190.594283328088,33.4801689849998,545.882218450264,335.607840731781,48.9995859173951,-257.816598083523,500.811645363378,491.136257335003,-179.887672570072,-615.395814536675,475.626979546105,385.564285548248,2024-10-30 05:00:00
302.279568152579,578.302557185894,596.701919586619,-195.968125684236,173.688587975203,-263.748680116877,-80.5743721881474,427.640107060638,184.83146123749,50.0762300335025,540.521192945365,341.898507616034,70.2512259224257,-244.203216142667,495.238131598675,500.146664580379,-176.439162637689,-622.027181146878,479.204783413919,387.63464294025,2024-10-30 06:00:00
305.387865850549,586.928612383773,598.58665466154,-179.283472363751,192.897121299081,-245.651314393799,-81.1650126913088,433.649090074039,201.760501297632,75.404140147478,548.357409541923,343.15250898444,64.3006384271615,-234.630349938958,501.873060775804,514.599351403049,-153.969447522988,-620.17701083266,484.796104128125,394.381366430715,2024-10-30 07:00:00
303.257869478918,585.203413815305,597.689602850547,-175.988397810494,194.95398603,-237.036158387405,-90.0746533841866,436.425833280629,211.257195432458,66.1928971607847,551.304729133778,340.762306192705,71.6197192157903,-231.51318330124,506.518909782775,512.729042548806,-146.969448457393,-622.129983550907,489.657000903503,403.475960870896,2024-10-30 08:00:00
296.392218765412,579.846982028051,584.534082226376,-194.089960807383,170.914870285512,-245.88324335671,-117.662495220255,424.148305034449,199.304893211472,32.0772264640682,544.880643828281,335.705133429242,42.4886604204024,-245.642089798825,495.665783968033,504.339765362912,-147.198362899047,-635.011118051063,486.643997491154,391.287372397807,2024-10-30 09:00:00
288.576200963009,575.930196494453,579.980717230972,-207.768178752872,149.638396505636,-254.654771082633,-127.986493011485,410.744257313864,187.260948064094,-20.1011591690779,533.726139328265,334.294260263817,12.1387787997469,-253.388371715714,485.179500537647,494.922748101583,-149.774123242181,-650.447842909266,479.892969921272,393.148870976996,2024-10-30 10:00:00
278.63519214089,575.098736971226,578.062833951157,-217.264918011903,153.023688351199,-255.417982455149,-135.867491269726,410.658127707997,177.365513883818,-47.4328375218535,532.730192332441,331.765237948162,19.0784434594453,-260.538805986117,481.225877625561,489.327672896389,-158.558661989907,-656.859405495315,476.51337246356,391.382982587969,2024-10-30 11:00:00
276.291041576046,573.34930851193,574.699662959038,-214.253945950718,160.730587090188,-261.847770730024,-132.219262915436,409.774224947584,162.107127038759,-82.9501067248352,535.760195013417,328.886974329977,25.9129080180545,-257.727585831589,482.961756901162,492.440326993954,-155.33147173958,-658.537044724149,477.554215024887,386.242780385782,2024-10-30 12:00:00
280.077753304092,569.999688191945,577.049212615722,-219.354515016048,164.95508921982,-263.131865988951,-141.35090452638,407.257219938973,157.339493222175,-90.1632955282319,530.937026416501,327.659581125703,25.0062748617557,-254.288903564953,479.108456359733,491.423950768422,-163.16033649795,-660.15444229434,474.611012656401,379.55900907253,2024-10-30 13:00:00
285.127958447859,573.937435955307,575.745122878142,-208.836343924165,156.956262181338,-273.230338249744,-144.621047761946,409.868331415529,157.771246813695,-81.2610756004542,535.675355060871,319.270218552053,-16.4579531573676,-256.781843215257,484.281334874377,496.354396782285,-151.832235147025,-660.984809507364,472.438630305649,383.282694076376,2024-10-30 14:00:00
280.767975273599,569.484530799379,578.261086959894,-217.286553338003,161.961262484501,-279.670230386462,-137.609010155343,408.355083319892,159.783882746037,-77.2891221081957,538.323240251815,322.142170656837,-23.7019671292661,-257.335269250499,485.17080943326,497.252229650132,-154.761502669253,-662.963755595453,470.047368875776,383.564194081373,2024-10-30 15:00:00
276.177680424839,570.459290434438,583.754984458544,-215.882345340992,164.385930538092,-286.279550463529,-135.464757280284,415.163537060228,163.999591044213,-73.0980474007392,536.573796431837,325.289661594248,-46.8091122305399,-259.82065671393,481.139511627686,497.607066407477,-157.258260699317,-660.855838721451,465.77605808881,384.995147496748,2024-10-30 16:00:00
276.197968582257,572.811983442668,593.671469564701,-223.393613516874,167.038934714071,-278.834885137004,-124.984065694405,419.819423619602,168.616032645881,-56.8585424043209,540.600140388215,321.32118838574,-22.2290074058596,-262.082363590496,490.965405712022,500.03708779803,-154.249407233108,-663.63176605897,466.770950782674,390.302583630299,2024-10-30 17:00:00
292.437130346203,571.97123568327,599.061677988675,-216.483697086662,181.525287442292,-267.907215742246,-118.934485921838,430.127299913876,191.250981657677,-32.9633488079925,535.500743175176,320.727420677633,-13.4533531625875,-256.134946442498,496.814860534381,507.904470540879,-133.537738644568,-656.144718646597,471.916620073645,391.556970206123,2024-10-30 18:00:00
314.426519977847,584.229967398531,610.70043446062,-191.039307410764,208.746228846646,-249.856269081724,-93.1070975473272,442.043258105677,215.493477771582,46.4988115810685,538.666102474137,334.771676572036,40.2631577937471,-235.642160828614,509.047358965277,516.422021103676,-105.797579212177,-649.440229209386,483.210511311661,405.845895866459,2024-10-30 19:00:00
336.032536750077,585.59854384484,615.056631763243,-171.944913003746,226.563858960494,-242.563690042539,-69.6596717268034,455.789374195361,230.165940206735,85.5299871982653,552.703564111305,350.062519073736,58.329765891162,-209.050513513051,517.413958492912,528.133260955929,-74.5545035134403,-645.006641446438,493.26929919765,430.596789923248,2024-10-30 20:00:00
336.653934744396,591.699909685735,614.434694636734,-164.856421921267,226.666018866899,-246.210866476268,-71.322007400588,461.432018558174,231.981898587426,88.6541090065798,545.99542834005,349.914775586834,68.290523905833,-215.250922593229,516.285427138288,528.123552815554,-60.0332570625744,-639.981374284213,497.303043005268,441.703895156626,2024-10-30 21:00:00
324.217692891129,582.683839807207,600.858551643633,-184.320802276965,219.96013380178,-271.806779559642,-98.7524730926726,454.926148884331,226.366852338166,51.8564295899917,533.345596678998,342.196177324039,40.8478449120943,-239.710618783393,508.850039181941,518.466647636936,-88.0600678751505,-644.701478837657,482.557937089298,437.283797948372,2024-10-30 22:00:00
323.836939532607,577.209359068731,600.714948677267,-197.280397270106,222.930926881323,-276.39950179078,-95.9791523841784,445.572278255486,219.723087284855,47.9804122899671,526.17454066035,333.117597608642,-33.5412506866623,-249.528280891743,505.676165968928,522.630984222473,-111.031199530608,-647.977753034608,474.991845984988,431.968419834035,2024-10-30 23:00:00
